sample_id,year,analyzer_id,p_grA_w_ratio,p_grB_w_ratio,p_grC_w_ratio,p_grD_w_ratio,p_grE_w_ratio,p_grF_w_ratio,p_grG_w_ratio,p_grA_c_ratio,p_grB_c_ratio,p_grC_c_ratio,p_grD_c_ratio,p_grE_c_ratio,p_grF_c_ratio,p_grG_c_ratio,p_grA_count,p_grB_count,p_grC_count,p_grD_count,p_grE_count,p_grF_count,p_grG_count,s_grA_w_ratio,s_grF_w_ratio,s_grH_w_ratio,s_grC_w_ratio,s_grB_w_ratio,s_grD_w_ratio,s_grA_c_ratio,s_grF_c_ratio,s_grH_c_ratio,s_grC_c_ratio,s_grB_c_ratio,s_grD_c_ratio,s_grA_count,s_grF_count,s_grH_count,s_grC_count,s_grB_count,s_grD_count,d_grA_w_ratio,d_grI_w_ratio,d_grJ_w_ratio,d_grK_w_ratio,d_grL_w_ratio,d_grM_w_ratio,d_grE_w_ratio,d_grN_w_ratio,d_grO_w_ratio,d_grP_w_ratio,d_grQ_w_ratio,d_grR_w_ratio,d_grD_w_ratio,d_grA_c_ratio,d_grI_c_ratio,d_grJ_c_ratio,d_grK_c_ratio,d_grL_c_ratio,d_grM_c_ratio,d_grE_c_ratio,d_grN_c_ratio,d_grO_c_ratio,d_grP_c_ratio,d_grQ_c_ratio,d_grR_c_ratio,d_grD_c_ratio,d_grA_count,d_grI_count,d_grJ_count,d_grK_count,d_grL_count,d_grM_count,d_grE_count,d_grN_count,d_grO_count,d_grP_count,d_grQ_count,d_grR_count,d_grD_count,all_length_mean,all_width_mean,all_thickness_mean,all_brightness_mean,all_length_sd,all_width_sd,all_thickness_sd,all_brightness_sd,grA_length_mean,grA_width_mean,grA_thickness_mean,grA_brightness_mean,grA_length_sd,grA_width_sd,grA_thickness_sd,grA_brightness_sd,measured_count,flag_crack,flag_features
3,2024,335.0,58.4,0.0,0.0,4.1,0.5,0.0,27.9,70.3,0.0,0.0,0.0,1.6,6.1,55.2,553.0,5.0,0.0,4.0,23.0,74.0,395.0,65.9,40.0,1.3,5.2,0.0,12.4,31.3,59.4,1.7,0.0,0.2,5.6,807.0,615.0,9.0,0.0,0.0,51.0,54.2,0.0,4.4,4.6,1.8,24.3,0.6,0.2,0.0,0.0,0,0.3,0.0,40.1,0.0,3.6,6.6,2.9,35.1,2.2,0.4,0.1,5.2,0,0.0,1.3,600.0,47.0,31.0,27.0,42.0,323.0,6.0,1.0,0.0,17.0,0,1.0,96.0,5.13,2.7,2.04,21.5,0.41,0.09,0.11,1.9,5.03,2.24,1.76,24.9,0.21,0.09,0.07,2.05,1022.0,有,有
4,2024,696.0,54.9,0.3,0.0,10.1,2.0,2.3,28.0,64.4,0.0,0.0,0.0,0.0,5.6,49.5,643.0,0.0,121.0,0.0,18.0,0.0,470.0,51.7,10.6,0.0,0.0,0.0,0.4,52.1,11.5,0.2,5.0,0.0,6.6,467.0,576.0,0.0,0.0,6.0,24.0,44.5,0.0,0.0,5.7,2.8,24.6,0.9,0.6,0.0,1.6,0,0.2,9.4,43.6,2.3,2.1,5.3,0.8,26.5,2.9,0.0,0.3,0.0,0,0.2,2.0,579.0,36.0,45.0,21.0,34.0,514.0,45.0,4.0,1.0,3.0,0,3.0,18.0,5.28,2.67,2.03,21.1,0.34,0.08,0.08,2.2,5.65,2.34,2.07,21.7,0.23,0.1,0.06,0.77,990.0,有,有
5,2024,525.0,63.5,0.0,0.2,1.7,1.5,0.7,29.9,65.6,0.0,0.0,9.9,1.7,2.3,32.7,566.0,1.0,22.0,228.0,0.0,3.0,425.0,78.3,54.2,0.0,2.9,0.7,9.9,58.2,24.8,0.3,0.0,0.0,5.0,629.0,603.0,21.0,65.0,0.0,34.0,71.6,1.9,6.7,2.3,0.9,20.4,0.2,0.0,0.0,1.9,0,0.5,0.0,70.5,0.0,1.4,2.3,2.2,55.3,3.3,0.1,0.0,0.1,0,0.2,9.3,771.0,33.0,2.0,10.0,57.0,400.0,0.0,2.0,0.0,108.0,0,0.0,27.0,5.37,2.69,2.05,21.4,0.4,0.08,0.08,2.3,3.69,1.98,0.9,14.4,0.17,0.05,0.08,1.41,1003.0,有,有
6,2024,558.0,68.9,0.1,4.0,3.9,0.9,4.3,6.3,68.4,0.0,5.5,2.8,1.9,6.4,57.5,522.0,4.0,0.0,18.0,25.0,45.0,490.0,66.4,34.4,0.5,0.0,0.3,3.4,41.2,59.5,3.2,0.0,0.0,10.2,550.0,384.0,7.0,79.0,0.0,123.0,88.7,0.0,0.0,4.6,1.1,29.6,1.8,0.0,0.0,0.0,0,0.0,11.2,65.1,3.2,0.0,0.0,2.6,43.4,0.0,0.0,0.0,2.4,0,0.5,0.0,460.0,0.0,46.0,15.0,5.0,339.0,18.0,5.0,0.0,21.0,0,4.0,103.0,5.41,2.77,2.06,19.4,0.48,0.09,0.1,2.2,3.68,2.41,2.2,24.9,0.21,0.08,0.08,1.33,1039.0,有,有
7,2024,251.0,53.6,0.0,0.0,0.0,0.0,1.6,46.9,57.3,0.4,0.0,4.2,0.0,1.8,37.6,225.0,0.0,6.0,58.0,5.0,60.0,284.0,62.4,30.1,0.0,0.0,0.0,0.0,48.6,34.6,1.4,7.2,0.3,14.1,374.0,578.0,0.0,39.0,2.0,0.0,78.7,0.0,8.2,4.1,1.5,38.3,0.8,0.4,0.0,0.1,0,0.2,5.5,34.1,1.7,2.7,0.0,1.5,34.6,0.0,0.4,0.3,0.0,0,0.1,10.8,643.0,31.0,40.0,0.0,4.0,245.0,7.0,7.0,0.0,47.0,0,0.0,56.0,5.27,2.74,2.05,21.0,0.25,0.1,0.07,1.7,5.79,2.89,1.82,24.9,0.28,0.08,0.06,1.6,999.0,有,有
8,2024,195.0,47.9,0.0,3.7,18.1,1.7,2.8,42.0,40.3,0.0,1.2,4.3,0.6,0.0,39.0,788.0,4.0,0.0,0.0,0.0,0.0,254.0,60.3,50.8,2.5,0.0,0.2,3.6,31.2,35.9,2.1,0.4,0.4,3.1,513.0,289.0,35.0,79.0,9.0,85.0,26.8,2.4,3.4,3.7,3.0,17.5,2.2,0.0,0.0,2.7,0,0.1,0.0,67.0,6.2,6.0,2.1,2.5,10.2,1.8,0.4,0.1,0.0,0,0.0,0.0,748.0,42.0,54.0,67.0,0.0,522.0,30.0,5.0,0.0,20.0,0,1.0,34.0,5.24,2.71,2.02,22.1,0.25,0.1,0.09,2.2,5.32,2.04,1.75,16.8,0.18,0.06,0.09,1.72,1153.0,有,有
9,2024,260.0,58.9,0.0,12.5,11.7,0.0,4.8,32.0,54.5,0.4,3.0,5.2,0.0,2.5,29.2,607.0,0.0,95.0,0.0,5.0,0.0,239.0,56.9,41.5,0.0,9.0,0.0,1.5,50.7,50.8,0.0,2.3,0.0,0.8,695.0,370.0,33.0,0.0,4.0,0.0,45.7,2.4,0.0,10.3,1.0,23.4,2.1,0.0,0.1,0.0,0,0.4,2.1,68.8,4.6,8.8,4.1,1.2,16.5,0.0,0.0,0.0,2.0,0,0.2,3.0,504.0,97.0,60.0,32.0,12.0,390.0,7.0,2.0,0.0,51.0,0,0.0,74.0,5.21,2.81,2.04,21.6,0.19,0.08,0.09,2.4,5.79,2.88,1.74,21.1,0.3,0.09,0.05,1.36,1025.0,有,無
10,2024,120.0,56.9,0.0,7.5,7.3,2.6,1.7,32.9,45.7,0.2,1.1,4.7,0.0,1.0,34.5,528.0,0.0,0.0,13.0,1.0,42.0,354.0,45.4,68.5,2.3,0.0,0.0,2.2,33.5,49.2,2.2,0.0,0.5,2.1,409.0,276.0,0.0,0.0,0.0,16.0,68.5,4.0,4.8,4.6,1.1,18.4,0.9,0.2,0.0,6.7,0,1.0,2.5,59.0,0.5,4.3,2.1,1.0,15.4,0.0,0.3,0.1,0.0,0,0.6,0.3,850.0,65.0,25.0,81.0,0.0,371.0,0.0,4.0,0.0,41.0,0,4.0,0.0,5.26,2.71,1.95,23.5,0.36,0.07,0.09,2.2,5.25,1.92,2.2,21.1,0.24,0.06,0.05,2.05,1020.0,有,有
11,2024,446.0,79.3,0.2,0.3,4.3,1.2,0.6,33.8,76.6,0.0,2.2,5.8,0.0,2.3,32.2,496.0,4.0,0.0,74.0,21.0,55.0,286.0,73.8,22.9,2.1,0.2,0.0,7.1,54.8,36.9,2.9,0.0,0.1,6.9,588.0,553.0,0.0,155.0,0.0,139.0,68.3,2.3,0.8,0.2,0.2,34.0,1.2,0.4,0.0,0.0,0,0.1,7.3,61.5,7.1,4.5,3.7,0.7,35.0,1.2,0.1,0.2,0.0,0,0.0,8.4,793.0,0.0,38.0,105.0,0.0,356.0,0.0,3.0,2.0,47.0,0,0.0,0.0,5.15,2.71,2.06,22.3,0.29,0.08,0.1,2.0,5.79,2.89,2.03,13.8,0.23,0.06,0.07,1.21,1073.0,有,有
12,2024,983.0,44.4,0.0,12.2,2.3,0.0,2.1,38.0,50.2,0.0,10.9,1.0,2.0,0.6,35.5,710.0,0.0,102.0,141.0,0.0,21.0,278.0,37.3,48.5,0.1,10.5,0.7,7.4,44.8,43.1,0.4,0.0,0.0,0.0,375.0,686.0,0.0,57.0,1.0,0.0,55.2,2.5,4.6,4.9,1.4,13.6,0.0,0.0,0.0,0.0,0,0.2,0.0,69.5,2.5,2.3,2.5,1.5,26.8,2.7,0.0,0.3,0.0,0,0.0,2.5,522.0,65.0,61.0,98.0,0.0,214.0,0.0,5.0,0.0,0.0,0,0.0,14.0,5.31,2.73,2.05,21.8,0.36,0.09,0.09,2.5,3.48,1.68,1.92,21.2,0.34,0.07,0.06,1.66,1049.0,有,有
13,2024,604.0,33.1,0.2,0.0,0.4,1.6,4.5,31.2,50.3,0.4,7.4,0.0,3.7,5.5,49.6,338.0,4.0,0.0,59.0,9.0,47.0,614.0,46.8,33.3,1.7,1.1,0.2,0.4,49.6,39.7,0.1,0.0,0.0,6.1,534.0,356.0,43.0,0.0,0.0,80.0,75.2,2.2,8.2,0.4,0.8,44.3,0.7,0.2,0.0,0.0,0,0.1,3.2,80.8,3.0,2.0,6.3,0.0,37.1,0.0,0.1,0.0,4.9,0,0.0,0.0,409.0,15.0,46.0,30.0,25.0,303.0,0.0,4.0,2.0,51.0,0,8.0,91.0,5.18,2.7,2.07,23.1,0.31,0.1,0.06,2.2,5.79,2.89,1.66,14.8,0.22,0.08,0.08,1.72,979.0,有,有
14,2024,426.0,52.8,0.2,4.9,0.0,1.2,7.7,37.1,58.6,0.3,0.0,5.5,0.0,8.1,29.9,718.0,4.0,29.0,0.0,4.0,0.0,481.0,64.1,46.6,2.3,0.0,0.9,4.5,32.4,22.6,0.1,2.3,0.2,4.7,709.0,502.0,8.0,0.0,0.0,57.0,68.9,7.2,9.1,1.6,1.5,26.5,0.6,0.0,0.1,8.8,0,0.3,0.0,63.9,0.0,5.9,0.0,1.3,22.0,0.0,0.0,0.1,0.0,0,0.0,0.0,467.0,37.0,37.0,28.0,4.0,245.0,0.0,6.0,0.0,0.0,0,3.0,54.0,5.27,2.73,2.0,21.7,0.41,0.09,0.07,2.2,5.79,2.77,1.39,24.9,0.28,0.07,0.07,1.15,985.0,有,無
15,2024,1107.0,24.2,0.1,0.0,1.3,1.6,0.9,35.0,64.8,0.0,0.0,5.0,0.4,2.8,21.5,582.0,3.0,67.0,58.0,9.0,68.0,284.0,52.8,42.6,0.0,0.0,0.5,2.6,38.8,50.7,0.0,5.3,0.0,0.0,626.0,382.0,2.0,62.0,2.0,0.0,56.9,4.3,6.6,8.2,1.1,23.1,1.4,0.0,0.0,0.0,0,0.2,2.1,76.0,8.5,5.4,0.0,4.8,24.8,4.3,0.2,0.2,1.2,0,0.0,0.0,597.0,24.0,27.0,64.0,0.0,376.0,0.0,0.0,0.0,0.0,0,0.0,47.0,5.22,2.69,2.05,21.9,0.38,0.1,0.06,1.6,4.12,2.89,2.05,24.9,0.15,0.09,0.06,1.41,1082.0,有,有
16,2024,347.0,53.6,0.4,2.3,4.2,0.6,2.7,28.0,45.1,0.4,0.0,0.9,0.0,4.8,30.5,381.0,1.0,0.0,86.0,0.0,8.0,365.0,76.8,44.3,0.6,0.0,0.4,9.4,37.5,31.3,0.3,11.6,0.4,17.0,592.0,392.0,5.0,0.0,6.0,23.0,60.0,3.3,3.9,2.6,1.5,11.0,1.0,0.2,0.0,0.0,0,0.6,9.6,53.6,6.3,1.7,5.0,1.7,20.0,2.8,0.3,0.0,7.3,0,0.8,0.0,499.0,45.0,80.0,54.0,31.0,278.0,15.0,2.0,3.0,49.0,0,0.0,23.0,5.32,2.66,1.99,23.2,0.43,0.07,0.1,2.1,5.79,2.89,2.14,13.9,0.14,0.07,0.06,0.9,1021.0,有,有
17,2024,356.0,40.5,0.0,0.0,3.2,0.6,2.8,48.7,35.3,0.8,0.0,1.8,0.0,5.7,50.6,414.0,2.0,0.0,134.0,7.0,0.0,357.0,45.1,36.4,0.0,4.7,0.0,8.1,68.6,10.8,0.0,0.0,0.0,0.0,841.0,477.0,48.0,0.0,0.0,32.0,50.3,4.0,2.5,0.0,0.0,30.4,1.8,0.2,0.0,0.0,0,0.5,2.4,54.5,4.3,5.7,0.0,0.0,37.9,0.0,0.2,0.0,4.0,0,0.0,0.0,601.0,0.0,57.0,103.0,0.0,144.0,8.0,0.0,1.0,11.0,0,1.0,0.0,5.24,2.7,2.09,23.9,0.22,0.1,0.09,1.9,4.46,2.15,2.05,24.9,0.18,0.06,0.06,1.41,1001.0,有,有
18,2024,196.0,68.4,0.0,2.5,6.4,0.0,0.0,52.0,57.2,0.0,0.0,10.1,0.0,4.9,33.7,754.0,0.0,0.0,0.0,16.0,0.0,282.0,64.3,51.6,3.4,0.0,0.0,2.2,54.7,31.3,0.0,3.2,0.0,2.7,572.0,562.0,31.0,10.0,0.0,53.0,83.1,0.5,0.0,6.5,0.0,12.6,0.0,0.2,0.0,1.8,0,0.0,0.7,41.5,0.0,9.3,1.2,0.3,38.2,1.8,0.4,0.0,0.0,0,0.0,2.1,336.0,38.0,14.0,62.0,11.0,360.0,22.0,0.0,1.0,87.0,0,0.0,16.0,5.17,2.79,2.01,21.9,0.33,0.08,0.08,2.6,5.58,2.89,1.72,20.0,0.23,0.08,0.05,1.43,1012.0,有,有
19,2024,1025.0,65.0,0.5,3.9,1.9,0.0,2.3,43.0,31.9,0.4,17.0,0.2,0.7,7.7,51.3,443.0,2.0,41.0,0.0,4.0,43.0,482.0,72.7,53.3,1.2,9.1,0.4,4.9,51.9,30.1,2.7,0.0,0.0,5.0,470.0,208.0,33.0,34.0,0.0,4.0,70.7,0.0,2.9,0.0,3.2,24.0,2.2,0.4,0.1,6.8,0,0.1,0.0,64.7,2.1,2.8,0.0,4.2,22.3,0.0,0.0,0.0,0.0,0,0.3,0.0,597.0,5.0,39.0,0.0,32.0,423.0,0.0,1.0,0.0,57.0,0,0.0,24.0,5.29,2.72,2.0,24.4,0.22,0.1,0.08,2.5,2.74,2.59,1.65,11.5,0.2,0.1,0.08,1.39,1003.0,有,有
20,2024,748.0,65.6,0.1,0.1,0.9,1.7,0.0,2.6,46.2,0.2,0.0,10.1,0.0,6.6,40.0,581.0,1.0,58.0,0.0,0.0,100.0,582.0,64.3,45.2,1.6,0.0,0.2,0.0,77.1,46.9,1.6,0.0,0.2,3.4,503.0,476.0,50.0,93.0,0.0,0.0,56.2,9.3,0.0,0.0,0.0,32.4,0.0,0.3,0.0,5.0,0,0.5,0.0,59.9,4.8,4.7,6.0,0.0,46.4,1.8,0.3,0.0,0.0,0,0.0,6.6,622.0,27.0,43.0,40.0,0.0,324.0,31.0,1.0,2.0,0.0,0,1.0,67.0,5.3,2.75,2.0,22.2,0.29,0.09,0.1,2.2,5.79,1.77,2.2,21.2,0.19,0.06,0.09,1.08,1088.0,有,有
21,2024,18.0,79.8,0.1,0.0,2.2,2.0,1.0,25.8,20.1,0.0,3.2,7.1,0.0,0.0,30.9,588.0,3.0,0.0,94.0,21.0,31.0,142.0,58.3,28.7,2.4,15.2,0.2,0.3,74.6,34.0,0.8,0.0,0.1,0.0,471.0,281.0,34.0,46.0,5.0,13.0,59.0,6.0,6.6,0.2,1.9,37.4,3.6,0.2,0.0,11.3,0,0.5,0.0,40.7,4.7,0.0,6.4,2.2,41.5,0.0,0.1,0.2,0.0,0,0.3,5.7,416.0,4.0,42.0,6.0,23.0,224.0,10.0,5.0,1.0,0.0,0,2.0,0.0,5.13,2.73,2.02,24.0,0.2,0.08,0.09,2.2,5.79,2.74,1.91,21.3,0.22,0.07,0.06,2.14,1097.0,有,有
22,2024,349.0,84.1,0.0,1.9,2.3,0.0,6.0,39.8,31.5,0.2,0.0,0.0,1.1,1.6,49.2,775.0,0.0,0.0,0.0,0.0,8.0,552.0,74.1,53.8,0.6,0.3,0.3,0.0,60.6,43.9,0.0,0.0,0.0,6.5,685.0,378.0,0.0,108.0,4.0,74.0,88.4,1.8,0.8,7.6,2.5,37.4,0.0,0.0,0.0,0.0,0,0.0,4.2,24.5,0.3,0.0,5.0,2.4,33.7,0.0,0.5,0.2,6.8,0,0.3,0.0,339.0,24.0,52.0,47.0,16.0,204.0,18.0,0.0,3.0,44.0,0,2.0,28.0,5.35,2.8,1.97,24.1,0.19,0.1,0.09,2.0,5.29,2.76,1.64,24.1,0.28,0.08,0.08,1.54,999.0,有,有
23,2024,357.0,71.4,0.2,9.8,0.0,2.2,0.7,34.9,67.5,0.0,0.0,14.5,0.2,4.4,42.8,517.0,0.0,0.0,0.0,5.0,28.0,452.0,45.4,61.1,0.1,12.1,0.0,7.0,62.1,38.8,2.7,0.0,0.2,0.0,299.0,374.0,5.0,0.0,0.0,17.0,52.0,4.4,5.8,4.1,0.9,23.4,0.2,0.1,0.0,2.2,0,0.1,0.0,66.9,4.1,5.1,0.0,0.4,25.9,2.7,0.0,0.2,6.3,0,0.2,3.5,866.0,18.0,25.0,36.0,2.0,393.0,0.0,2.0,1.0,93.0,0,2.0,21.0,5.2,2.74,1.99,22.3,0.29,0.09,0.11,2.6,4.72,2.89,1.68,16.0,0.2,0.07,0.05,1.24,1053.0,有,有
24,2024,614.0,53.7,0.0,10.3,1.9,0.0,5.5,68.3,50.0,0.3,6.6,0.0,0.8,3.9,10.4,340.0,1.0,0.0,15.0,43.0,3.0,285.0,88.7,30.5,3.1,0.0,0.0,0.8,51.2,52.6,3.6,7.1,0.4,10.3,723.0,360.0,20.0,32.0,5.0,93.0,19.2,6.6,5.7,4.1,2.0,35.0,1.5,0.3,0.2,12.1,0,0.2,5.9,61.4,2.9,0.0,5.5,0.0,41.4,1.2,0.5,0.2,8.4,0,0.5,6.8,812.0,4.0,0.0,112.0,21.0,456.0,20.0,1.0,0.0,92.0,0,2.0,57.0,5.27,2.71,2.0,22.9,0.21,0.1,0.1,2.4,5.79,2.08,1.7,17.8,0.19,0.06,0.06,1.28,1121.0,有,有
25,2024,147.0,60.2,0.1,2.9,11.4,0.0,4.5,26.1,60.0,0.0,1.9,2.4,0.3,2.9,21.4,522.0,5.0,0.0,0.0,7.0,69.0,432.0,77.0,17.6,1.4,0.0,0.0,8.2,32.2,37.2,1.8,1.2,0.1,2.2,444.0,322.0,0.0,0.0,1.0,0.0,44.8,3.3,0.5,1.6,2.7,16.8,0.0,0.2,0.0,10.3,0,0.4,1.9,43.4,3.6,3.5,4.3,0.8,19.4,0.3,0.6,0.1,4.6,0,0.3,0.0,651.0,0.0,75.0,12.0,0.0,306.0,20.0,0.0,0.0,0.0,0,0.0,30.0,5.39,2.73,2.07,24.2,0.46,0.09,0.09,1.6,2.42,2.29,2.18,18.6,0.2,0.1,0.07,1.52,1026.0,有,有
26,2024,316.0,71.2,0.4,10.1,0.0,1.4,2.1,13.6,71.5,0.3,0.0,7.3,1.8,4.8,51.1,753.0,0.0,62.0,29.0,15.0,29.0,605.0,77.2,60.1,0.0,3.7,0.0,1.4,35.9,28.5,0.0,1.5,0.6,9.3,574.0,445.0,19.0,0.0,3.0,21.0,50.5,7.7,8.2,0.7,0.0,28.3,1.1,0.4,0.2,6.6,0,0.0,6.5,66.8,4.9,7.6,7.0,0.4,21.6,2.3,0.1,0.0,0.0,0,0.2,3.4,650.0,28.0,0.0,26.0,11.0,471.0,33.0,9.0,0.0,0.0,0,6.0,50.0,5.22,2.78,1.97,22.8,0.29,0.08,0.09,2.8,2.61,2.89,1.67,17.2,0.23,0.05,0.08,1.66,972.0,有,有
27,2024,377.0,49.4,0.0,0.0,0.0,1.6,0.0,58.5,46.3,0.2,0.0,1.7,1.8,0.3,34.5,551.0,2.0,0.0,1.0,0.0,0.0,409.0,28.4,26.0,0.0,0.0,0.4,3.4,36.8,26.8,1.4,0.0,0.1,0.0,652.0,383.0,0.0,5.0,1.0,67.0,56.1,5.1,2.5,3.2,0.0,36.1,2.6,0.2,0.0,1.6,0,0.0,0.1,68.3,1.2,0.4,0.0,2.1,31.9,2.3,0.1,0.1,11.6,0,0.0,9.8,590.0,24.0,39.0,6.0,0.0,245.0,9.0,2.0,1.0,129.0,0,0.0,176.0,5.23,2.7,1.99,22.3,0.27,0.08,0.08,2.1,5.79,2.89,1.34,20.2,0.25,0.1,0.07,1.11,1060.0,有,有
28,2024,1061.0,68.4,0.0,0.0,0.0,2.0,0.0,42.5,69.9,0.3,5.0,0.0,0.5,1.0,49.0,593.0,0.0,0.0,37.0,13.0,50.0,414.0,33.1,22.2,0.0,2.3,0.1,9.2,68.2,38.0,0.0,0.0,0.4,4.9,866.0,652.0,16.0,88.0,1.0,21.0,27.9,7.2,9.3,0.0,0.7,44.2,0.4,0.4,0.0,6.5,0,0.0,3.0,35.8,2.2,3.3,0.8,2.2,40.3,3.9,0.1,0.2,0.0,0,0.4,2.4,597.0,69.0,92.0,33.0,36.0,232.0,28.0,5.0,1.0,0.0,0,0.0,51.0,5.36,2.71,1.99,23.9,0.28,0.08,0.1,1.5,1.8,2.2,2.2,17.4,0.2,0.05,0.11,1.47,1041.0,有,有
29,2024,174.0,46.6,0.6,0.0,0.7,0.0,1.6,16.7,65.0,0.1,6.7,13.4,0.0,0.0,36.3,381.0,4.0,0.0,20.0,0.0,75.0,490.0,57.7,45.6,1.5,0.5,0.0,0.0,45.6,53.1,0.0,0.0,0.0,1.5,335.0,448.0,12.0,161.0,0.0,0.0,69.3,5.0,5.2,2.0,1.8,20.5,1.7,0.1,0.0,1.1,0,0.0,5.5,56.4,1.3,4.1,0.0,1.4,39.5,1.3,0.3,0.0,4.3,0,0.0,2.4,717.0,42.0,15.0,0.0,30.0,329.0,3.0,3.0,2.0,0.0,0,0.0,114.0,5.12,2.72,2.02,22.9,0.42,0.08,0.1,2.1,5.64,2.46,0.94,21.7,0.25,0.05,0.07,0.7,1073.0,有,無
30,2024,61.0,69.8,0.5,0.0,0.0,0.9,0.0,37.0,56.6,0.6,4.9,6.0,1.9,2.0,32.7,465.0,0.0,0.0,127.0,14.0,80.0,306.0,78.1,59.5,1.9,3.1,0.2,0.0,39.9,37.0,0.9,0.0,0.1,0.0,604.0,430.0,14.0,8.0,0.0,42.0,64.1,0.9,3.2,1.5,0.1,21.5,0.0,0.0,0.0,7.4,0,0.0,0.9,26.1,4.8,6.4,3.0,0.0,32.3,0.0,0.1,0.1,0.6,0,0.1,7.9,329.0,0.0,62.0,82.0,33.0,175.0,11.0,7.0,0.0,15.0,0,0.0,122.0,5.25,2.73,2.04,22.6,0.21,0.09,0.08,2.2,5.15,1.55,1.66,17.6,0.17,0.09,0.04,1.2,1088.0,有,有
31,2024,68.0,43.6,0.2,0.0,0.0,2.0,0.0,25.0,49.7,0.3,0.0,1.1,0.2,0.4,47.3,515.0,1.0,31.0,11.0,27.0,85.0,495.0,60.1,21.0,0.7,0.0,0.0,7.7,50.5,33.5,1.0,3.4,0.4,0.0,308.0,268.0,1.0,38.0,6.0,28.0,68.0,2.2,3.9,9.3,0.4,35.7,0.4,0.3,0.1,0.0,0,0.0,2.6,34.0,8.1,3.8,0.0,3.2,25.7,0.0,0.3,0.0,0.0,0,0.1,3.4,390.0,69.0,65.0,41.0,6.0,273.0,36.0,1.0,2.0,0.0,0,0.0,67.0,5.32,2.78,2.0,21.1,0.33,0.1,0.09,2.0,5.36,2.89,2.2,17.4,0.25,0.07,0.1,1.84,1048.0,有,有
32,2024,1001.0,53.5,0.7,0.0,8.3,1.7,1.2,30.3,38.9,0.2,0.0,0.0,0.4,3.2,23.1,796.0,0.0,16.0,69.0,0.0,37.0,509.0,84.2,32.9,1.5,22.5,0.5,12.3,59.4,59.9,0.0,0.0,0.0,5.0,741.0,553.0,13.0,0.0,0.0,63.0,87.5,0.5,0.7,3.8,0.0,14.7,2.5,0.2,0.0,0.0,0,0.0,13.5,68.8,6.7,3.5,0.0,0.0,27.2,0.0,0.1,0.1,4.9,0,0.0,7.1,669.0,0.0,103.0,0.0,33.0,295.0,0.0,6.0,5.0,0.0,0,0.0,17.0,5.42,2.68,2.11,24.0,0.32,0.1,0.1,1.7,5.79,2.62,1.65,21.3,0.21,0.05,0.09,1.65,930.0,有,有
33,2024,145.0,43.4,0.0,11.0,0.0,2.6,4.2,46.8,64.3,0.4,10.6,0.0,0.0,0.0,46.5,433.0,4.0,92.0,108.0,31.0,4.0,442.0,63.3,35.5,1.5,0.0,0.0,4.9,53.3,42.4,0.0,0.0,0.0,3.5,459.0,509.0,27.0,110.0,5.0,86.0,36.8,2.5,0.0,5.3,1.0,7.5,0.5,0.1,0.0,0.0,0,0.3,0.0,53.3,5.3,3.5,0.4,0.9,5.5,1.1,0.0,0.0,12.7,0,0.0,0.0,523.0,49.0,49.0,23.0,17.0,283.0,35.0,5.0,0.0,3.0,0,2.0,0.0,5.34,2.7,2.04,23.3,0.24,0.06,0.09,2.2,4.74,2.21,2.08,24.7,0.2,0.07,0.07,1.5,1045.0,有,有
34,2024,886.0,69.5,0.0,5.4,0.0,1.6,6.6,20.0,43.1,0.0,4.9,1.5,0.0,1.1,51.0,714.0,0.0,124.0,11.0,1.0,37.0,669.0,53.8,19.1,0.0,0.0,0.1,2.4,86.3,39.9,0.0,6.2,0.3,0.0,663.0,335.0,31.0,0.0,0.0,73.0,70.5,1.2,0.0,5.1,0.0,49.5,0.0,0.2,0.2,0.0,0,0.3,6.1,70.4,3.0,5.0,4.2,2.4,25.8,1.5,0.0,0.1,9.1,0,0.4,1.7,619.0,0.0,25.0,42.0,4.0,496.0,12.0,2.0,2.0,46.0,0,0.0,56.0,5.2,2.72,2.01,23.3,0.28,0.08,0.11,2.1,5.22,2.46,2.11,21.0,0.29,0.1,0.06,1.16,1003.0,有,有
35,2024,30.0,80.0,0.0,0.0,14.2,0.0,3.7,40.0,72.2,0.8,15.7,0.0,0.0,8.2,65.1,562.0,1.0,0.0,21.0,26.0,55.0,538.0,63.6,46.6,0.0,0.0,0.0,6.6,67.8,44.8,2.0,0.0,0.3,4.6,531.0,469.0,0.0,0.0,0.0,72.0,72.1,6.5,9.6,4.0,0.0,7.8,0.0,0.1,0.0,6.7,0,0.0,0.0,75.8,2.0,1.2,5.2,3.1,35.1,0.2,0.5,0.0,2.7,0,0.0,1.4,595.0,29.0,43.0,0.0,20.0,281.0,0.0,4.0,1.0,0.0,0,4.0,0.0,5.26,2.79,2.02,21.6,0.28,0.08,0.08,2.0,2.8,2.89,1.97,22.5,0.19,0.08,0.08,0.95,1085.0,有,有
36,2024,526.0,34.7,0.0,5.1,0.0,0.5,5.5,25.1,32.1,0.1,0.0,7.2,0.8,0.0,17.9,504.0,0.0,0.0,83.0,3.0,65.0,189.0,71.2,25.5,0.0,5.7,0.0,9.1,60.8,57.5,1.2,0.0,0.2,2.0,838.0,309.0,0.0,56.0,0.0,7.0,54.4,4.4,7.2,0.0,3.6,36.8,1.8,0.0,0.1,1.4,0,0.0,9.3,46.7,1.7,3.0,6.6,2.4,15.7,0.0,0.2,0.0,2.1,0,0.1,0.0,348.0,22.0,57.0,37.0,30.0,497.0,26.0,1.0,1.0,0.0,0,8.0,21.0,5.25,2.69,2.03,21.5,0.19,0.09,0.1,2.0,5.79,2.01,1.79,17.4,0.2,0.07,0.05,2.02,958.0,有,有
37,2024,846.0,45.8,0.3,11.0,0.0,0.3,0.0,37.6,65.4,0.0,7.1,2.3,1.8,2.2,49.7,361.0,1.0,95.0,40.0,2.0,0.0,440.0,48.4,34.6,1.6,2.8,0.1,14.3,56.9,18.7,1.0,0.0,0.0,0.0,568.0,306.0,32.0,96.0,0.0,88.0,47.9,3.8,2.1,0.0,0.0,29.6,0.0,0.2,0.1,3.6,0,0.3,8.6,40.2,1.8,0.0,3.0,0.0,47.4,0.0,0.0,0.0,11.6,0,0.0,0.2,866.0,18.0,114.0,0.0,23.0,380.0,0.0,4.0,1.0,59.0,0,1.0,0.0,5.23,2.75,2.03,20.7,0.41,0.06,0.09,1.9,3.1,1.95,1.82,19.6,0.29,0.05,0.08,1.5,991.0,有,有
38,2024,155.0,82.4,0.8,3.1,0.0,0.0,4.2,31.8,45.1,0.4,11.1,6.6,0.7,2.8,46.2,591.0,0.0,137.0,93.0,22.0,17.0,321.0,87.0,36.5,0.4,11.2,0.1,0.0,28.1,31.7,1.2,0.0,0.3,9.8,575.0,306.0,34.0,125.0,6.0,37.0,44.1,3.6,3.5,0.0,3.6,10.9,0.6,0.0,0.0,4.2,0,0.0,0.0,42.3,1.8,0.0,0.0,0.7,21.4,1.7,0.5,0.2,0.5,0,0.1,0.0,527.0,50.0,14.0,56.0,7.0,156.0,13.0,3.0,1.0,39.0,0,0.0,30.0,5.27,2.75,2.03,23.8,0.19,0.09,0.06,2.2,3.66,1.97,1.95,19.3,0.15,0.04,0.07,1.48,1005.0,有,有
39,2024,58.0,66.6,0.2,7.2,17.8,0.0,5.4,21.4,36.8,0.2,0.0,1.9,0.1,5.1,30.0,576.0,3.0,0.0,14.0,2.0,12.0,254.0,77.1,43.5,0.0,5.6,0.0,12.7,41.8,40.0,0.1,0.0,0.0,0.2,691.0,280.0,25.0,85.0,3.0,6.0,69.3,0.7,0.0,4.1,0.2,22.0,0.6,0.2,0.0,0.0,0,0.0,5.2,80.6,5.6,3.5,2.5,0.0,18.0,0.4,0.3,0.2,0.0,0,0.1,0.0,713.0,39.0,11.0,84.0,17.0,267.0,22.0,2.0,2.0,0.0,0,0.0,174.0,5.32,2.79,2.02,20.4,0.32,0.08,0.06,2.2,4.24,2.89,2.2,24.9,0.3,0.05,0.08,0.55,1002.0,有,有
40,2024,280.0,62.5,0.4,12.6,7.1,0.0,7.5,23.0,51.0,0.0,0.6,14.0,0.9,3.5,38.9,477.0,1.0,0.0,42.0,0.0,38.0,554.0,70.4,43.2,0.3,7.6,0.0,3.1,72.6,58.4,0.0,17.6,0.0,7.5,720.0,450.0,21.0,95.0,4.0,13.0,56.8,6.6,0.2,5.3,2.7,35.3,1.1,0.1,0.0,0.0,0,0.2,10.4,50.5,0.0,2.4,5.6,0.0,43.6,1.3,0.0,0.0,2.4,0,0.3,0.0,386.0,76.0,27.0,5.0,13.0,339.0,8.0,0.0,1.0,50.0,0,2.0,94.0,5.22,2.72,2.09,21.5,0.31,0.08,0.08,2.3,3.27,2.89,1.28,18.2,0.19,0.08,0.07,1.52,1151.0,有,無
41,2024,763.0,46.1,0.4,1.3,0.0,2.7,0.0,26.8,31.9,0.1,9.2,0.5,0.0,0.0,21.7,736.0,3.0,0.0,0.0,29.0,72.0,545.0,40.5,23.2,0.0,8.2,0.4,0.0,72.4,39.5,3.3,0.0,0.3,3.6,351.0,322.0,4.0,66.0,1.0,91.0,34.5,0.8,0.0,2.8,1.0,33.1,3.1,0.3,0.2,0.0,0,0.2,0.0,64.4,4.9,2.7,2.4,0.6,43.1,1.6,0.3,0.2,4.8,0,0.0,0.0,380.0,58.0,41.0,37.0,26.0,351.0,0.0,3.0,0.0,0.0,0,0.0,0.0,5.54,2.73,2.07,23.4,0.35,0.07,0.09,2.3,5.79,1.45,1.63,22.1,0.18,0.08,0.06,1.56,1014.0,有,有
42,2024,25.0,62.9,0.0,6.6,2.2,3.2,2.2,32.1,35.2,0.0,7.6,0.0,1.0,3.8,30.2,809.0,4.0,29.0,9.0,16.0,0.0,472.0,56.9,41.1,0.0,5.4,0.1,3.4,50.1,35.4,1.9,0.0,0.0,11.7,728.0,327.0,1.0,0.0,0.0,59.0,43.9,1.5,6.0,0.7,0.0,26.9,0.6,0.3,0.1,0.0,0,0.2,0.0,54.6,1.6,5.7,2.2,0.0,19.8,0.0,0.1,0.1,0.0,0,0.5,8.0,576.0,11.0,40.0,19.0,35.0,358.0,43.0,3.0,0.0,0.0,0,0.0,0.0,5.4,2.79,2.06,23.0,0.36,0.1,0.07,2.3,5.79,2.33,2.02,22.3,0.15,0.06,0.07,1.51,1148.0,有,有
43,2024,409.0,88.7,0.2,0.0,3.5,0.7,3.5,44.8,36.1,0.4,3.5,7.9,0.0,0.4,23.0,647.0,0.0,76.0,67.0,0.0,18.0,425.0,54.0,29.3,1.6,1.1,0.2,0.0,49.9,53.0,1.4,0.0,0.0,5.7,567.0,149.0,13.0,0.0,0.0,41.0,25.0,1.5,5.3,1.9,0.0,38.0,1.9,0.2,0.0,8.7,0,0.1,6.4,65.1,0.0,3.5,0.6,1.1,27.5,1.6,0.3,0.0,0.0,0,0.1,0.0,783.0,30.0,12.0,18.0,0.0,391.0,5.0,11.0,1.0,66.0,0,0.0,121.0,5.04,2.73,2.07,24.4,0.29,0.08,0.08,2.1,5.79,2.89,1.6,18.5,0.26,0.06,0.1,1.72,1010.0,有,有
44,2024,1058.0,24.4,0.0,0.2,17.7,0.2,0.0,35.6,52.0,0.5,1.0,7.9,0.0,2.3,47.3,678.0,2.0,0.0,61.0,0.0,25.0,209.0,45.8,48.5,1.5,0.0,0.0,0.0,51.1,7.3,1.6,0.0,0.0,1.0,559.0,256.0,26.0,26.0,3.0,29.0,58.8,0.2,4.4,1.5,0.0,30.3,2.9,0.1,0.0,6.0,0,0.0,0.2,58.7,3.4,6.7,2.2,1.9,25.6,0.0,0.3,0.1,0.0,0,0.0,9.4,630.0,42.0,47.0,41.0,10.0,494.0,33.0,1.0,0.0,0.0,0,4.0,0.0,5.25,2.77,2.01,21.3,0.21,0.08,0.1,2.3,3.78,1.78,2.2,18.1,0.2,0.06,0.06,1.31,987.0,有,有
45,2024,609.0,46.3,0.2,9.5,6.7,2.5,0.0,34.7,53.4,0.5,5.1,0.0,1.6,3.0,41.2,726.0,0.0,122.0,0.0,13.0,0.0,532.0,68.5,51.2,2.3,0.0,0.0,5.4,59.0,57.8,2.5,0.0,0.0,4.4,387.0,673.0,37.0,0.0,5.0,103.0,41.3,1.0,0.0,2.3,1.2,32.6,2.1,0.3,0.0,0.0,0,0.2,8.9,61.2,6.3,0.0,2.7,0.8,43.1,0.0,0.6,0.0,8.6,0,0.0,2.6,391.0,15.0,66.0,39.0,2.0,273.0,0.0,4.0,0.0,70.0,0,4.0,70.0,5.13,2.76,1.99,23.6,0.31,0.09,0.09,2.3,4.28,2.89,1.94,18.3,0.22,0.04,0.03,1.46,1002.0,有,有
46,2024,1104.0,64.2,0.0,0.0,4.1,0.0,3.8,34.9,59.5,0.1,10.9,0.0,1.5,3.7,29.0,482.0,4.0,14.0,49.0,1.0,37.0,393.0,51.9,12.0,3.0,0.0,0.0,6.4,40.0,19.1,3.0,1.0,0.0,11.7,741.0,489.0,37.0,118.0,0.0,129.0,30.0,0.1,5.0,0.1,2.3,24.6,0.0,0.2,0.0,0.0,0,0.0,0.0,52.1,5.0,8.0,4.7,1.5,32.7,1.7,0.0,0.2,3.5,0,0.5,0.0,433.0,1.0,24.0,34.0,12.0,198.0,30.0,3.0,1.0,7.0,0,1.0,0.0,5.16,2.76,2.06,24.3,0.5,0.08,0.08,2.2,4.93,2.89,1.75,22.8,0.25,0.05,0.05,1.78,1153.0,有,有
47,2024,626.0,82.8,0.3,0.0,4.1,2.0,1.3,55.6,70.3,0.1,3.7,0.0,1.6,2.0,45.2,359.0,2.0,26.0,27.0,14.0,0.0,283.0,73.7,38.9,2.5,0.0,0.1,10.7,73.7,38.6,0.5,9.2,0.2,10.2,585.0,489.0,20.0,0.0,3.0,76.0,76.3,3.3,7.1,0.6,2.0,19.4,0.6,0.4,0.0,0.0,0,0.5,0.0,64.0,0.0,4.9,0.7,1.5,30.9,0.0,0.6,0.1,0.0,0,0.3,0.0,523.0,32.0,9.0,13.0,11.0,248.0,0.0,7.0,0.0,3.0,0,0.0,59.0,5.3,2.71,2.06,22.9,0.29,0.1,0.08,3.0,5.19,2.2,2.2,21.8,0.19,0.1,0.04,1.15,992.0,有,有
48,2024,826.0,80.3,0.6,0.0,0.0,0.0,1.1,30.4,62.6,0.2,7.0,11.2,1.6,1.7,34.2,422.0,1.0,26.0,62.0,0.0,0.0,522.0,80.5,51.3,0.0,0.0,0.0,3.4,61.9,45.8,0.9,0.0,0.2,9.3,583.0,490.0,26.0,0.0,3.0,22.0,31.6,5.2,1.6,0.9,1.4,30.4,1.8,0.3,0.0,8.7,0,0.0,6.5,52.6,0.6,0.7,1.1,0.1,33.3,1.2,0.0,0.0,5.2,0,0.2,0.0,440.0,19.0,25.0,17.0,2.0,185.0,0.0,0.0,1.0,0.0,0,1.0,84.0,5.28,2.7,2.07,21.4,0.28,0.08,0.11,2.3,5.79,2.89,0.55,21.6,0.21,0.09,0.08,0.91,1081.0,有,有
49,2024,724.0,70.7,0.0,13.0,6.0,1.8,3.2,56.2,56.9,0.7,7.0,4.5,0.6,2.8,46.5,581.0,0.0,0.0,56.0,5.0,8.0,462.0,54.7,31.7,0.0,1.0,0.0,0.0,58.8,51.5,0.5,1.5,0.0,10.9,741.0,384.0,0.0,23.0,4.0,0.0,72.9,1.0,5.7,5.6,2.6,20.3,1.2,0.2,0.0,0.0,0,0.3,10.4,46.6,5.6,9.1,1.3,1.2,36.0,0.6,0.0,0.0,11.8,0,0.8,7.4,682.0,58.0,73.0,0.0,32.0,318.0,0.0,3.0,0.0,0.0,0,4.0,44.0,5.17,2.7,1.97,21.6,0.31,0.1,0.08,2.6,3.88,2.22,2.2,22.5,0.24,0.08,0.08,1.14,1043.0,有,有
50,2024,831.0,39.0,0.1,0.7,0.0,1.2,1.8,40.3,58.3,0.2,1.3,2.8,0.7,7.5,23.1,600.0,1.0,0.0,13.0,0.0,14.0,422.0,74.3,35.5,1.6,1.8,0.0,1.7,81.0,47.2,0.0,1.3,0.1,5.3,534.0,383.0,0.0,0.0,1.0,37.0,78.8,6.3,0.3,1.8,2.6,34.4,0.0,0.1,0.1,8.4,0,0.0,5.9,78.3,4.7,4.3,3.1,1.5,19.7,0.0,0.6,0.3,17.1,0,0.0,0.0,645.0,11.0,0.0,42.0,17.0,324.0,26.0,1.0,2.0,14.0,0,0.0,0.0,5.36,2.74,2.04,23.0,0.4,0.09,0.07,2.1,5.79,2.35,2.0,24.9,0.18,0.06,0.09,0.92,1068.0,有,有
51,2024,848.0,61.8,0.2,0.3,2.7,0.9,0.0,30.9,34.8,0.7,1.4,5.1,0.0,11.5,25.4,502.0,1.0,0.0,0.0,0.0,38.0,243.0,61.2,54.8,0.4,0.5,0.0,1.2,62.4,59.1,0.1,0.0,0.0,0.0,675.0,529.0,30.0,0.0,0.0,48.0,88.7,2.3,4.2,0.0,3.5,33.4,0.9,0.2,0.2,0.0,0,0.0,0.0,42.3,1.2,7.0,0.0,0.0,28.5,0.1,0.0,0.2,0.0,0,0.4,9.9,313.0,0.0,52.0,7.0,0.0,468.0,19.0,0.0,0.0,7.0,0,0.0,80.0,5.0,2.73,2.07,21.0,0.37,0.09,0.1,2.4,4.92,2.59,2.2,22.7,0.2,0.05,0.07,1.6,1062.0,有,有
52,2024,146.0,62.1,0.1,6.1,0.0,2.3,5.4,9.0,70.4,0.1,8.1,0.0,2.6,4.8,33.7,646.0,0.0,145.0,0.0,0.0,4.0,599.0,81.5,15.2,0.0,3.0,0.4,0.0,55.2,18.6,1.8,0.0,0.2,3.0,500.0,396.0,16.0,0.0,1.0,37.0,76.8,3.6,2.8,0.0,2.2,45.4,1.6,0.3,0.0,0.0,0,0.0,4.3,63.4,4.5,5.7,4.6,0.0,49.2,0.0,0.3,0.1,0.0,0,0.2,0.0,744.0,12.0,11.0,48.0,11.0,327.0,14.0,3.0,2.0,0.0,0,0.0,112.0,5.4,2.78,2.01,23.3,0.37,0.09,0.08,2.3,5.32,2.68,2.2,21.7,0.19,0.06,0.04,2.13,1063.0,有,有
53,2024,154.0,57.7,0.0,11.2,10.9,1.8,0.0,41.0,59.2,0.4,7.7,0.0,3.1,2.3,46.7,866.0,2.0,73.0,60.0,0.0,60.0,407.0,69.0,28.2,2.0,0.0,0.5,0.0,72.9,56.9,0.0,12.3,0.1,5.8,566.0,517.0,0.0,0.0,0.0,69.0,49.1,4.6,3.0,0.4,3.6,15.8,1.0,0.1,0.0,0.0,0,0.0,0.0,39.8,2.3,5.1,6.8,1.0,24.0,1.7,0.0,0.2,9.6,0,0.4,5.2,519.0,8.0,0.0,0.0,20.0,384.0,13.0,5.0,1.0,16.0,0,3.0,0.0,5.31,2.72,2.02,22.2,0.28,0.09,0.08,2.8,5.79,2.89,1.69,14.8,0.12,0.08,0.07,1.16,990.0,有,有
54,2024,992.0,57.5,0.0,0.0,2.5,1.5,3.1,37.5,47.3,0.3,0.0,0.0,0.0,6.5,34.5,591.0,3.0,0.0,34.0,17.0,77.0,306.0,61.0,60.1,1.4,0.3,0.1,0.0,46.2,44.9,0.0,5.2,0.0,1.2,497.0,204.0,24.0,94.0,5.0,0.0,50.5,1.1,5.0,5.6,0.0,32.6,0.0,0.4,0.1,9.3,0,0.5,4.4,60.6,0.0,1.5,0.0,0.6,36.6,0.3,0.3,0.0,1.9,0,0.0,0.0,533.0,5.0,53.0,0.0,32.0,195.0,38.0,2.0,2.0,0.0,0,6.0,131.0,5.48,2.74,2.01,22.4,0.28,0.09,0.1,1.6,5.1,2.57,2.2,18.6,0.12,0.05,0.05,1.86,996.0,有,有
55,2024,995.0,48.1,0.0,3.6,0.0,0.0,1.2,24.8,17.3,0.3,0.0,0.0,1.2,1.4,29.1,585.0,4.0,125.0,54.0,5.0,0.0,443.0,54.3,24.5,0.8,5.5,0.0,0.0,40.8,54.3,0.0,0.0,0.3,3.4,477.0,559.0,0.0,21.0,5.0,39.0,59.6,0.0,1.7,0.0,2.7,31.6,0.0,0.1,0.1,0.0,0,0.0,2.0,63.0,1.4,4.0,7.2,0.0,14.2,1.3,0.2,0.0,5.3,0,0.0,5.6,644.0,64.0,7.0,73.0,4.0,256.0,53.0,4.0,1.0,0.0,0,3.0,34.0,5.36,2.77,2.11,22.5,0.36,0.08,0.1,2.5,3.94,2.66,1.35,24.5,0.14,0.07,0.08,1.12,1004.0,有,有
56,2024,528.0,79.7,0.1,0.0,8.8,0.0,0.6,20.2,75.7,0.2,13.0,5.8,0.0,5.2,36.4,678.0,0.0,114.0,140.0,7.0,15.0,550.0,52.3,35.7,1.5,0.0,0.4,1.3,62.0,29.5,2.1,0.0,0.2,0.0,408.0,393.0,1.0,66.0,0.0,52.0,34.5,2.2,3.0,8.1,0.7,19.9,0.1,0.2,0.0,6.6,0,0.3,3.8,84.9,4.9,5.1,3.8,3.4,30.4,2.3,0.0,0.0,1.3,0,0.0,4.8,813.0,11.0,47.0,24.0,26.0,238.0,0.0,0.0,0.0,0.0,0,2.0,130.0,5.17,2.75,2.04,22.2,0.21,0.09,0.08,2.2,5.79,2.6,1.68,24.9,0.2,0.09,0.08,1.87,964.0,有,有
57,2024,149.0,85.6,0.0,0.0,4.8,1.1,0.5,34.8,50.6,0.1,8.4,5.3,0.7,9.8,45.6,786.0,3.0,67.0,89.0,21.0,49.0,287.0,47.9,5.4,0.0,0.0,0.5,0.0,27.4,35.1,1.3,0.0,0.1,4.5,435.0,652.0,43.0,22.0,1.0,4.0,64.2,0.0,6.6,7.4,0.1,9.8,0.3,0.4,0.0,4.9,0,0.2,7.0,70.6,0.0,5.5,2.5,2.5,29.0,0.0,0.4,0.0,0.8,0,0.1,11.8,601.0,8.0,0.0,41.0,0.0,340.0,40.0,2.0,3.0,0.0,0,1.0,0.0,5.33,2.73,2.06,22.5,0.32,0.11,0.07,2.4,4.93,2.89,1.44,20.1,0.18,0.06,0.06,1.65,1079.0,有,有
58,2024,765.0,58.7,0.1,0.0,7.0,0.3,8.5,38.7,48.5,0.0,0.0,0.0,0.9,7.5,45.7,664.0,5.0,0.0,0.0,25.0,22.0,482.0,51.1,39.1,2.7,9.8,0.7,2.1,40.3,58.8,4.1,0.0,0.0,6.5,635.0,347.0,33.0,11.0,0.0,0.0,84.9,0.2,3.0,1.4,0.0,11.6,0.0,0.1,0.1,0.0,0,0.0,0.0,53.5,5.4,3.2,0.0,1.2,26.1,3.1,0.8,0.0,7.7,0,0.6,0.0,327.0,3.0,37.0,7.0,17.0,238.0,30.0,3.0,0.0,0.0,0,2.0,19.0,5.18,2.75,2.12,23.2,0.22,0.09,0.07,2.1,4.7,2.22,1.98,17.7,0.27,0.05,0.09,1.4,1081.0,有,有
59,2024,433.0,88.7,0.3,0.0,0.0,0.0,5.2,28.7,43.9,0.3,0.0,9.9,0.0,1.6,58.1,625.0,4.0,71.0,0.0,6.0,73.0,290.0,71.3,24.9,0.0,11.8,0.0,3.8,56.7,51.7,0.0,0.0,0.2,5.2,672.0,406.0,41.0,0.0,2.0,0.0,57.7,1.7,4.6,3.6,1.8,31.2,1.9,0.4,0.0,0.0,0,0.2,11.9,60.1,0.5,7.7,3.5,0.5,37.9,0.9,0.0,0.2,12.6,0,0.0,0.0,573.0,16.0,43.0,40.0,13.0,397.0,37.0,6.0,0.0,101.0,0,0.0,37.0,5.33,2.73,2.05,21.9,0.2,0.08,0.1,2.1,3.65,1.36,1.24,24.9,0.17,0.07,0.03,1.26,1074.0,有,有
60,2024,661.0,68.1,0.0,3.4,0.0,0.0,0.0,26.5,50.7,0.3,0.0,0.0,1.2,0.0,43.4,453.0,3.0,71.0,4.0,23.0,47.0,282.0,61.5,40.0,0.0,0.0,0.3,7.3,55.8,49.3,1.4,6.3,0.3,5.5,748.0,632.0,29.0,0.0,0.0,27.0,56.9,5.2,9.5,1.8,0.0,20.8,0.0,0.1,0.1,8.8,0,0.3,1.4,52.3,2.6,4.6,6.6,0.4,39.5,3.4,0.4,0.1,0.0,0,0.0,9.5,507.0,18.0,4.0,18.0,26.0,454.0,4.0,4.0,1.0,0.0,0,5.0,0.0,5.29,2.73,2.11,23.5,0.33,0.08,0.08,1.8,4.71,2.89,2.2,19.2,0.26,0.09,0.1,0.87,1082.0,有,有
61,2024,704.0,42.7,0.2,0.8,0.0,0.0,0.0,35.6,79.7,0.3,0.0,0.0,1.5,4.4,53.9,441.0,5.0,0.0,27.0,24.0,60.0,337.0,81.2,32.9,0.5,2.6,0.1,0.0,63.7,37.0,1.6,0.0,0.5,4.3,395.0,429.0,0.0,0.0,3.0,0.0,42.2,1.0,6.8,3.3,2.5,33.6,0.0,0.3,0.2,0.3,0,0.0,1.7,37.4,0.7,0.0,0.0,2.3,23.2,0.0,0.2,0.0,4.7,0,0.1,0.9,778.0,43.0,46.0,30.0,0.0,177.0,0.0,1.0,3.0,0.0,0,3.0,156.0,5.16,2.78,2.01,24.0,0.24,0.09,0.07,2.0,5.79,1.64,1.96,20.6,0.25,0.08,0.06,1.31,1056.0,有,有
62,2024,176.0,47.8,0.5,0.0,9.2,0.2,6.9,28.0,77.3,0.0,9.8,6.4,0.0,1.1,49.9,664.0,0.0,56.0,0.0,37.0,18.0,494.0,86.7,36.2,1.0,0.0,0.4,10.5,48.3,39.4,3.6,4.1,0.4,8.7,866.0,348.0,14.0,0.0,4.0,0.0,78.0,0.9,3.6,0.0,1.9,34.9,1.2,0.3,0.1,11.7,0,0.0,12.5,31.4,0.3,1.3,1.4,0.0,16.3,2.8,0.4,0.2,10.6,0,0.0,0.0,373.0,19.0,90.0,61.0,17.0,357.0,0.0,0.0,4.0,21.0,0,0.0,0.0,5.29,2.73,2.02,20.2,0.19,0.07,0.06,2.1,4.35,2.16,1.9,20.4,0.17,0.08,0.09,1.49,988.0,有,有
63,2024,298.0,68.6,0.3,3.2,9.5,2.4,5.9,20.1,47.2,0.0,3.1,16.2,0.2,4.9,48.4,787.0,2.0,0.0,79.0,0.0,18.0,410.0,68.4,54.5,0.9,3.4,0.0,1.4,64.5,44.3,0.2,2.4,0.3,0.0,586.0,716.0,0.0,123.0,6.0,19.0,61.9,0.0,8.5,4.7,4.6,12.1,0.6,0.3,0.2,0.0,0,0.0,4.5,63.1,0.0,6.8,0.0,4.8,36.9,3.9,0.4,0.0,0.9,0,0.0,0.0,574.0,92.0,49.0,12.0,27.0,338.0,19.0,1.0,0.0,168.0,0,4.0,5.0,5.55,2.69,2.03,25.3,0.42,0.07,0.11,3.0,5.79,2.17,2.2,17.8,0.12,0.09,0.04,1.61,1002.0,有,有
64,2024,467.0,53.6,0.0,0.0,2.9,0.4,11.4,42.9,46.1,0.1,0.0,5.8,1.5,3.3,41.0,287.0,0.0,0.0,34.0,0.0,0.0,354.0,66.7,34.1,0.4,0.0,0.0,7.2,44.8,65.9,2.0,0.0,0.1,1.4,530.0,428.0,24.0,59.0,0.0,66.0,62.9,2.8,1.2,2.8,0.0,35.8,0.7,0.1,0.0,2.5,0,0.4,0.0,63.8,0.0,4.3,3.6,2.1,37.6,3.0,0.3,0.3,13.4,0,0.0,8.8,454.0,59.0,33.0,56.0,1.0,500.0,0.0,1.0,0.0,0.0,0,4.0,5.0,5.57,2.76,2.1,22.7,0.37,0.08,0.08,2.0,5.79,2.66,2.2,13.5,0.26,0.08,0.08,2.05,1079.0,有,有
65,2024,264.0,44.2,0.0,0.0,4.8,0.0,1.9,34.5,63.6,0.3,1.1,5.4,0.0,0.0,31.1,572.0,3.0,44.0,88.0,10.0,77.0,458.0,35.7,34.3,0.6,0.0,0.0,12.6,59.3,42.4,1.1,0.0,0.2,0.0,498.0,587.0,0.0,63.0,4.0,0.0,37.2,3.1,5.1,4.2,1.6,27.5,0.7,0.6,0.0,0.0,0,0.4,0.0,61.6,0.0,0.3,1.4,0.0,13.3,0.9,0.5,0.0,5.4,0,0.3,0.0,806.0,11.0,43.0,0.0,2.0,299.0,9.0,0.0,1.0,193.0,0,0.0,97.0,5.31,2.74,1.98,22.0,0.28,0.07,0.08,2.0,4.5,2.74,2.2,24.9,0.2,0.07,0.04,1.81,1002.0,有,有
66,2024,23.0,54.6,0.1,0.0,0.0,1.7,7.0,6.1,59.3,0.0,8.7,0.0,2.1,0.0,36.7,343.0,4.0,6.0,0.0,46.0,29.0,179.0,70.6,27.4,4.2,0.0,0.4,6.2,61.3,40.5,0.0,0.0,0.5,0.0,508.0,419.0,35.0,8.0,1.0,15.0,55.2,4.1,1.5,2.8,0.1,35.2,0.8,0.1,0.2,9.4,0,0.3,12.3,76.3,4.0,0.2,4.2,0.9,40.4,3.9,0.2,0.1,3.4,0,0.3,0.1,512.0,108.0,45.0,29.0,16.0,135.0,1.0,2.0,0.0,131.0,0,1.0,28.0,5.51,2.78,2.04,21.8,0.29,0.08,0.06,1.9,5.79,2.39,2.08,23.4,0.3,0.09,0.07,1.39,1051.0,有,有
67,2024,930.0,62.6,0.5,11.3,0.0,1.8,6.5,37.9,65.2,0.3,0.0,0.0,0.0,2.4,16.1,724.0,0.0,33.0,0.0,12.0,46.0,298.0,72.1,12.7,0.0,6.9,0.2,0.0,42.8,30.1,1.3,4.6,0.0,0.0,495.0,488.0,24.0,83.0,0.0,27.0,58.8,1.6,6.0,5.8,0.0,14.3,0.0,0.2,0.0,0.0,0,0.1,0.0,64.7,2.2,3.1,0.0,2.1,38.5,0.0,0.3,0.5,0.0,0,0.0,0.0,551.0,57.0,11.0,59.0,14.0,452.0,38.0,0.0,1.0,102.0,0,5.0,104.0,5.17,2.77,2.11,20.5,0.32,0.09,0.08,2.8,4.79,2.8,2.19,22.8,0.16,0.07,0.07,1.26,1065.0,有,有
68,2024,622.0,56.1,0.2,6.9,4.4,0.2,3.0,7.8,59.9,0.1,5.5,4.5,1.0,5.5,36.6,806.0,0.0,66.0,0.0,25.0,58.0,405.0,63.1,39.8,0.2,3.9,0.0,0.0,76.1,48.6,6.0,15.4,0.0,0.0,583.0,618.0,37.0,33.0,0.0,0.0,36.3,2.4,3.0,2.4,0.0,27.9,0.1,0.1,0.0,5.3,0,0.1,0.4,66.5,3.0,1.3,2.6,2.4,29.5,2.6,0.2,0.0,7.5,0,0.0,3.9,646.0,0.0,0.0,43.0,0.0,458.0,0.0,4.0,0.0,54.0,0,5.0,0.0,5.3,2.71,2.06,22.7,0.27,0.08,0.08,2.4,4.19,2.02,1.28,23.6,0.21,0.09,0.08,1.17,1024.0,有,有
69,2024,281.0,50.3,0.0,5.7,9.2,2.8,5.2,43.0,63.5,0.0,4.3,7.6,0.8,3.3,30.5,743.0,1.0,35.0,84.0,0.0,28.0,356.0,58.3,13.8,0.0,0.0,0.0,5.6,26.7,49.5,0.0,8.6,0.1,1.6,787.0,275.0,6.0,27.0,1.0,0.0,74.7,4.5,12.3,0.0,0.0,31.0,0.0,0.3,0.1,5.3,0,0.0,0.0,44.8,0.0,1.5,1.1,0.2,32.6,0.8,0.0,0.2,11.3,0,0.4,2.9,477.0,0.0,53.0,31.0,18.0,227.0,23.0,0.0,1.0,44.0,0,0.0,23.0,5.31,2.72,2.08,23.3,0.31,0.08,0.08,2.0,5.79,2.33,2.04,10.5,0.07,0.05,0.06,1.66,1022.0,有,有
70,2024,408.0,51.2,0.0,5.6,6.8,0.0,2.3,50.8,86.8,0.0,0.0,5.7,0.0,6.3,49.6,642.0,1.0,36.0,0.0,0.0,35.0,481.0,55.5,43.7,1.8,10.0,0.5,0.0,46.6,44.7,1.3,17.3,0.7,5.2,632.0,396.0,0.0,49.0,1.0,0.0,72.8,0.0,3.9,2.5,0.0,27.7,0.0,0.3,0.0,18.7,0,0.0,7.9,40.4,4.1,2.1,1.4,2.6,52.7,1.9,0.5,0.3,10.0,0,0.0,2.6,450.0,59.0,0.0,14.0,45.0,272.0,67.0,2.0,1.0,4.0,0,6.0,0.0,5.43,2.71,2.04,23.0,0.28,0.09,0.09,2.1,5.52,1.63,1.44,19.4,0.26,0.05,0.08,1.77,1150.0,有,有
71,2024,676.0,66.6,0.0,0.0,6.0,1.6,5.7,38.0,54.8,0.0,16.0,8.2,1.1,0.2,22.1,557.0,2.0,26.0,0.0,0.0,11.0,382.0,60.6,53.0,0.8,7.9,0.0,8.7,66.4,57.6,0.2,4.2,0.6,4.3,526.0,398.0,11.0,157.0,4.0,110.0,61.7,4.9,2.1,2.4,1.9,37.4,1.4,0.3,0.0,0.0,0,0.0,0.0,52.5,9.2,0.0,0.0,0.2,42.5,0.0,0.8,0.1,0.0,0,0.3,4.3,647.0,72.0,71.0,50.0,5.0,234.0,4.0,0.0,0.0,5.0,0,3.0,80.0,5.19,2.79,2.06,20.7,0.37,0.1,0.09,2.2,5.1,2.89,2.04,24.9,0.19,0.08,0.09,1.32,1027.0,有,有
72,2024,874.0,59.1,0.0,0.0,0.0,0.6,0.0,39.4,79.3,0.0,10.0,0.0,0.0,0.0,19.2,635.0,0.0,119.0,172.0,0.0,0.0,651.0,64.5,10.9,1.9,0.0,0.5,1.1,47.6,39.1,0.4,6.0,0.7,0.0,766.0,432.0,22.0,0.0,1.0,101.0,52.3,4.5,2.2,2.8,0.5,39.5,0.0,0.3,0.0,6.3,0,0.3,3.3,71.5,0.0,4.8,3.9,1.2,22.8,2.5,0.0,0.2,6.9,0,0.4,0.0,716.0,59.0,121.0,21.0,16.0,202.0,23.0,2.0,1.0,61.0,0,0.0,19.0,5.31,2.75,1.99,22.0,0.36,0.09,0.09,2.4,4.45,2.89,2.2,21.0,0.29,0.06,0.09,1.58,1188.0,有,有
73,2024,100.0,45.3,0.0,0.7,5.8,1.6,0.0,29.7,43.0,0.4,0.0,4.4,0.0,3.2,53.5,404.0,3.0,0.0,33.0,12.0,29.0,691.0,46.1,44.3,1.7,9.9,0.3,7.4,40.5,47.5,1.4,5.6,0.4,7.2,667.0,274.0,1.0,0.0,0.0,27.0,58.1,5.7,2.1,3.5,0.0,40.1,1.5,0.3,0.0,13.4,0,0.3,0.1,58.4,0.0,2.3,6.6,3.9,32.3,0.0,0.3,0.0,13.7,0,0.0,0.0,694.0,91.0,53.0,0.0,1.0,298.0,11.0,0.0,2.0,26.0,0,0.0,83.0,5.37,2.77,2.08,21.3,0.32,0.09,0.09,2.9,5.79,2.76,1.15,19.0,0.15,0.08,0.1,1.03,1043.0,有,有
74,2024,1119.0,45.6,0.0,2.0,0.4,0.0,3.0,54.7,75.9,0.4,0.0,8.7,0.0,0.0,36.9,584.0,0.0,21.0,10.0,27.0,35.0,362.0,30.9,51.0,3.1,0.0,0.3,4.7,52.7,42.0,0.0,7.9,0.0,12.7,485.0,394.0,3.0,134.0,4.0,0.0,61.3,0.0,4.5,8.1,1.8,20.0,0.0,0.0,0.0,0.0,0,0.6,7.5,63.5,7.2,7.8,2.5,3.3,33.5,0.1,0.3,0.1,7.9,0,0.6,10.9,556.0,69.0,20.0,37.0,24.0,199.0,10.0,2.0,0.0,0.0,0,2.0,0.0,5.25,2.73,2.01,22.8,0.43,0.09,0.1,1.5,4.71,2.01,1.14,15.9,0.23,0.08,0.07,1.56,1166.0,有,有
75,2024,544.0,48.5,0.0,0.0,0.0,0.0,5.3,32.6,49.8,0.0,12.6,0.0,2.1,0.0,33.3,668.0,0.0,18.0,119.0,10.0,0.0,432.0,63.0,29.5,0.0,0.0,0.2,8.5,47.7,54.7,3.2,7.3,0.2,7.4,481.0,382.0,0.0,69.0,0.0,0.0,41.5,0.0,4.8,3.1,0.0,12.4,0.2,0.2,0.0,5.2,0,0.5,0.4,56.1,2.6,4.8,4.6,0.8,26.2,0.0,0.4,0.1,0.0,0,0.0,6.9,552.0,95.0,46.0,0.0,14.0,359.0,17.0,5.0,0.0,47.0,0,6.0,72.0,5.23,2.72,2.09,23.4,0.29,0.1,0.08,2.6,5.79,2.33,1.69,20.0,0.26,0.11,0.09,1.82,1027.0,有,有
76,2024,686.0,70.4,0.0,3.9,3.1,0.0,0.0,31.6,62.1,0.1,0.0,10.4,2.1,3.8,30.6,672.0,3.0,0.0,47.0,14.0,34.0,588.0,88.7,44.0,0.0,6.6,0.2,5.2,86.8,43.0,0.5,0.0,0.3,2.8,642.0,592.0,0.0,0.0,1.0,0.0,26.4,0.2,6.5,0.0,2.3,28.9,0.2,0.0,0.0,6.9,0,0.1,1.4,50.3,2.1,0.0,1.6,0.2,43.3,1.0,0.2,0.0,0.0,0,0.2,13.1,578.0,44.0,55.0,69.0,11.0,277.0,18.0,2.0,0.0,16.0,0,0.0,37.0,5.37,2.78,2.06,22.0,0.27,0.07,0.09,2.0,5.79,2.89,2.16,20.7,0.12,0.06,0.09,1.51,957.0,有,有
77,2024,92.0,45.9,0.3,0.0,6.2,0.0,1.2,36.8,46.4,0.2,4.1,6.8,2.5,2.3,43.8,718.0,4.0,0.0,0.0,19.0,35.0,517.0,62.9,35.2,0.7,0.0,0.2,11.5,73.7,37.3,1.9,6.2,0.1,8.6,866.0,482.0,6.0,60.0,0.0,94.0,65.0,6.6,0.0,6.4,2.0,19.3,3.1,0.0,0.2,0.0,0,0.1,1.7,79.9,5.9,3.0,3.2,0.0,31.6,0.0,0.0,0.2,0.0,0,0.0,0.0,401.0,0.0,54.0,0.0,31.0,258.0,2.0,5.0,1.0,14.0,0,0.0,50.0,5.3,2.72,2.09,21.8,0.35,0.08,0.07,2.2,3.91,2.44,1.02,21.3,0.21,0.09,0.05,2.07,1031.0,有,有
78,2024,738.0,70.9,0.3,0.0,4.7,2.7,8.2,17.5,31.9,0.0,3.5,0.0,0.8,11.2,22.6,636.0,4.0,0.0,0.0,23.0,41.0,405.0,64.9,37.4,0.0,0.3,0.3,0.0,38.0,38.7,1.0,0.0,0.0,7.7,576.0,675.0,12.0,50.0,5.0,38.0,44.6,0.0,7.8,3.0,1.3,14.0,1.4,0.3,0.0,7.3,0,0.2,0.1,52.9,1.9,7.4,3.6,0.7,4.3,3.0,0.4,0.0,3.0,0,0.4,3.6,580.0,74.0,61.0,59.0,27.0,343.0,8.0,6.0,4.0,95.0,0,0.0,0.0,5.51,2.76,2.05,23.9,0.46,0.12,0.08,2.1,5.21,2.39,1.91,23.8,0.17,0.07,0.07,1.65,1044.0,有,無
79,2024,318.0,46.0,0.1,5.3,0.0,0.1,5.8,66.3,72.8,0.5,9.6,0.0,1.0,0.0,53.7,529.0,1.0,203.0,98.0,6.0,25.0,289.0,63.4,33.2,0.0,5.3,0.4,7.4,60.8,48.0,0.0,3.3,0.4,1.2,472.0,480.0,14.0,37.0,1.0,88.0,88.7,5.9,1.6,7.9,1.0,25.1,0.0,0.1,0.0,0.0,0,0.3,0.0,76.0,2.3,3.7,1.0,2.3,30.6,0.0,0.3,0.0,1.3,0,0.0,3.0,759.0,14.0,31.0,18.0,8.0,338.0,8.0,1.0,0.0,42.0,0,0.0,124.0,5.18,2.76,2.1,24.0,0.23,0.08,0.09,1.8,3.01,2.27,1.92,19.4,0.16,0.08,0.06,1.78,1022.0,有,有
80,2024,667.0,58.7,0.0,0.0,0.0,0.2,2.6,34.6,62.1,0.3,6.5,0.0,2.0,4.5,40.7,308.0,4.0,25.0,0.0,33.0,4.0,237.0,52.4,60.0,0.0,6.4,0.0,2.6,86.8,45.7,3.5,2.6,0.0,4.4,577.0,169.0,39.0,0.0,3.0,35.0,56.9,4.4,3.6,1.5,0.0,17.5,0.0,0.3,0.3,0.0,0,0.0,9.5,41.0,1.4,5.0,2.4,2.0,46.1,2.2,0.3,0.0,0.0,0,0.0,15.6,529.0,0.0,21.0,61.0,0.0,287.0,2.0,3.0,1.0,0.0,0,6.0,14.0,5.24,2.7,2.04,21.4,0.27,0.1,0.1,3.0,3.89,1.32,2.18,23.7,0.26,0.06,0.09,1.92,1005.0,有,有
81,2024,817.0,68.4,0.0,0.0,7.2,1.1,5.4,45.7,55.4,0.7,14.4,6.4,0.0,1.7,23.2,599.0,6.0,5.0,173.0,4.0,69.0,409.0,65.1,45.8,0.8,0.0,0.0,0.0,68.3,33.3,2.2,2.3,0.0,4.8,631.0,338.0,14.0,34.0,0.0,36.0,46.8,5.0,8.0,5.2,2.7,22.4,2.7,0.3,0.1,2.1,0,0.4,3.7,34.9,0.0,0.5,0.0,0.8,24.5,1.2,0.3,0.0,0.8,0,0.3,3.1,866.0,30.0,45.0,87.0,5.0,396.0,0.0,0.0,0.0,0.0,0,5.0,54.0,5.36,2.71,2.02,21.2,0.25,0.09,0.09,1.7,4.74,2.86,1.95,22.8,0.19,0.1,0.05,1.16,1004.0,有,有
82,2024,677.0,65.1,0.3,4.8,5.5,0.2,0.0,43.5,43.6,0.0,0.0,1.1,3.6,3.2,23.1,718.0,2.0,78.0,71.0,0.0,39.0,207.0,38.8,52.0,1.5,5.8,0.3,0.0,73.0,36.1,0.0,13.0,0.2,1.9,628.0,671.0,0.0,3.0,0.0,0.0,58.5,0.0,4.4,1.0,1.1,38.6,0.7,0.1,0.0,0.6,0,0.3,4.0,53.0,5.0,3.8,4.6,1.0,34.2,1.4,0.1,0.1,1.5,0,0.5,7.1,651.0,41.0,72.0,89.0,33.0,246.0,27.0,0.0,2.0,138.0,0,8.0,26.0,5.18,2.75,2.03,21.5,0.27,0.07,0.09,2.2,3.76,2.39,1.95,19.3,0.15,0.07,0.09,1.25,1079.0,有,有
83,2024,994.0,67.9,0.1,15.5,10.7,0.0,2.8,41.7,55.2,0.0,0.0,0.5,4.5,4.1,50.6,505.0,5.0,0.0,26.0,31.0,93.0,467.0,67.9,39.6,0.9,5.8,0.1,5.3,37.0,70.0,0.5,3.8,0.0,7.5,358.0,355.0,38.0,33.0,1.0,0.0,80.8,1.0,4.2,0.9,3.0,32.4,1.8,0.3,0.1,2.1,0,0.5,0.0,38.6,4.4,9.9,3.4,0.0,41.7,2.6,0.0,0.1,2.9,0,0.0,2.5,556.0,50.0,9.0,0.0,24.0,314.0,30.0,6.0,2.0,44.0,0,0.0,52.0,5.13,2.71,2.07,23.4,0.3,0.07,0.06,2.5,5.79,2.89,1.09,9.6,0.24,0.08,0.09,1.05,1004.0,有,有
84,2024,942.0,62.0,0.0,17.0,5.6,0.0,0.0,51.7,46.6,0.5,8.7,1.6,3.0,8.0,0.9,810.0,0.0,12.0,0.0,6.0,44.0,307.0,66.8,34.0,0.0,0.0,0.5,8.7,48.4,31.7,1.3,2.0,0.4,0.9,633.0,622.0,41.0,10.0,0.0,44.0,54.9,4.1,1.9,7.3,1.7,30.1,2.6,0.0,0.1,0.0,0,0.0,0.0,60.2,0.0,3.8,5.3,2.1,19.3,2.2,0.3,0.0,0.0,0,0.6,2.5,696.0,1.0,29.0,22.0,30.0,308.0,0.0,2.0,1.0,0.0,0,0.0,0.0,5.27,2.71,1.97,21.6,0.32,0.06,0.1,1.9,5.79,2.89,1.91,24.8,0.18,0.06,0.08,1.08,1020.0,有,有
85,2024,706.0,56.7,0.2,0.0,7.6,0.0,9.2,34.8,41.3,0.0,0.0,4.8,1.1,7.7,34.3,506.0,0.0,49.0,93.0,23.0,1.0,398.0,47.7,42.8,0.0,1.7,0.3,6.0,58.6,31.1,0.6,0.0,0.0,10.5,614.0,727.0,23.0,124.0,1.0,101.0,73.2,1.1,4.1,0.6,1.3,16.6,0.4,0.0,0.0,0.0,0,0.0,9.1,53.5,5.2,3.0,6.3,1.3,24.1,0.4,0.5,0.1,8.2,0,0.3,0.0,617.0,31.0,72.0,0.0,0.0,269.0,42.0,5.0,2.0,64.0,0,8.0,0.0,5.35,2.75,2.09,24.6,0.21,0.1,0.09,2.7,5.63,1.91,1.71,8.9,0.18,0.03,0.07,1.13,1104.0,有,有
86,2024,979.0,54.4,0.0,2.0,4.2,1.6,4.8,37.4,40.7,0.4,0.0,3.4,1.4,2.7,58.0,676.0,1.0,0.0,99.0,3.0,19.0,318.0,69.5,55.1,0.2,17.4,0.2,0.0,40.4,38.1,1.8,0.8,0.0,8.6,722.0,345.0,10.0,6.0,2.0,55.0,37.0,0.5,0.4,5.0,1.5,22.5,0.0,0.0,0.1,0.0,0,0.2,0.0,42.3,2.4,8.5,3.6,1.1,23.1,0.3,0.3,0.1,3.0,0,0.4,1.7,573.0,43.0,57.0,27.0,3.0,114.0,0.0,4.0,2.0,0.0,0,2.0,82.0,5.05,2.73,2.0,24.4,0.52,0.08,0.09,2.9,4.05,2.43,1.78,24.9,0.32,0.08,0.07,1.42,1085.0,有,有
87,2024,730.0,54.4,0.0,7.8,0.0,0.0,3.4,61.7,64.3,0.2,0.5,0.0,1.0,0.5,36.6,458.0,0.0,41.0,9.0,0.0,36.0,225.0,38.4,25.1,0.9,4.2,0.3,2.4,67.1,45.9,0.3,0.0,0.0,11.5,316.0,215.0,30.0,0.0,4.0,10.0,79.2,0.2,1.8,6.3,1.4,18.7,0.8,0.1,0.0,0.0,0,0.0,5.0,65.8,7.6,4.7,3.0,1.4,49.1,1.5,0.5,0.1,0.0,0,0.1,9.6,640.0,88.0,45.0,0.0,37.0,234.0,12.0,4.0,0.0,0.0,0,0.0,51.0,5.3,2.71,2.05,23.1,0.26,0.08,0.07,2.8,5.79,2.89,2.2,23.3,0.31,0.06,0.06,1.75,1094.0,有,有
88,2024,721.0,65.6,0.2,0.0,0.9,1.1,0.8,25.7,44.3,0.0,0.0,4.8,2.0,0.0,32.4,618.0,0.0,0.0,0.0,24.0,37.0,424.0,23.4,31.8,1.9,3.0,0.0,9.4,86.8,37.4,0.0,7.7,1.0,0.0,659.0,318.0,0.0,144.0,0.0,128.0,84.6,5.4,10.2,3.2,1.2,10.8,0.1,0.4,0.0,0.0,0,0.0,5.2,29.4,0.5,1.8,5.2,1.8,20.4,1.8,0.0,0.0,4.9,0,0.0,0.4,531.0,76.0,24.0,13.0,11.0,311.0,0.0,1.0,0.0,181.0,0,2.0,9.0,5.39,2.76,2.02,22.6,0.3,0.07,0.07,2.1,5.01,2.89,2.2,24.9,0.15,0.08,0.08,2.03,1010.0,有,有
89,2024,613.0,51.2,0.3,6.5,6.4,0.1,3.8,7.6,40.2,0.2,4.9,8.8,0.2,0.3,38.3,866.0,0.0,0.0,76.0,0.0,0.0,587.0,49.7,35.3,0.0,3.5,0.0,2.3,40.9,36.5,2.7,4.0,0.0,0.0,689.0,245.0,10.0,0.0,0.0,0.0,60.5,5.1,0.0,0.3,1.3,23.8,0.9,0.0,0.1,5.4,0,0.0,0.0,66.0,4.1,3.4,0.9,1.3,34.9,0.0,0.5,0.1,0.0,0,0.2,0.0,642.0,42.0,92.0,45.0,10.0,269.0,0.0,3.0,3.0,64.0,0,1.0,0.0,5.13,2.72,2.03,22.2,0.29,0.1,0.09,2.3,4.76,2.89,2.17,23.2,0.22,0.07,0.05,0.62,1064.0,有,有
90,2024,653.0,63.9,0.0,0.0,7.6,1.3,3.3,24.3,82.8,0.2,4.6,3.0,2.7,6.6,47.4,603.0,7.0,0.0,45.0,0.0,36.0,306.0,44.5,38.2,0.0,0.0,0.5,10.7,56.6,19.4,1.5,0.0,0.2,0.0,707.0,569.0,20.0,53.0,0.0,65.0,86.3,4.0,3.9,2.5,0.7,25.6,0.0,0.0,0.0,0.5,0,0.0,0.0,23.3,0.0,2.8,7.6,1.7,26.0,3.1,0.0,0.0,6.5,0,0.5,15.1,630.0,31.0,46.0,0.0,16.0,393.0,15.0,0.0,1.0,7.0,0,2.0,23.0,5.32,2.77,2.03,24.5,0.27,0.1,0.08,2.3,5.79,2.88,2.2,17.2,0.23,0.11,0.06,0.9,1041.0,有,有
91,2024,47.0,37.2,0.1,0.0,0.0,0.0,4.4,40.2,50.1,0.5,7.0,11.8,2.0,1.7,58.7,547.0,7.0,0.0,0.0,28.0,71.0,445.0,69.0,69.4,1.6,6.3,0.3,1.5,68.5,56.3,1.1,0.0,0.3,0.0,619.0,576.0,0.0,0.0,0.0,108.0,67.9,5.3,6.5,0.0,1.1,24.5,0.0,0.1,0.0,0.0,0,0.0,5.3,53.8,6.8,0.1,0.0,1.7,25.5,0.3,0.6,0.4,4.0,0,0.1,5.3,607.0,6.0,4.0,9.0,9.0,358.0,40.0,5.0,1.0,55.0,0,6.0,16.0,5.12,2.74,1.99,18.8,0.3,0.1,0.1,2.3,4.48,2.89,2.2,22.4,0.18,0.04,0.07,1.22,999.0,有,無
92,2024,17.0,63.8,0.3,0.0,10.6,0.0,4.4,15.6,67.1,0.0,16.7,0.9,0.0,2.3,37.1,800.0,1.0,112.0,33.0,15.0,69.0,332.0,28.2,27.9,1.9,0.0,0.8,0.0,61.0,37.9,0.0,18.8,0.0,2.5,628.0,315.0,0.0,0.0,0.0,47.0,48.6,3.7,2.8,1.9,0.0,21.4,0.8,0.4,0.0,5.9,0,0.4,3.3,76.6,4.3,0.1,5.1,2.8,18.6,1.5,0.1,0.2,0.0,0,0.2,0.0,701.0,67.0,40.0,48.0,0.0,292.0,43.0,2.0,2.0,67.0,0,3.0,135.0,5.33,2.69,2.01,20.8,0.23,0.08,0.09,1.9,5.79,1.91,2.2,22.5,0.18,0.08,0.08,1.51,967.0,有,有
93,2024,71.0,53.8,0.2,14.5,3.0,0.4,4.6,47.6,53.8,0.1,6.6,4.8,1.0,0.7,29.4,582.0,0.0,0.0,37.0,0.0,26.0,280.0,52.4,46.8,2.9,9.1,0.3,4.9,59.0,43.6,1.0,3.1,0.0,0.0,671.0,245.0,20.0,12.0,6.0,23.0,63.2,4.3,3.7,4.2,1.8,28.9,0.4,0.2,0.3,3.3,0,0.1,0.0,42.0,2.6,3.2,6.5,3.8,23.9,0.9,0.0,0.0,7.0,0,0.3,5.2,562.0,11.0,0.0,0.0,27.0,277.0,14.0,7.0,0.0,43.0,0,0.0,63.0,5.24,2.72,2.03,23.8,0.23,0.09,0.08,2.0,5.68,2.18,2.2,7.8,0.17,0.06,0.05,1.59,969.0,有,有
94,2024,1106.0,55.8,0.0,0.0,0.0,0.0,2.3,22.8,63.8,0.0,7.5,4.4,0.1,5.0,39.9,594.0,5.0,83.0,0.0,13.0,23.0,459.0,65.4,42.1,2.3,0.0,0.0,4.8,66.1,35.8,0.0,0.6,0.4,3.5,729.0,696.0,0.0,0.0,0.0,68.0,55.1,1.8,2.2,2.6,1.6,28.8,0.0,0.2,0.0,0.0,0,0.3,0.0,54.5,7.0,0.3,4.3,0.0,35.0,0.2,0.0,0.0,7.8,0,0.4,16.4,866.0,25.0,71.0,24.0,13.0,439.0,1.0,0.0,2.0,0.0,0,5.0,0.0,5.25,2.71,2.05,24.1,0.35,0.08,0.09,1.9,4.91,2.89,1.25,24.9,0.13,0.08,0.09,0.57,980.0,有,有
95,2024,860.0,45.9,0.0,3.1,0.2,1.8,2.6,48.9,42.3,0.6,8.1,0.0,1.4,1.0,37.5,542.0,0.0,55.0,26.0,0.0,31.0,210.0,63.2,30.6,1.0,3.9,0.0,1.5,73.3,31.9,0.0,4.1,0.0,8.3,634.0,237.0,21.0,115.0,2.0,0.0,65.6,2.4,0.0,0.0,0.6,35.0,0.0,0.1,0.1,6.9,0,0.1,0.0,47.2,2.2,2.8,0.0,1.8,27.8,1.2,0.0,0.0,5.7,0,0.0,0.0,701.0,48.0,45.0,98.0,34.0,220.0,61.0,2.0,1.0,64.0,0,4.0,18.0,5.11,2.71,1.99,22.3,0.29,0.09,0.08,1.9,5.79,2.26,1.56,22.0,0.19,0.06,0.05,2.05,1137.0,有,有
96,2024,744.0,53.2,0.0,2.5,2.4,0.0,4.2,24.9,50.4,0.0,0.0,6.9,1.5,4.6,18.3,405.0,2.0,34.0,12.0,0.0,3.0,399.0,47.9,41.7,1.2,2.2,0.1,0.0,74.4,26.5,1.1,10.8,0.4,1.4,603.0,479.0,29.0,93.0,2.0,0.0,43.6,0.0,6.9,1.3,1.3,38.0,0.2,0.0,0.0,0.0,0,0.0,0.0,71.5,1.0,2.9,5.8,0.0,35.8,0.0,0.1,0.0,0.0,0,0.3,7.2,411.0,51.0,64.0,68.0,0.0,369.0,8.0,1.0,0.0,14.0,0,4.0,10.0,5.37,2.77,2.05,23.1,0.19,0.08,0.1,2.4,3.0,2.89,1.27,22.8,0.2,0.04,0.1,1.52,1140.0,有,有
97,2024,438.0,60.1,0.0,0.0,3.8,0.8,0.6,39.3,86.0,0.3,0.0,7.4,1.7,4.5,32.7,315.0,0.0,0.0,0.0,7.0,0.0,343.0,59.8,42.5,0.0,0.0,0.1,0.0,67.2,30.2,0.0,5.6,0.0,1.4,499.0,526.0,0.0,20.0,0.0,196.0,42.9,4.2,8.4,3.0,3.5,26.2,0.0,0.1,0.1,0.0,0,0.0,0.0,52.3,0.5,5.6,1.7,3.3,20.0,0.0,0.3,0.0,0.9,0,0.3,0.0,588.0,29.0,20.0,14.0,0.0,189.0,4.0,5.0,0.0,11.0,0,2.0,100.0,5.27,2.7,2.01,23.3,0.49,0.09,0.06,1.4,4.39,1.72,1.87,20.1,0.1,0.09,0.06,1.98,1121.0,有,有
98,2024,1052.0,64.2,0.2,11.1,11.8,0.0,2.1,28.4,66.1,0.4,0.0,0.0,2.1,3.6,28.1,679.0,0.0,0.0,28.0,0.0,44.0,311.0,72.4,32.2,1.3,12.2,0.2,0.0,49.6,52.9,1.6,5.2,0.1,9.1,396.0,533.0,56.0,79.0,1.0,76.0,47.4,2.9,6.1,0.5,0.0,28.4,0.0,0.1,0.0,0.0,0,0.3,3.3,45.2,1.2,0.0,4.6,2.0,22.8,2.3,0.5,0.0,7.4,0,0.0,0.0,519.0,48.0,14.0,0.0,31.0,239.0,13.0,0.0,0.0,0.0,0,4.0,184.0,5.27,2.73,2.05,21.1,0.38,0.07,0.1,2.2,5.79,1.49,2.2,19.4,0.24,0.08,0.03,1.49,1100.0,有,有
99,2024,98.0,46.4,0.5,0.0,0.8,0.1,5.9,41.8,51.9,0.4,0.0,5.9,1.9,2.3,8.6,544.0,0.0,0.0,60.0,5.0,40.0,381.0,66.4,22.8,0.5,0.0,0.3,7.0,70.9,53.1,1.5,0.0,0.0,10.4,298.0,502.0,9.0,0.0,5.0,19.0,74.6,4.3,1.2,2.1,0.0,37.4,1.7,0.4,0.0,0.0,0,0.5,11.8,48.5,3.1,0.0,1.6,2.1,33.5,0.0,0.2,0.1,18.5,0,0.2,4.7,370.0,30.0,15.0,68.0,23.0,363.0,27.0,7.0,3.0,131.0,0,0.0,19.0,5.38,2.73,2.02,22.8,0.49,0.1,0.07,1.6,5.59,2.89,2.2,23.4,0.17,0.05,0.07,0.86,1036.0,有,有
100,2024,66.0,70.6,0.4,4.9,1.4,1.7,1.0,45.8,55.3,0.2,0.0,0.0,3.1,6.1,48.8,465.0,3.0,0.0,14.0,2.0,51.0,323.0,51.8,9.7,0.7,0.0,0.0,7.4,55.4,29.1,1.0,1.4,0.0,1.7,580.0,346.0,20.0,95.0,4.0,93.0,80.2,1.1,8.8,2.0,0.7,26.7,0.0,0.3,0.1,10.1,0,0.1,7.8,86.8,8.4,3.4,1.4,1.5,24.2,1.6,0.7,0.1,0.0,0,0.4,0.0,501.0,0.0,56.0,26.0,18.0,302.0,6.0,0.0,0.0,0.0,0,0.0,152.0,5.09,2.75,1.99,26.3,0.2,0.07,0.1,2.4,5.38,2.89,1.76,16.8,0.15,0.08,0.06,1.09,1018.0,有,有
101,2024,490.0,61.1,0.0,1.3,0.0,1.1,1.7,42.1,80.5,0.1,4.1,6.1,4.1,0.0,37.5,549.0,3.0,56.0,0.0,5.0,0.0,403.0,74.3,35.0,0.0,1.4,0.2,11.0,58.7,44.8,1.3,5.6,0.1,0.0,564.0,603.0,20.0,107.0,2.0,29.0,57.0,4.9,0.4,0.0,0.0,31.4,0.0,0.1,0.0,2.4,0,0.0,0.0,63.1,2.5,6.5,0.0,0.0,28.8,2.9,0.0,0.0,0.0,0,0.4,4.3,671.0,26.0,37.0,60.0,47.0,305.0,20.0,0.0,0.0,0.0,0,0.0,0.0,5.04,2.78,2.12,20.6,0.32,0.06,0.09,2.4,4.15,1.27,2.2,24.9,0.26,0.07,0.08,1.52,989.0,有,有
102,2024,888.0,71.8,0.0,0.0,1.2,1.4,2.2,14.7,65.5,0.4,17.9,3.2,1.3,3.1,27.6,866.0,4.0,0.0,95.0,10.0,42.0,311.0,60.1,32.8,1.1,0.0,0.3,7.2,65.1,55.1,3.6,3.9,0.1,4.1,461.0,280.0,4.0,142.0,0.0,65.0,47.6,5.9,1.5,0.0,3.0,18.2,1.0,0.2,0.2,7.2,0,0.2,3.1,58.3,0.0,4.6,1.6,1.4,18.6,0.6,0.0,0.1,6.9,0,0.6,3.7,365.0,42.0,42.0,56.0,22.0,335.0,11.0,6.0,0.0,16.0,0,1.0,23.0,5.42,2.73,1.98,23.4,0.31,0.08,0.07,2.1,5.53,2.65,1.53,14.9,0.3,0.09,0.05,1.2,1031.0,有,有
103,2024,758.0,52.6,0.4,17.6,0.0,3.5,2.7,30.7,49.5,0.1,7.2,13.2,0.0,3.8,36.6,685.0,2.0,75.0,35.0,12.0,31.0,302.0,64.6,45.6,0.9,8.7,0.4,7.5,58.0,39.0,5.1,2.5,0.0,2.5,532.0,419.0,26.0,126.0,4.0,30.0,52.3,5.3,6.1,2.0,0.3,24.6,0.8,0.3,0.0,0.0,0,0.2,12.1,37.0,0.0,4.3,0.0,0.0,25.8,1.5,0.0,0.4,3.9,0,0.2,0.0,426.0,44.0,60.0,11.0,0.0,275.0,64.0,3.0,4.0,0.0,0,4.0,75.0,5.19,2.69,2.01,22.0,0.22,0.07,0.07,2.0,5.57,2.89,2.2,20.4,0.21,0.06,0.07,1.84,1103.0,有,有
104,2024,262.0,74.2,0.1,8.6,8.6,3.3,0.1,39.1,28.0,0.0,6.3,0.0,0.0,2.9,26.0,402.0,0.0,61.0,12.0,16.0,0.0,364.0,67.2,28.9,1.0,1.8,0.0,1.4,67.7,51.8,1.6,0.0,0.2,5.8,540.0,575.0,21.0,0.0,3.0,52.0,42.0,1.7,2.5,6.1,2.0,25.9,2.0,0.4,0.1,0.0,0,0.0,0.0,60.9,9.9,9.3,1.9,0.9,14.2,1.5,0.2,0.0,0.0,0,0.0,5.1,492.0,40.0,100.0,20.0,0.0,203.0,15.0,5.0,0.0,11.0,0,0.0,11.0,5.29,2.71,2.03,22.5,0.31,0.1,0.07,2.1,5.79,2.89,1.67,24.9,0.25,0.12,0.06,1.19,989.0,有,有
105,2024,466.0,70.5,0.2,0.0,0.0,0.0,6.8,35.6,66.1,0.0,0.0,0.0,0.0,6.5,37.5,717.0,2.0,84.0,0.0,40.0,49.0,441.0,41.5,16.0,0.8,0.4,0.6,3.0,43.6,41.7,3.1,0.0,0.3,6.6,654.0,272.0,12.0,159.0,1.0,95.0,62.1,2.4,6.1,0.0,1.0,33.8,1.1,0.1,0.0,0.0,0,0.2,0.0,60.8,5.0,6.5,3.0,1.3,23.6,4.1,0.3,0.0,0.0,0,0.0,0.0,477.0,42.0,88.0,64.0,9.0,185.0,4.0,4.0,0.0,107.0,0,1.0,7.0,5.36,2.73,1.99,22.3,0.25,0.08,0.1,2.3,4.2,1.73,2.2,17.6,0.03,0.07,0.05,1.03,959.0,有,有
106,2024,980.0,39.5,0.1,0.0,16.0,0.0,4.2,40.7,46.8,0.0,1.1,1.8,0.0,5.3,22.1,403.0,5.0,0.0,0.0,0.0,0.0,158.0,56.2,33.2,0.0,5.8,0.1,2.5,74.9,41.7,0.3,0.0,0.0,0.0,776.0,494.0,9.0,118.0,5.0,84.0,47.4,3.7,6.4,5.7,3.0,20.8,0.0,0.2,0.0,8.5,0,0.2,17.9,31.2,6.4,0.8,6.8,0.2,16.7,1.2,0.0,0.0,0.0,0,0.0,0.0,797.0,38.0,26.0,0.0,12.0,381.0,11.0,0.0,0.0,81.0,0,8.0,134.0,5.2,2.78,2.04,22.1,0.32,0.07,0.08,2.3,3.96,2.15,1.9,21.9,0.19,0.06,0.08,1.92,1044.0,有,有
107,2024,641.0,53.7,0.0,9.7,0.0,1.7,0.0,23.1,73.1,0.5,0.0,6.0,0.1,5.4,25.3,722.0,1.0,64.0,45.0,15.0,0.0,477.0,64.4,52.9,0.0,6.3,0.3,0.0,67.1,36.5,0.6,8.2,0.0,6.5,382.0,175.0,10.0,160.0,1.0,0.0,63.2,1.6,3.5,0.0,0.9,39.3,0.0,0.5,0.0,2.2,0,0.3,5.8,44.1,3.4,8.4,2.6,3.4,33.4,0.0,0.4,0.2,5.3,0,0.6,3.5,516.0,57.0,79.0,5.0,4.0,285.0,0.0,3.0,1.0,0.0,0,3.0,160.0,5.17,2.72,2.04,23.3,0.29,0.08,0.08,2.2,5.79,2.89,2.2,20.4,0.2,0.1,0.03,2.14,1010.0,有,有
108,2024,425.0,57.4,0.0,11.8,2.2,2.5,2.4,31.6,85.7,0.0,3.1,7.4,1.6,9.7,45.0,669.0,0.0,124.0,42.0,1.0,21.0,498.0,72.1,50.1,2.4,1.6,0.0,0.0,40.0,54.9,0.0,0.0,0.1,0.0,801.0,444.0,36.0,0.0,1.0,0.0,46.1,0.3,1.4,0.9,1.0,13.6,2.0,0.4,0.0,0.0,0,0.0,1.8,66.6,5.1,2.8,6.8,0.0,40.0,1.1,0.0,0.0,0.0,0,0.0,6.1,493.0,22.0,0.0,30.0,0.0,224.0,24.0,6.0,2.0,0.0,0,0.0,135.0,5.28,2.74,1.98,22.2,0.28,0.07,0.09,1.7,4.47,2.89,1.45,24.9,0.16,0.07,0.09,1.44,1140.0,有,無
109,2024,674.0,43.2,0.6,0.0,8.5,2.9,5.3,29.9,47.5,0.0,0.0,7.1,3.5,4.4,25.6,490.0,0.0,189.0,12.0,29.0,45.0,442.0,49.8,22.6,0.0,2.3,0.7,1.3,47.5,50.2,1.7,0.0,0.1,0.0,656.0,396.0,24.0,19.0,1.0,74.0,70.8,0.0,5.9,5.7,0.0,20.1,0.2,0.0,0.0,0.0,0,0.6,7.2,54.3,0.6,3.8,1.7,2.5,24.6,0.7,0.0,0.0,8.8,0,0.9,5.8,445.0,39.0,42.0,0.0,6.0,276.0,51.0,2.0,2.0,79.0,0,2.0,44.0,5.14,2.73,2.05,21.4,0.26,0.07,0.08,2.1,3.95,2.04,1.93,24.3,0.18,0.1,0.08,1.62,998.0,有,有
110,2024,890.0,45.4,0.2,0.0,0.0,0.0,1.6,39.5,86.8,0.0,10.7,4.3,1.4,7.4,32.5,686.0,9.0,79.0,86.0,20.0,36.0,333.0,61.3,39.3,1.0,2.5,0.1,0.0,45.4,35.5,0.0,11.3,0.4,0.0,866.0,500.0,18.0,13.0,2.0,9.0,88.7,2.5,3.4,1.2,1.3,21.2,0.0,0.3,0.1,0.0,0,0.2,4.3,34.9,5.6,8.6,2.9,1.5,36.3,2.4,0.2,0.0,3.8,0,0.4,7.3,586.0,0.0,65.0,43.0,21.0,315.0,28.0,0.0,2.0,0.0,0,1.0,4.0,5.4,2.75,2.02,21.7,0.19,0.08,0.1,2.4,4.72,2.89,2.2,24.9,0.17,0.08,0.09,1.7,1008.0,有,有
111,2024,475.0,48.4,0.4,0.0,12.4,2.0,5.1,22.1,66.9,0.4,0.0,5.9,3.0,7.7,52.3,632.0,4.0,62.0,0.0,33.0,54.0,375.0,42.6,41.8,1.1,8.7,0.0,2.7,43.2,21.9,1.5,1.5,0.1,4.2,339.0,364.0,32.0,0.0,2.0,0.0,58.4,0.0,8.4,4.8,0.0,44.2,1.0,0.3,0.0,1.6,0,0.0,5.6,56.6,9.0,3.4,6.8,0.0,12.7,4.4,0.0,0.0,0.0,0,0.0,7.5,526.0,9.0,62.0,10.0,0.0,267.0,24.0,2.0,0.0,137.0,0,6.0,42.0,5.29,2.72,2.0,20.9,0.35,0.08,0.07,2.8,3.77,2.75,2.12,24.9,0.19,0.04,0.05,1.98,1093.0,有,有
112,2024,948.0,33.7,0.0,0.0,11.2,0.0,3.7,35.6,41.2,0.2,0.0,13.3,0.0,5.5,54.6,438.0,6.0,52.0,30.0,0.0,60.0,390.0,77.2,34.6,2.4,1.2,0.0,9.5,30.2,21.6,1.7,2.6,0.3,10.7,673.0,234.0,13.0,14.0,0.0,39.0,63.0,4.0,5.4,3.6,1.6,28.5,0.6,0.3,0.0,8.0,0,0.2,0.0,78.6,0.0,5.2,5.7,0.7,17.9,0.5,0.2,0.1,0.0,0,0.2,21.0,634.0,4.0,110.0,17.0,29.0,461.0,0.0,0.0,1.0,112.0,0,1.0,64.0,5.35,2.7,2.02,21.3,0.33,0.08,0.09,2.2,5.47,2.83,2.2,19.8,0.29,0.07,0.08,1.47,1168.0,有,有
113,2024,917.0,60.9,0.0,0.0,0.1,0.3,1.4,16.2,52.1,0.0,0.0,7.6,0.7,4.0,38.0,596.0,0.0,99.0,18.0,0.0,43.0,498.0,68.5,34.4,0.0,0.0,0.4,6.4,61.8,38.1,0.0,8.6,0.3,0.0,450.0,451.0,12.0,23.0,0.0,0.0,78.6,4.2,0.8,0.0,2.0,27.2,0.7,0.5,0.0,1.1,0,0.1,3.6,48.1,0.2,6.1,2.1,1.5,34.0,0.1,0.2,0.4,0.6,0,0.0,0.0,511.0,16.0,87.0,9.0,30.0,516.0,23.0,0.0,0.0,79.0,0,8.0,63.0,5.37,2.7,1.99,22.5,0.24,0.09,0.11,2.3,4.84,2.06,1.51,17.9,0.19,0.04,0.07,1.68,1020.0,有,有
114,2024,1008.0,51.4,0.2,0.0,11.2,0.0,3.4,42.0,36.2,0.8,1.0,5.7,1.3,0.0,28.0,580.0,5.0,99.0,0.0,14.0,0.0,288.0,73.0,23.3,0.0,5.7,0.2,0.0,27.6,49.3,0.9,7.0,0.0,5.7,615.0,356.0,4.0,0.0,4.0,32.0,88.7,6.2,0.9,6.4,2.9,36.9,0.0,0.0,0.1,8.1,0,0.6,8.0,81.8,0.6,6.2,6.0,1.5,44.0,1.0,0.0,0.0,2.6,0,0.0,6.0,520.0,51.0,10.0,23.0,7.0,316.0,0.0,4.0,3.0,62.0,0,3.0,0.0,5.32,2.7,2.04,23.0,0.29,0.09,0.07,2.2,4.59,2.89,1.18,24.2,0.2,0.08,0.07,1.3,1101.0,有,有
115,2024,809.0,56.6,0.0,6.2,10.7,0.3,4.2,48.0,54.9,0.2,0.0,0.0,1.8,1.4,42.9,727.0,0.0,96.0,93.0,9.0,0.0,495.0,60.5,25.5,0.0,13.4,0.1,0.0,78.4,39.7,0.2,1.4,0.0,5.2,544.0,187.0,27.0,0.0,0.0,10.0,43.1,7.0,9.8,4.2,0.3,36.9,1.0,0.3,0.1,1.3,0,0.0,0.0,30.7,2.2,3.3,6.8,1.8,27.1,1.6,0.0,0.2,1.0,0,0.0,3.2,866.0,64.0,17.0,34.0,19.0,338.0,8.0,0.0,0.0,0.0,0,0.0,109.0,5.16,2.75,2.09,24.1,0.21,0.08,0.09,1.8,5.79,1.24,1.89,24.9,0.08,0.08,0.07,1.32,1027.0,有,有
116,2024,1102.0,45.0,0.0,5.7,6.0,0.1,4.0,33.7,63.9,0.1,0.2,7.9,0.0,1.3,37.2,654.0,1.0,96.0,145.0,18.0,37.0,459.0,59.6,45.0,1.0,11.7,1.0,0.0,63.5,62.5,3.4,0.0,0.0,6.2,396.0,445.0,0.0,82.0,3.0,71.0,62.0,3.2,0.0,3.2,0.0,39.7,1.7,0.1,0.1,1.8,0,0.3,11.7,62.2,0.6,7.4,0.0,1.8,23.5,2.2,0.1,0.0,4.4,0,0.6,0.0,605.0,25.0,18.0,16.0,19.0,381.0,32.0,2.0,0.0,0.0,0,9.0,112.0,5.09,2.74,2.0,22.8,0.25,0.09,0.09,2.1,5.79,2.89,2.13,22.5,0.24,0.11,0.08,0.42,1056.0,有,有
117,2024,1035.0,77.7,0.1,7.2,0.0,0.0,0.0,42.3,78.6,0.0,10.8,10.6,0.3,6.4,38.1,662.0,2.0,181.0,0.0,24.0,22.0,392.0,45.2,20.1,1.2,0.0,0.0,12.1,41.4,36.1,0.0,0.1,0.4,6.4,852.0,337.0,19.0,49.0,4.0,123.0,69.5,3.2,5.5,1.7,1.5,28.3,2.5,0.4,0.0,5.9,0,0.0,0.0,48.3,5.3,0.4,1.8,1.4,35.0,3.9,0.0,0.0,0.4,0,0.1,10.1,576.0,40.0,67.0,29.0,8.0,166.0,2.0,1.0,0.0,49.0,0,3.0,26.0,5.34,2.7,2.11,23.1,0.42,0.09,0.09,2.6,5.79,2.3,1.93,13.3,0.2,0.06,0.06,1.4,1048.0,有,有
118,2024,517.0,52.5,0.3,3.1,3.8,0.4,0.9,42.3,64.3,0.5,1.3,0.0,0.9,0.8,44.0,511.0,0.0,87.0,45.0,7.0,55.0,340.0,53.7,43.0,0.2,1.7,0.4,0.0,45.8,38.5,3.1,18.8,0.5,9.6,621.0,443.0,0.0,0.0,6.0,37.0,48.0,0.0,6.0,6.9,1.5,20.6,1.7,0.0,0.0,0.0,0,0.2,13.9,72.0,5.0,3.3,1.1,0.0,30.5,0.7,0.1,0.0,0.0,0,0.0,8.5,552.0,21.0,73.0,15.0,0.0,262.0,46.0,0.0,0.0,153.0,0,0.0,39.0,5.28,2.74,2.02,22.7,0.38,0.08,0.12,1.5,5.36,2.89,1.81,22.7,0.14,0.09,0.08,1.55,1027.0,有,有
119,2024,447.0,62.0,0.3,3.7,2.1,0.0,5.1,32.3,35.1,0.2,10.8,1.5,2.1,11.0,37.8,784.0,6.0,168.0,34.0,4.0,14.0,327.0,50.3,29.3,1.4,11.4,0.4,0.0,60.0,24.6,0.0,7.7,0.0,11.5,745.0,375.0,41.0,71.0,0.0,48.0,50.9,3.2,6.4,0.0,1.3,27.2,0.9,0.0,0.2,0.0,0,0.5,0.0,60.8,0.8,5.3,1.9,0.0,30.0,3.8,0.3,0.1,0.0,0,0.0,2.8,478.0,72.0,38.0,9.0,32.0,384.0,0.0,0.0,4.0,0.0,0,1.0,66.0,5.48,2.74,2.02,22.9,0.31,0.1,0.08,2.4,3.95,2.89,2.03,19.6,0.15,0.08,0.06,1.51,1043.0,有,有
120,2024,1036.0,40.4,0.4,0.0,0.7,2.1,1.8,40.4,70.6,0.5,1.5,0.2,2.4,0.8,34.5,654.0,4.0,112.0,69.0,23.0,19.0,567.0,57.9,43.3,0.7,0.0,0.2,6.6,39.4,49.8,3.7,9.7,0.8,0.0,383.0,629.0,38.0,85.0,0.0,0.0,62.4,4.6,4.3,6.6,2.2,17.6,0.0,0.4,0.1,0.5,0,0.2,7.5,40.6,0.0,5.2,0.0,0.0,10.0,0.0,0.3,0.2,13.9,0,0.4,0.0,542.0,27.0,54.0,35.0,30.0,300.0,9.0,0.0,0.0,65.0,0,0.0,56.0,5.17,2.68,2.02,22.7,0.25,0.1,0.08,2.0,4.88,2.09,2.2,24.6,0.19,0.08,0.12,1.79,1027.0,有,有
121,2024,638.0,45.9,0.1,2.3,0.0,2.7,1.2,49.1,61.8,0.0,0.0,0.0,0.6,3.5,20.0,754.0,2.0,0.0,105.0,23.0,62.0,454.0,57.7,46.1,0.0,0.0,0.0,2.6,48.5,33.1,0.0,0.0,0.1,4.1,374.0,420.0,0.0,90.0,2.0,0.0,68.8,0.4,3.2,0.5,0.0,36.1,0.0,0.1,0.1,0.0,0,0.0,10.8,47.1,3.5,7.5,5.2,1.8,37.7,1.5,0.0,0.2,15.4,0,0.1,1.5,642.0,77.0,39.0,26.0,21.0,298.0,0.0,0.0,0.0,0.0,0,0.0,0.0,5.42,2.71,2.04,22.6,0.29,0.09,0.06,2.0,5.06,2.89,1.43,24.9,0.13,0.07,0.08,1.92,986.0,有,有
122,2024,581.0,47.5,0.2,9.3,0.0,0.0,2.7,34.5,55.8,0.0,7.2,1.7,3.8,0.1,38.8,326.0,5.0,0.0,40.0,17.0,17.0,209.0,59.0,37.0,1.9,0.0,0.3,6.1,69.7,47.4,0.0,5.1,0.5,7.6,542.0,298.0,28.0,53.0,5.0,65.0,75.7,3.1,2.1,5.0,0.0,39.4,0.2,0.1,0.1,5.7,0,0.0,5.3,53.6,0.0,5.1,0.0,1.6,16.9,0.0,0.0,0.0,0.0,0,0.1,2.8,671.0,48.0,46.0,0.0,9.0,234.0,11.0,0.0,0.0,113.0,0,3.0,0.0,5.11,2.76,2.01,24.4,0.27,0.08,0.1,2.4,2.63,2.89,1.41,24.9,0.2,0.06,0.08,1.78,1049.0,有,有
123,2024,802.0,29.7,0.0,0.0,0.0,0.6,4.7,27.7,64.5,0.3,2.9,6.7,2.4,1.0,32.6,516.0,5.0,0.0,0.0,16.0,22.0,493.0,59.0,48.0,1.3,0.6,0.0,8.8,38.0,30.4,1.1,0.0,0.4,4.1,693.0,591.0,9.0,86.0,3.0,105.0,86.8,2.9,0.5,2.1,0.0,30.0,0.0,0.1,0.1,0.0,0,0.3,9.0,63.0,4.8,4.1,4.0,2.2,40.7,1.8,0.0,0.1,1.0,0,0.0,1.0,586.0,0.0,93.0,33.0,0.0,428.0,0.0,0.0,1.0,0.0,0,0.0,100.0,5.22,2.75,2.06,21.9,0.31,0.1,0.11,2.4,5.42,2.89,1.93,24.9,0.16,0.07,0.06,1.13,1015.0,有,有
124,2024,1010.0,76.3,0.0,1.9,0.0,2.3,0.4,19.8,79.4,0.0,2.2,3.8,1.9,8.0,50.5,617.0,0.0,88.0,83.0,21.0,76.0,310.0,79.5,52.5,1.9,5.9,0.0,0.0,52.4,39.5,0.1,0.0,0.0,0.0,420.0,336.0,0.0,126.0,0.0,68.0,49.3,8.3,3.5,6.0,1.4,23.5,0.5,0.1,0.2,0.0,0,0.6,8.2,67.2,2.8,0.0,6.0,0.4,39.3,2.0,0.1,0.0,5.2,0,0.0,18.4,407.0,0.0,73.0,1.0,20.0,334.0,34.0,1.0,2.0,37.0,0,3.0,98.0,5.31,2.74,2.02,22.7,0.36,0.07,0.11,1.9,5.79,1.7,1.52,14.0,0.27,0.07,0.08,1.58,1080.0,有,有
125,2024,666.0,57.1,0.2,1.0,0.0,0.0,0.0,31.7,68.9,0.1,0.0,1.4,2.7,2.5,36.2,763.0,0.0,149.0,0.0,6.0,14.0,301.0,88.7,38.2,1.7,0.0,0.2,6.1,35.5,33.4,2.4,0.0,0.5,1.5,495.0,592.0,0.0,0.0,3.0,40.0,60.7,1.6,4.8,2.5,1.1,30.8,1.2,0.0,0.1,8.4,0,0.3,0.0,60.6,9.7,6.3,0.0,0.6,18.1,0.0,0.5,0.1,9.2,0,0.7,1.2,866.0,28.0,24.0,0.0,2.0,384.0,27.0,5.0,3.0,65.0,0,0.0,127.0,5.16,2.71,2.03,22.5,0.43,0.09,0.06,1.9,5.4,2.27,1.55,22.2,0.25,0.09,0.05,1.25,1049.0,有,有
126,2024,1111.0,63.2,0.3,0.0,5.1,2.6,4.6,28.1,63.6,0.3,1.5,8.0,0.0,0.0,46.5,484.0,2.0,0.0,39.0,0.0,100.0,383.0,67.8,25.6,0.0,0.0,0.0,0.0,67.5,67.3,0.2,5.3,0.1,6.7,445.0,468.0,29.0,8.0,3.0,129.0,42.9,1.7,0.0,1.0,2.1,19.7,0.6,0.2,0.3,0.0,0,0.1,0.0,49.5,4.7,2.2,6.8,2.1,44.8,5.2,0.1,0.1,3.2,0,0.0,5.1,709.0,0.0,7.0,37.0,24.0,163.0,0.0,1.0,2.0,129.0,0,6.0,70.0,5.16,2.71,2.1,23.3,0.24,0.08,0.1,1.8,5.39,2.89,1.9,20.1,0.19,0.07,0.06,1.14,1009.0,有,無
127,2024,311.0,61.3,0.0,8.1,0.0,2.1,0.0,60.2,42.9,0.0,6.1,5.0,3.2,1.6,43.1,630.0,2.0,0.0,24.0,3.0,26.0,223.0,72.3,40.9,0.0,8.3,0.0,7.4,29.5,28.5,1.8,22.6,0.2,2.1,543.0,351.0,35.0,62.0,1.0,109.0,49.1,5.4,3.8,1.6,1.2,20.4,1.4,0.0,0.2,3.5,0,0.0,4.4,60.7,3.3,3.3,4.4,0.5,26.1,0.9,0.4,0.0,7.0,0,0.3,3.8,640.0,69.0,57.0,45.0,0.0,335.0,0.0,3.0,0.0,0.0,0,0.0,67.0,5.29,2.76,2.07,21.7,0.33,0.08,0.11,2.1,5.79,2.79,2.14,15.3,0.25,0.05,0.07,1.29,1034.0,有,有
128,2024,875.0,53.1,0.1,0.0,1.9,3.9,3.3,36.2,74.8,0.2,0.0,0.0,2.3,0.9,35.7,664.0,5.0,0.0,29.0,0.0,0.0,367.0,44.4,18.8,0.4,0.0,0.2,5.7,38.6,40.0,3.3,1.5,0.0,0.0,681.0,268.0,3.0,12.0,5.0,0.0,47.2,8.2,1.9,0.9,3.0,24.8,0.0,0.0,0.1,3.9,0,0.1,0.0,77.1,2.2,7.4,4.2,1.4,33.0,0.0,0.3,0.0,0.0,0,0.2,0.0,499.0,78.0,98.0,0.0,16.0,230.0,0.0,1.0,0.0,42.0,0,6.0,155.0,5.34,2.75,2.07,21.9,0.22,0.08,0.09,2.3,4.59,2.52,1.57,24.8,0.21,0.06,0.06,1.08,1106.0,有,有
129,2024,109.0,52.5,0.1,11.3,5.1,0.0,1.2,38.5,42.5,0.4,0.0,0.3,0.0,4.0,21.7,554.0,5.0,0.0,44.0,5.0,74.0,281.0,58.7,26.9,1.7,5.3,0.8,0.0,64.0,33.6,1.2,8.4,0.0,2.5,168.0,590.0,0.0,0.0,0.0,24.0,67.2,0.0,3.6,2.4,3.6,41.5,1.8,0.2,0.0,11.2,0,0.2,7.8,26.4,5.3,2.7,2.6,2.2,31.1,1.7,0.3,0.0,0.0,0,0.0,0.6,491.0,43.0,63.0,48.0,5.0,402.0,0.0,0.0,0.0,0.0,0,4.0,11.0,5.16,2.74,2.09,22.6,0.19,0.08,0.08,1.8,3.51,2.72,2.16,24.9,0.17,0.07,0.05,1.41,1069.0,有,有
130,2024,664.0,54.3,0.2,0.0,0.0,0.0,1.2,36.4,49.3,0.5,0.0,0.0,0.0,6.5,41.9,490.0,1.0,202.0,0.0,9.0,72.0,368.0,65.8,43.8,0.4,14.0,0.3,0.0,51.5,38.1,0.0,0.0,0.8,0.0,520.0,316.0,4.0,0.0,8.0,0.0,83.9,5.3,3.4,1.6,2.2,34.1,2.7,0.0,0.0,6.1,0,0.0,0.0,52.3,5.8,8.3,3.9,4.5,27.1,0.5,0.2,0.4,0.0,0,0.0,0.0,356.0,53.0,98.0,29.0,1.0,285.0,17.0,1.0,1.0,0.0,0,0.0,0.0,5.17,2.74,2.06,21.0,0.41,0.08,0.06,2.3,3.31,2.89,2.19,23.8,0.11,0.09,0.09,1.54,1107.0,有,有
131,2024,978.0,36.7,0.2,0.0,0.0,1.7,7.0,29.0,48.7,0.0,0.0,5.2,3.2,1.7,57.3,866.0,0.0,141.0,37.0,1.0,75.0,345.0,67.1,23.9,1.8,1.9,0.3,0.4,45.5,37.4,0.0,0.0,0.3,0.0,346.0,466.0,29.0,80.0,0.0,170.0,36.8,1.2,4.0,0.0,0.0,15.4,2.1,0.2,0.0,8.4,0,0.5,5.3,23.6,6.0,6.5,4.7,1.2,18.9,1.0,0.0,0.0,9.8,0,0.8,9.5,456.0,4.0,50.0,57.0,22.0,375.0,0.0,5.0,0.0,6.0,0,5.0,19.0,5.3,2.7,2.02,18.8,0.19,0.11,0.07,1.8,3.22,2.42,1.0,22.2,0.18,0.06,0.05,1.4,1046.0,有,有
132,2024,805.0,63.9,0.0,3.4,1.6,0.7,4.7,49.9,47.5,0.9,0.0,0.0,2.7,4.9,40.5,616.0,0.0,0.0,9.0,21.0,43.0,291.0,72.0,48.4,1.0,0.0,0.1,0.0,55.6,34.8,3.8,0.0,0.0,0.0,548.0,433.0,0.0,0.0,0.0,0.0,75.0,0.0,4.4,1.6,0.0,38.2,1.2,0.5,0.0,0.9,0,0.9,8.5,74.2,5.3,0.0,0.0,0.0,30.2,0.0,0.3,0.5,0.0,0,0.4,3.8,499.0,47.0,103.0,15.0,12.0,347.0,14.0,0.0,0.0,78.0,0,1.0,100.0,5.27,2.76,2.02,21.1,0.26,0.11,0.08,1.9,5.76,2.85,2.19,8.0,0.31,0.06,0.07,1.95,1038.0,有,有
133,2024,29.0,87.3,0.1,4.8,8.1,2.7,1.8,43.9,48.2,0.6,5.8,0.0,0.5,5.5,28.7,452.0,5.0,66.0,0.0,11.0,0.0,374.0,75.0,26.4,1.0,0.0,0.0,12.6,43.4,4.9,2.4,0.0,0.3,0.0,668.0,411.0,0.0,0.0,4.0,37.0,36.1,5.9,7.8,3.2,0.6,17.4,0.0,0.0,0.0,0.0,0,0.4,2.1,57.7,2.6,4.8,0.0,4.2,25.1,1.0,0.2,0.1,2.5,0,0.1,4.8,801.0,70.0,51.0,75.0,31.0,360.0,4.0,1.0,3.0,50.0,0,0.0,0.0,5.03,2.82,2.06,22.7,0.24,0.1,0.09,2.2,4.61,2.36,2.2,22.0,0.15,0.06,0.07,0.84,1109.0,有,有
134,2024,5.0,47.9,0.1,0.0,1.5,0.0,4.6,50.0,83.9,0.0,0.9,0.0,2.4,3.0,30.9,547.0,2.0,12.0,0.0,17.0,1.0,633.0,40.1,45.6,1.2,8.3,0.1,4.5,40.2,36.3,0.7,12.1,0.2,9.5,590.0,440.0,36.0,0.0,0.0,25.0,48.0,3.7,1.4,0.3,2.9,29.1,2.2,0.5,0.1,0.0,0,0.0,0.0,58.7,8.5,6.6,4.2,3.6,1.3,2.1,0.3,0.0,7.2,0,0.0,6.8,431.0,78.0,0.0,30.0,20.0,350.0,7.0,5.0,0.0,116.0,0,4.0,28.0,5.24,2.74,2.08,23.6,0.44,0.08,0.09,2.0,5.4,2.37,1.48,14.4,0.2,0.07,0.09,1.64,984.0,有,有
135,2024,893.0,63.4,0.5,2.9,7.6,0.0,0.0,38.5,68.2,0.0,3.0,0.6,0.9,5.4,30.9,414.0,0.0,0.0,89.0,9.0,0.0,556.0,58.7,27.7,0.5,0.0,0.5,5.1,41.1,31.5,0.0,0.0,0.0,0.5,734.0,599.0,16.0,114.0,2.0,99.0,54.5,1.6,7.7,0.1,0.9,20.4,1.2,0.6,0.0,13.5,0,0.0,9.0,49.5,4.6,0.0,0.0,2.6,25.0,1.5,0.6,0.0,0.0,0,0.4,2.6,740.0,31.0,61.0,1.0,10.0,370.0,17.0,1.0,4.0,0.0,0,1.0,28.0,5.13,2.76,2.06,18.8,0.26,0.08,0.09,2.1,5.77,2.89,1.69,19.9,0.2,0.11,0.09,1.54,1112.0,有,有
136,2024,1047.0,62.8,0.0,0.0,0.0,0.6,0.6,26.2,62.8,0.1,4.9,3.0,3.4,3.7,41.7,510.0,0.0,91.0,0.0,0.0,34.0,345.0,65.7,18.6,0.8,9.6,0.3,9.2,36.4,43.9,0.9,0.0,0.0,1.4,668.0,309.0,13.0,27.0,2.0,0.0,55.0,5.0,0.0,0.4,0.0,32.0,0.3,0.1,0.1,0.0,0,0.2,2.8,35.7,6.2,8.5,4.6,3.3,29.5,3.9,0.5,0.0,5.8,0,0.0,2.6,838.0,14.0,94.0,36.0,2.0,219.0,26.0,4.0,0.0,7.0,0,2.0,135.0,5.2,2.73,2.07,22.4,0.38,0.08,0.08,2.2,5.79,1.9,2.05,21.7,0.22,0.1,0.08,0.91,1024.0,有,有
137,2024,243.0,32.3,0.0,0.0,3.9,0.0,6.0,56.9,71.1,0.0,6.5,4.4,2.1,7.3,33.7,610.0,4.0,119.0,46.0,2.0,42.0,355.0,43.1,29.3,0.4,0.0,0.0,3.1,51.4,45.5,0.0,2.0,0.3,0.0,372.0,334.0,26.0,95.0,3.0,64.0,51.4,2.7,0.0,4.0,0.0,35.2,1.3,0.1,0.2,11.9,0,0.0,2.7,82.5,0.0,0.0,4.7,5.2,21.4,0.0,0.1,0.1,0.0,0,0.2,0.0,609.0,26.0,76.0,43.0,11.0,237.0,18.0,0.0,3.0,90.0,0,5.0,53.0,5.15,2.76,2.01,22.4,0.25,0.1,0.09,2.1,5.05,2.89,2.2,20.0,0.19,0.08,0.09,1.76,1058.0,有,有
138,2024,379.0,54.8,0.0,15.7,0.0,1.2,0.5,3.8,43.6,0.0,1.2,0.0,0.5,2.3,58.6,670.0,2.0,0.0,88.0,26.0,0.0,247.0,35.6,43.2,0.0,0.0,0.2,3.1,48.8,56.1,0.8,0.0,0.1,0.0,152.0,513.0,0.0,153.0,0.0,112.0,41.3,9.2,6.8,3.7,2.0,10.0,0.0,0.1,0.0,10.8,0,0.1,5.3,71.1,4.4,3.5,0.1,0.9,38.2,0.0,0.3,0.1,0.0,0,0.4,0.0,603.0,34.0,89.0,82.0,0.0,157.0,3.0,3.0,0.0,95.0,0,8.0,64.0,5.47,2.73,2.1,22.9,0.28,0.07,0.08,2.5,5.79,0.87,1.89,23.4,0.24,0.1,0.09,1.54,1086.0,有,有
139,2024,363.0,85.0,0.3,1.7,0.0,0.3,1.3,33.1,40.8,0.0,0.0,0.0,0.0,2.2,26.8,505.0,6.0,0.0,0.0,24.0,4.0,280.0,62.0,38.4,2.6,0.0,0.2,0.0,33.7,49.7,0.0,0.9,0.0,6.2,523.0,323.0,27.0,51.0,7.0,23.0,69.8,0.8,8.2,5.3,3.9,22.7,0.5,0.2,0.0,0.0,0,0.4,4.5,21.5,0.0,2.7,3.0,0.9,23.7,0.0,0.0,0.0,0.0,0,0.3,0.0,866.0,49.0,103.0,0.0,0.0,374.0,0.0,0.0,1.0,65.0,0,2.0,48.0,5.31,2.74,2.04,21.8,0.25,0.1,0.1,1.7,3.5,2.16,1.65,24.9,0.2,0.06,0.09,2.58,999.0,有,有
140,2024,69.0,42.6,0.1,4.1,5.1,0.5,4.4,14.6,59.8,0.0,0.0,0.0,2.3,10.5,32.4,706.0,0.0,111.0,3.0,6.0,0.0,603.0,62.9,23.6,0.0,3.7,0.1,0.0,47.3,40.6,1.6,0.0,0.3,15.0,543.0,368.0,0.0,6.0,5.0,15.0,29.3,4.0,2.3,0.3,1.7,22.1,0.0,0.1,0.1,0.0,0,0.0,6.9,51.4,1.1,2.3,7.4,0.0,35.8,0.0,0.1,0.0,4.2,0,0.0,7.1,657.0,28.0,30.0,28.0,6.0,265.0,19.0,1.0,0.0,0.0,0,7.0,0.0,5.2,2.75,2.06,24.6,0.23,0.08,0.1,2.4,5.79,2.86,2.04,23.8,0.23,0.08,0.05,0.66,1086.0,有,有
141,2024,345.0,71.2,0.7,0.0,7.0,0.0,6.7,37.4,38.4,0.0,0.0,3.8,1.8,0.0,35.9,589.0,4.0,198.0,66.0,0.0,18.0,447.0,46.9,46.5,1.6,13.3,0.0,7.7,36.8,44.3,4.1,0.0,0.0,13.9,668.0,352.0,0.0,18.0,2.0,0.0,62.5,7.1,1.1,2.9,3.5,39.1,1.6,0.0,0.2,8.8,0,0.7,0.0,53.9,4.6,1.8,1.5,2.0,15.6,1.0,0.3,0.0,0.1,0,0.5,0.0,333.0,30.0,56.0,39.0,0.0,382.0,19.0,4.0,0.0,0.0,0,4.0,125.0,5.26,2.77,2.09,22.3,0.32,0.09,0.11,2.2,3.67,2.7,0.93,20.2,0.25,0.07,0.07,1.89,998.0,有,有
142,2024,163.0,48.7,0.0,0.0,0.0,0.0,3.7,16.3,50.2,0.0,0.0,0.2,1.1,0.0,39.2,866.0,0.0,42.0,38.0,36.0,18.0,333.0,38.6,52.2,0.2,4.6,0.0,0.0,52.0,49.3,2.1,7.6,0.5,0.0,786.0,427.0,0.0,32.0,2.0,30.0,37.5,7.3,4.9,0.2,2.3,46.5,0.0,0.8,0.1,2.4,0,0.0,1.3,53.1,6.6,8.9,2.8,2.0,20.7,3.8,0.7,0.0,8.6,0,0.0,9.4,729.0,15.0,46.0,0.0,18.0,273.0,32.0,6.0,0.0,125.0,0,3.0,16.0,5.23,2.74,2.05,21.6,0.19,0.09,0.09,2.1,3.74,2.89,1.94,20.4,0.17,0.11,0.08,1.37,1059.0,有,有
143,2024,882.0,43.5,0.0,4.7,0.0,0.9,0.8,48.1,72.5,0.3,1.6,11.2,1.8,1.5,58.8,353.0,5.0,1.0,2.0,0.0,40.0,504.0,44.5,37.5,3.2,0.8,0.3,8.4,43.3,40.6,0.0,4.8,0.2,5.7,596.0,526.0,14.0,2.0,4.0,14.0,62.2,4.1,0.0,5.7,1.6,29.0,0.9,0.4,0.1,0.0,0,0.3,0.0,52.6,4.7,4.9,4.6,0.0,27.5,0.0,0.0,0.3,7.1,0,0.2,1.9,829.0,29.0,73.0,46.0,0.0,258.0,0.0,0.0,1.0,106.0,0,0.0,0.0,5.17,2.7,2.03,22.7,0.27,0.08,0.08,2.2,2.95,2.67,1.12,20.8,0.24,0.02,0.07,1.59,1002.0,有,有
144,2024,967.0,82.3,0.0,0.0,0.0,2.1,5.8,31.3,44.6,0.1,8.6,0.0,1.2,0.8,42.4,518.0,1.0,42.0,48.0,0.0,30.0,217.0,71.9,33.2,0.0,4.4,0.5,2.0,58.4,24.9,3.6,13.0,0.1,11.7,683.0,465.0,0.0,0.0,4.0,11.0,48.1,6.4,2.5,4.1,2.6,38.5,2.2,0.3,0.0,0.0,0,0.5,13.5,29.2,8.0,7.7,4.6,0.2,11.3,2.4,0.0,0.2,7.8,0,0.0,4.8,866.0,32.0,51.0,61.0,31.0,229.0,10.0,2.0,0.0,0.0,0,1.0,141.0,5.24,2.73,2.03,21.8,0.32,0.08,0.09,2.4,3.84,2.89,1.5,19.2,0.28,0.04,0.06,2.13,1020.0,有,有
145,2024,346.0,57.1,0.3,4.6,0.0,1.3,0.0,34.5,55.8,0.0,1.2,2.6,0.1,5.4,49.5,393.0,4.0,0.0,66.0,0.0,21.0,428.0,73.5,47.0,0.1,1.2,0.0,0.0,45.2,30.2,1.1,0.0,0.4,6.8,866.0,581.0,26.0,0.0,0.0,82.0,39.2,2.5,2.7,2.3,1.6,23.6,0.1,0.2,0.1,0.0,0,0.2,0.0,30.7,5.6,5.1,4.2,3.3,38.2,3.8,0.4,0.0,0.0,0,0.0,0.0,689.0,35.0,32.0,31.0,20.0,133.0,0.0,4.0,1.0,11.0,0,0.0,105.0,5.29,2.73,2.04,20.7,0.26,0.09,0.06,2.1,5.3,2.89,2.12,22.2,0.23,0.06,0.06,1.25,1021.0,有,有
146,2024,181.0,54.5,0.2,6.3,0.0,0.0,0.0,38.1,32.1,0.0,12.7,6.2,0.9,0.0,23.5,533.0,0.0,25.0,94.0,0.0,4.0,384.0,55.9,34.1,0.0,5.4,0.0,0.0,57.1,40.3,0.0,2.3,0.0,0.0,620.0,501.0,10.0,11.0,2.0,0.0,63.1,5.4,2.7,2.1,0.0,35.8,0.0,0.0,0.0,0.0,0,0.1,12.0,34.3,6.0,6.8,0.1,2.0,36.9,0.7,0.3,0.1,0.0,0,0.0,13.9,715.0,53.0,89.0,31.0,21.0,276.0,0.0,2.0,0.0,13.0,0,5.0,1.0,5.27,2.72,2.01,21.5,0.32,0.08,0.09,2.1,5.21,2.09,2.2,24.9,0.24,0.06,0.06,2.33,1099.0,有,有
147,2024,790.0,66.7,0.0,0.0,14.2,0.0,6.1,27.4,29.1,0.8,7.7,3.3,2.3,6.3,49.3,693.0,0.0,36.0,0.0,0.0,11.0,300.0,66.8,45.2,2.7,0.0,0.4,4.3,24.6,49.2,0.0,0.0,0.5,13.3,738.0,464.0,20.0,0.0,5.0,38.0,88.1,3.1,1.2,5.9,0.0,21.2,0.0,0.5,0.1,2.1,0,0.2,6.7,53.7,1.7,3.4,9.0,1.2,26.2,2.2,0.0,0.0,5.5,0,0.0,4.6,445.0,3.0,62.0,0.0,10.0,380.0,39.0,0.0,0.0,0.0,0,3.0,14.0,5.18,2.74,2.0,20.1,0.41,0.08,0.07,1.9,5.79,1.9,1.6,15.4,0.19,0.07,0.06,0.84,1015.0,有,有
148,2024,541.0,53.8,0.4,10.8,0.5,1.1,0.5,3.2,51.7,0.0,8.0,10.4,0.0,3.5,31.4,263.0,0.0,22.0,31.0,14.0,54.0,348.0,69.4,41.5,0.0,4.8,0.0,0.0,52.0,36.6,0.0,0.0,0.8,0.0,447.0,607.0,0.0,56.0,1.0,41.0,50.1,0.4,0.2,7.6,1.8,30.1,2.8,0.0,0.0,3.6,0,0.0,3.0,45.1,3.2,4.9,0.0,1.3,18.4,0.4,0.8,0.0,6.6,0,0.6,3.9,646.0,47.0,14.0,21.0,2.0,126.0,21.0,8.0,0.0,65.0,0,0.0,73.0,5.38,2.68,1.95,22.6,0.26,0.07,0.08,2.1,5.39,2.8,1.29,24.9,0.26,0.07,0.07,1.69,998.0,有,有
149,2024,579.0,47.8,0.0,0.0,2.6,0.0,0.6,29.1,51.1,0.0,7.0,3.2,0.3,1.4,44.9,578.0,4.0,57.0,112.0,11.0,0.0,424.0,53.9,49.6,3.3,8.1,0.0,1.2,64.4,52.8,0.0,1.3,0.7,1.1,432.0,446.0,15.0,0.0,6.0,0.0,74.9,3.4,8.9,2.6,1.1,44.9,2.5,0.7,0.2,10.3,0,0.1,7.6,55.4,4.9,2.9,2.8,0.0,34.6,1.6,0.1,0.1,7.9,0,0.1,7.9,541.0,54.0,47.0,25.0,29.0,404.0,16.0,1.0,0.0,50.0,0,3.0,0.0,5.27,2.71,2.03,24.1,0.3,0.08,0.08,1.9,5.79,2.28,1.35,18.6,0.15,0.06,0.06,2.03,1092.0,有,有
150,2024,268.0,80.4,0.2,0.0,0.0,0.9,1.4,16.9,30.3,0.1,13.9,7.4,1.3,3.7,54.6,552.0,0.0,0.0,6.0,0.0,33.0,482.0,67.6,22.9,0.4,1.0,0.5,6.3,53.2,53.9,4.4,3.6,0.3,1.4,334.0,294.0,0.0,62.0,0.0,46.0,36.2,0.0,0.0,1.6,0.7,23.0,2.8,0.1,0.0,5.6,0,0.0,0.0,68.8,1.5,3.7,0.0,2.0,21.5,3.6,0.4,0.2,4.1,0,0.0,0.0,632.0,46.0,40.0,115.0,2.0,305.0,29.0,4.0,0.0,0.0,0,2.0,0.0,5.5,2.74,2.01,22.8,0.22,0.1,0.1,2.0,2.15,2.66,1.71,10.6,0.21,0.03,0.06,2.06,1048.0,有,有
151,2024,911.0,88.7,0.1,5.0,0.0,0.0,4.2,42.3,86.8,0.2,0.0,9.6,1.6,2.8,25.4,696.0,0.0,0.0,0.0,12.0,88.0,329.0,48.6,32.2,0.1,0.0,0.0,1.0,44.9,30.8,1.6,0.0,0.7,8.0,363.0,206.0,0.0,68.0,0.0,0.0,43.6,4.3,5.2,5.9,2.6,39.7,1.1,0.3,0.0,1.5,0,0.0,6.3,47.7,0.2,5.1,0.0,1.5,35.7,0.8,0.3,0.0,3.7,0,0.5,6.5,441.0,0.0,58.0,15.0,10.0,349.0,0.0,2.0,0.0,110.0,0,2.0,229.0,5.39,2.74,2.04,22.8,0.21,0.11,0.09,1.7,5.79,2.64,2.16,17.5,0.15,0.06,0.07,1.27,1113.0,有,有
152,2024,840.0,65.1,0.2,0.0,4.0,0.5,0.0,49.3,60.6,0.0,0.0,2.8,2.4,4.7,33.8,557.0,7.0,96.0,0.0,0.0,0.0,407.0,80.4,42.4,0.9,0.0,0.0,4.7,53.1,32.8,0.0,3.4,0.3,4.5,535.0,683.0,4.0,44.0,1.0,42.0,57.8,1.1,2.2,0.0,0.6,22.1,0.9,0.3,0.0,0.0,0,0.1,9.9,54.2,1.0,0.3,0.6,0.0,33.2,0.0,0.2,0.1,3.7,0,0.2,0.6,466.0,42.0,77.0,83.0,29.0,399.0,0.0,8.0,4.0,0.0,0,0.0,0.0,5.16,2.72,2.09,22.3,0.31,0.08,0.08,2.2,5.14,2.44,2.2,22.4,0.19,0.05,0.03,0.8,1166.0,有,有
153,2024,397.0,53.2,0.2,5.5,1.4,0.0,7.9,22.3,52.0,0.0,0.0,0.0,0.0,4.4,12.8,617.0,0.0,53.0,85.0,15.0,74.0,403.0,14.3,34.9,0.7,0.0,0.7,0.6,70.7,43.2,0.0,3.0,0.0,8.7,550.0,450.0,16.0,31.0,1.0,9.0,50.0,0.0,6.8,3.6,0.0,19.7,2.0,0.1,0.0,12.0,0,0.0,0.0,51.4,3.2,2.2,2.0,2.1,31.0,2.8,0.3,0.0,11.8,0,0.0,1.7,559.0,58.0,67.0,0.0,7.0,227.0,9.0,2.0,1.0,37.0,0,0.0,40.0,5.25,2.78,2.08,24.5,0.19,0.08,0.09,2.3,3.76,2.47,1.46,21.1,0.24,0.07,0.09,1.84,980.0,有,有
154,2024,288.0,49.5,0.0,11.0,4.8,0.6,8.1,27.9,69.9,0.7,5.0,6.5,2.1,5.2,46.5,718.0,1.0,58.0,30.0,26.0,0.0,201.0,72.0,38.0,0.3,5.4,0.1,1.5,84.0,27.2,1.9,0.0,0.0,0.0,535.0,124.0,12.0,88.0,2.0,19.0,51.6,6.5,6.1,4.9,0.0,28.2,0.0,0.2,0.2,5.1,0,0.9,3.5,50.1,0.0,4.8,9.1,0.1,36.5,0.0,0.0,0.1,0.0,0,0.4,10.0,831.0,4.0,0.0,73.0,21.0,157.0,0.0,2.0,0.0,0.0,0,5.0,62.0,5.43,2.76,2.09,23.7,0.39,0.09,0.09,1.8,4.49,2.46,2.2,18.8,0.25,0.05,0.07,1.05,1125.0,有,有
155,2024,962.0,35.1,0.7,0.0,7.8,1.1,5.6,36.3,56.5,0.0,1.6,0.0,0.9,5.5,42.0,659.0,0.0,0.0,8.0,0.0,18.0,221.0,48.7,35.4,0.0,0.0,0.2,12.2,83.2,53.6,1.0,4.4,0.3,0.0,389.0,375.0,5.0,0.0,0.0,4.0,74.7,2.8,4.2,6.3,2.2,26.8,1.8,0.3,0.0,0.0,0,0.3,0.0,51.2,2.7,0.0,3.4,0.8,30.9,1.4,0.6,0.1,10.2,0,0.0,6.6,424.0,56.0,18.0,78.0,9.0,288.0,9.0,4.0,1.0,22.0,0,3.0,108.0,5.29,2.71,2.15,22.9,0.22,0.11,0.08,2.0,4.99,2.25,1.3,20.4,0.18,0.07,0.06,1.86,1012.0,有,有
156,2024,876.0,57.2,0.3,6.3,0.0,2.4,3.7,38.9,50.0,0.3,7.5,6.0,0.1,3.5,47.0,649.0,2.0,54.0,45.0,7.0,28.0,367.0,38.0,36.0,1.1,0.0,0.3,8.9,68.2,51.1,0.0,0.0,0.1,4.7,589.0,488.0,34.0,0.0,0.0,0.0,54.5,1.2,4.7,3.3,3.6,28.3,1.3,0.1,0.1,0.0,0,0.4,6.1,69.3,6.1,0.4,1.9,2.3,27.2,0.0,0.1,0.3,3.7,0,0.2,1.2,760.0,7.0,52.0,5.0,0.0,312.0,17.0,2.0,0.0,10.0,0,0.0,0.0,5.01,2.72,2.0,23.9,0.19,0.08,0.1,1.9,5.19,2.06,1.2,24.9,0.24,0.06,0.07,0.97,1018.0,有,有
157,2024,331.0,61.7,0.1,5.0,3.5,0.9,0.7,29.8,48.9,0.2,9.9,3.3,0.0,10.8,49.2,483.0,2.0,55.0,133.0,0.0,13.0,270.0,57.7,54.2,1.1,0.0,0.3,2.7,65.4,32.6,1.5,18.5,0.0,0.0,866.0,386.0,0.0,0.0,0.0,48.0,53.0,3.6,1.6,3.6,2.0,35.7,0.3,0.1,0.2,3.9,0,0.2,1.5,66.7,6.3,8.8,3.8,4.5,46.3,3.8,0.6,0.1,0.0,0,0.3,7.0,614.0,5.0,64.0,0.0,7.0,481.0,8.0,6.0,0.0,0.0,0,1.0,73.0,5.27,2.77,2.03,23.2,0.19,0.08,0.1,2.3,3.65,2.45,2.2,14.7,0.19,0.05,0.07,1.25,1033.0,有,有
158,2024,705.0,42.2,0.3,1.9,17.0,1.1,1.3,26.6,78.6,0.0,0.0,0.0,1.9,6.6,58.5,496.0,4.0,0.0,53.0,43.0,78.0,173.0,73.0,34.5,2.7,2.6,0.1,0.0,61.2,39.5,4.4,2.9,0.3,7.4,661.0,584.0,5.0,59.0,4.0,0.0,50.6,5.9,5.6,4.1,0.7,19.4,0.4,0.2,0.0,0.0,0,0.2,3.3,47.3,1.3,3.9,3.6,2.6,51.5,0.6,0.7,0.1,7.7,0,0.2,8.0,312.0,0.0,0.0,16.0,25.0,333.0,0.0,0.0,1.0,0.0,0,2.0,0.0,5.36,2.73,2.04,22.3,0.19,0.1,0.09,2.3,4.18,2.35,1.76,21.4,0.17,0.08,0.08,2.14,1062.0,有,有
159,2024,443.0,75.3,0.7,6.2,5.5,1.9,4.5,25.6,32.9,0.2,3.0,2.0,0.5,2.2,33.4,589.0,0.0,6.0,0.0,0.0,24.0,559.0,61.0,20.5,0.0,2.1,0.1,2.0,72.5,44.0,3.0,0.0,0.4,0.0,534.0,529.0,0.0,85.0,0.0,0.0,87.6,1.6,0.6,2.3,0.8,18.1,4.5,0.4,0.0,1.1,0,0.2,0.0,38.7,5.0,2.5,2.8,0.0,17.0,1.3,0.0,0.0,0.0,0,0.7,0.0,363.0,30.0,57.0,0.0,22.0,324.0,36.0,1.0,1.0,149.0,0,3.0,0.0,5.39,2.77,2.03,23.4,0.37,0.09,0.09,2.4,5.24,2.89,1.46,11.1,0.17,0.07,0.07,1.69,1027.0,有,有
160,2024,49.0,57.6,0.0,0.0,1.6,1.1,5.9,40.4,72.0,0.6,0.1,6.2,1.6,4.6,41.1,539.0,9.0,63.0,0.0,39.0,26.0,496.0,39.8,27.7,3.1,1.5,0.0,0.0,59.7,51.2,2.6,0.0,0.0,0.0,353.0,156.0,0.0,61.0,3.0,0.0,78.9,0.0,4.9,1.9,1.4,27.8,0.5,0.1,0.0,0.0,0,0.0,4.3,69.6,0.0,4.2,1.2,0.0,30.8,1.1,0.5,0.1,7.9,0,0.0,4.2,568.0,61.0,58.0,0.0,19.0,328.0,0.0,3.0,2.0,6.0,0,1.0,0.0,5.36,2.72,2.0,21.5,0.33,0.07,0.11,2.5,5.57,1.77,2.2,24.0,0.26,0.08,0.08,2.05,1022.0,有,有
161,2024,451.0,56.5,0.0,0.0,4.4,0.9,3.1,11.8,48.2,0.0,2.8,4.6,0.0,2.8,32.0,760.0,0.0,0.0,21.0,52.0,7.0,462.0,73.5,42.8,2.5,0.0,0.0,0.0,27.8,27.5,2.7,9.0,0.2,4.7,482.0,124.0,12.0,0.0,0.0,54.0,71.7,6.3,4.6,0.0,3.0,24.8,0.1,0.6,0.1,0.0,0,0.7,11.9,53.4,2.5,3.9,8.9,2.7,30.1,1.2,0.5,0.0,0.0,0,0.0,7.5,555.0,48.0,25.0,65.0,0.0,306.0,0.0,1.0,0.0,0.0,0,9.0,107.0,5.51,2.73,2.12,24.4,0.2,0.09,0.08,2.3,3.74,2.71,2.2,19.7,0.11,0.09,0.1,1.78,967.0,有,有
162,2024,1024.0,60.2,0.0,12.0,1.4,0.5,5.6,14.0,38.9,0.2,3.6,0.0,0.0,1.8,36.5,493.0,2.0,13.0,92.0,40.0,6.0,587.0,51.9,54.7,1.3,0.0,0.1,11.8,47.4,36.8,1.4,0.0,0.0,4.8,800.0,399.0,42.0,0.0,1.0,113.0,83.6,2.5,4.2,0.7,0.2,26.8,2.5,0.0,0.1,5.9,0,0.0,13.8,55.1,3.1,3.6,1.5,6.7,26.9,0.4,0.4,0.0,4.8,0,0.4,2.1,518.0,0.0,22.0,0.0,31.0,258.0,10.0,3.0,2.0,0.0,0,2.0,0.0,5.22,2.75,2.09,23.7,0.29,0.11,0.12,1.7,5.19,2.7,2.03,21.9,0.19,0.05,0.06,1.08,1087.0,有,有
163,2024,322.0,72.5,0.1,0.0,8.6,0.0,0.0,17.7,43.8,0.1,0.0,0.0,1.8,0.8,39.8,709.0,1.0,0.0,99.0,18.0,12.0,495.0,74.4,23.6,0.2,13.9,0.2,5.1,53.2,48.6,1.0,5.8,0.0,0.0,593.0,598.0,7.0,0.0,0.0,44.0,46.1,0.1,4.3,5.0,2.4,19.4,0.0,0.7,0.0,8.6,0,0.0,2.5,41.5,4.8,7.4,0.2,1.6,25.9,0.1,0.3,0.1,0.3,0,0.4,3.3,643.0,27.0,0.0,75.0,22.0,218.0,0.0,4.0,0.0,0.0,0,0.0,0.0,5.28,2.74,2.06,21.0,0.4,0.08,0.1,2.9,5.07,2.89,1.84,19.9,0.19,0.08,0.11,1.98,1087.0,有,有
164,2024,437.0,58.4,0.4,0.0,0.0,0.0,2.0,22.2,55.9,0.4,1.9,0.0,0.0,4.6,39.6,632.0,3.0,93.0,7.0,0.0,48.0,730.0,59.4,42.0,0.0,9.2,0.0,0.0,28.4,52.6,0.0,0.0,0.0,0.0,766.0,394.0,13.0,53.0,3.0,0.0,55.3,3.1,9.5,3.9,1.3,17.7,1.2,0.2,0.0,0.0,0,0.1,0.0,52.4,1.8,4.3,5.5,5.0,17.4,1.1,0.3,0.0,0.0,0,0.3,0.0,494.0,14.0,1.0,18.0,10.0,447.0,25.0,2.0,1.0,33.0,0,7.0,100.0,5.17,2.71,2.01,21.8,0.25,0.08,0.06,1.7,3.36,2.38,1.73,23.4,0.21,0.1,0.07,1.18,1132.0,有,有
165,2024,571.0,62.6,0.0,3.4,0.0,1.5,2.4,41.0,63.9,0.5,10.1,0.8,1.1,4.9,41.4,576.0,3.0,2.0,0.0,14.0,36.0,339.0,61.4,40.1,0.0,0.5,0.0,0.0,69.6,42.9,0.5,0.3,0.0,0.0,364.0,403.0,0.0,64.0,8.0,43.0,66.6,0.6,4.5,1.8,1.4,36.3,0.5,0.0,0.0,5.0,0,0.1,0.3,31.2,3.6,2.2,6.1,0.7,28.2,2.3,0.4,0.1,4.8,0,0.0,10.6,577.0,24.0,0.0,58.0,14.0,290.0,23.0,10.0,3.0,0.0,0,1.0,0.0,5.26,2.68,2.02,21.3,0.25,0.09,0.08,1.9,5.03,2.89,1.69,17.1,0.19,0.05,0.09,1.52,1096.0,有,有
166,2024,286.0,76.3,0.0,0.6,11.3,3.1,1.5,48.4,58.1,0.4,0.0,7.6,0.6,5.5,18.6,354.0,0.0,60.0,9.0,26.0,36.0,388.0,64.3,29.0,1.7,8.7,0.0,5.6,67.7,35.0,1.1,9.3,0.0,8.3,741.0,406.0,13.0,0.0,2.0,52.0,36.3,1.1,4.9,0.9,0.8,30.9,0.8,0.0,0.4,0.0,0,0.2,4.8,79.2,0.6,8.2,7.9,1.5,39.9,1.8,0.3,0.1,11.5,0,0.0,3.0,818.0,79.0,25.0,76.0,16.0,357.0,0.0,5.0,0.0,0.0,0,1.0,105.0,5.29,2.77,2.02,21.3,0.4,0.06,0.06,2.2,5.73,2.89,2.02,8.8,0.3,0.04,0.07,1.45,1087.0,有,有
167,2024,343.0,80.6,0.0,0.0,1.6,0.0,0.0,25.3,48.4,0.2,5.3,0.0,1.8,2.3,20.8,409.0,2.0,69.0,68.0,1.0,29.0,589.0,72.5,33.4,0.5,7.0,0.2,13.0,66.4,31.5,0.2,0.0,0.3,3.0,435.0,326.0,0.0,4.0,0.0,18.0,41.6,0.6,1.8,6.0,2.0,28.7,0.0,0.2,0.0,0.0,0,0.1,0.0,57.4,2.8,7.2,3.0,0.6,24.7,0.0,0.3,0.0,0.0,0,0.1,2.0,423.0,3.0,3.0,49.0,5.0,293.0,12.0,2.0,0.0,0.0,0,4.0,13.0,5.23,2.73,2.02,20.5,0.41,0.1,0.1,2.7,5.79,2.89,1.71,21.7,0.16,0.05,0.09,1.26,1014.0,有,有
168,2024,410.0,27.1,0.0,0.5,13.8,4.2,4.2,46.8,80.5,0.6,1.2,0.0,3.1,3.2,48.1,728.0,9.0,20.0,31.0,17.0,20.0,596.0,79.5,38.9,3.6,13.3,0.0,7.5,65.6,40.8,2.3,7.3,0.4,13.9,592.0,395.0,0.0,31.0,1.0,83.0,56.8,3.9,5.5,3.9,1.9,14.3,1.0,0.0,0.0,3.6,0,0.0,13.0,53.3,2.2,9.2,0.0,1.8,28.6,0.0,0.4,0.1,2.0,0,0.4,8.9,498.0,23.0,97.0,7.0,0.0,187.0,18.0,0.0,0.0,0.0,0,9.0,72.0,5.19,2.74,2.05,22.6,0.34,0.08,0.1,2.2,4.53,1.67,1.61,21.3,0.2,0.07,0.07,1.47,951.0,有,無
169,2024,693.0,61.2,0.3,9.1,4.1,0.0,1.0,23.8,33.3,0.1,7.2,0.0,0.0,1.3,22.4,554.0,0.0,0.0,48.0,0.0,115.0,617.0,27.3,23.2,0.0,7.6,0.0,6.0,56.6,47.7,2.5,0.0,0.0,2.2,757.0,454.0,23.0,0.0,0.0,41.0,65.0,2.9,5.0,0.0,2.7,24.8,0.2,0.4,0.1,8.8,0,0.0,0.9,59.6,2.4,0.0,1.6,0.0,23.5,0.0,0.2,0.2,2.5,0,0.5,0.0,491.0,17.0,76.0,24.0,20.0,306.0,0.0,2.0,1.0,109.0,0,0.0,5.0,5.44,2.72,2.04,22.0,0.19,0.07,0.11,1.9,5.72,2.89,1.85,18.4,0.34,0.07,0.04,1.0,995.0,有,有
170,2024,958.0,33.7,0.2,2.9,8.5,0.0,1.8,28.9,74.4,0.0,2.0,0.0,2.5,0.0,40.9,459.0,1.0,34.0,0.0,13.0,90.0,549.0,58.0,37.7,2.4,2.1,0.5,0.0,59.5,54.7,0.1,2.9,0.0,0.0,474.0,672.0,0.0,62.0,0.0,46.0,54.3,3.1,5.4,9.6,5.5,28.7,1.0,0.1,0.2,0.0,0,0.4,3.0,41.2,2.8,6.4,1.8,0.8,34.3,0.0,0.0,0.0,0.7,0,0.0,3.8,313.0,45.0,0.0,91.0,33.0,386.0,0.0,0.0,0.0,56.0,0,0.0,0.0,5.1,2.71,2.04,24.1,0.37,0.08,0.08,1.6,4.16,2.89,2.1,24.9,0.15,0.07,0.08,1.78,1105.0,有,無
171,2024,899.0,78.1,0.0,11.5,0.0,0.0,0.7,17.1,75.8,0.0,5.0,7.9,2.7,1.9,18.8,765.0,7.0,0.0,10.0,62.0,46.0,616.0,50.8,47.6,1.1,0.0,0.3,6.5,60.7,41.7,1.6,2.5,0.0,8.6,794.0,546.0,0.0,0.0,0.0,83.0,53.5,4.7,6.0,7.4,1.1,31.9,0.0,0.6,0.0,0.0,0,0.3,0.0,82.5,6.0,1.8,4.4,2.1,11.3,4.1,0.3,0.1,7.0,0,0.7,0.0,693.0,43.0,39.0,75.0,0.0,258.0,0.0,5.0,0.0,0.0,0,1.0,0.0,5.19,2.72,2.04,22.7,0.33,0.09,0.1,1.5,4.83,2.89,1.8,24.9,0.15,0.06,0.09,2.2,1135.0,有,有
172,2024,814.0,88.7,0.0,1.3,12.3,1.5,2.1,53.5,41.1,0.0,0.0,5.6,1.2,7.0,47.1,498.0,0.0,11.0,0.0,0.0,11.0,690.0,81.0,39.5,0.6,0.0,0.3,4.6,66.8,64.4,0.0,1.8,0.2,0.0,659.0,601.0,32.0,50.0,0.0,0.0,74.7,4.8,2.0,6.3,1.7,15.3,0.0,0.0,0.0,0.0,0,0.0,4.5,55.4,4.7,2.5,8.0,1.6,27.3,1.8,0.0,0.0,1.0,0,0.0,6.1,300.0,55.0,46.0,84.0,0.0,255.0,0.0,3.0,0.0,0.0,0,0.0,70.0,5.29,2.78,1.99,21.8,0.19,0.06,0.1,1.9,5.79,2.74,1.52,23.9,0.18,0.05,0.05,1.43,1039.0,有,有
173,2024,457.0,80.6,0.2,3.5,0.0,0.1,0.0,27.3,31.0,0.0,5.7,7.7,2.8,3.8,25.1,394.0,0.0,67.0,0.0,53.0,56.0,266.0,60.5,34.5,0.3,5.7,0.5,13.1,36.5,47.0,0.9,7.1,0.0,8.9,593.0,602.0,0.0,0.0,0.0,71.0,57.6,2.5,4.6,1.7,0.3,20.4,0.7,0.4,0.0,0.0,0,0.2,6.7,43.9,5.0,4.5,1.7,2.7,21.5,2.9,0.4,0.2,0.0,0,0.1,5.5,712.0,0.0,86.0,6.0,50.0,180.0,5.0,4.0,0.0,64.0,0,0.0,120.0,5.07,2.71,2.02,21.2,0.32,0.1,0.1,1.8,5.07,2.62,1.74,22.8,0.24,0.08,0.07,1.2,1051.0,有,有
174,2024,862.0,63.2,0.3,0.0,0.5,1.0,3.2,32.9,43.5,0.4,0.0,7.9,2.7,0.0,25.0,407.0,3.0,75.0,0.0,5.0,0.0,390.0,42.6,36.4,2.2,0.0,0.0,0.0,70.8,52.4,1.7,4.0,0.4,0.0,483.0,772.0,39.0,0.0,0.0,0.0,62.7,0.2,3.2,0.0,1.1,41.8,0.2,0.1,0.0,0.0,0,0.2,2.5,40.2,1.9,4.1,6.0,2.6,38.6,1.4,0.0,0.3,5.4,0,0.3,9.9,396.0,46.0,44.0,1.0,0.0,525.0,0.0,1.0,0.0,0.0,0,3.0,0.0,5.21,2.68,2.14,23.0,0.19,0.09,0.1,2.1,4.89,2.89,1.97,24.9,0.26,0.04,0.05,1.8,1054.0,有,有
175,2024,387.0,64.7,0.9,0.0,8.5,0.0,6.0,23.3,53.4,0.1,1.1,3.3,1.0,3.5,51.7,592.0,10.0,0.0,53.0,26.0,60.0,233.0,78.1,43.3,0.1,0.0,0.5,0.0,62.0,42.9,0.0,5.5,0.3,1.5,399.0,556.0,16.0,0.0,4.0,0.0,86.7,4.4,4.7,5.9,0.0,16.3,1.2,0.2,0.0,1.0,0,0.9,3.9,83.4,2.8,7.8,0.0,0.0,30.8,0.0,0.0,0.1,0.0,0,0.3,6.7,800.0,46.0,53.0,27.0,14.0,288.0,9.0,5.0,0.0,35.0,0,0.0,21.0,5.34,2.73,2.13,22.3,0.3,0.1,0.08,2.1,5.79,2.83,2.14,20.1,0.15,0.04,0.07,1.54,1108.0,有,有
176,2024,14.0,30.8,0.0,0.0,10.6,0.7,2.6,21.4,49.6,0.3,9.6,0.0,0.0,3.2,40.2,866.0,0.0,35.0,37.0,15.0,0.0,599.0,62.2,54.6,1.5,11.1,0.6,3.6,46.0,45.8,4.0,6.2,0.0,3.5,709.0,495.0,22.0,26.0,2.0,55.0,71.7,1.3,7.0,2.6,0.0,17.2,2.1,0.1,0.0,1.2,0,0.0,7.0,56.8,4.8,1.9,2.3,0.4,36.8,2.4,0.1,0.2,0.2,0,0.0,0.0,420.0,17.0,57.0,45.0,17.0,292.0,0.0,2.0,0.0,23.0,0,0.0,3.0,5.22,2.7,2.01,22.2,0.19,0.1,0.09,2.4,5.79,2.89,1.75,24.9,0.2,0.09,0.07,1.46,1095.0,有,有
177,2024,941.0,75.8,0.4,0.0,0.0,0.9,7.6,27.8,43.7,0.0,5.7,7.0,5.5,4.6,46.5,308.0,0.0,48.0,99.0,6.0,26.0,529.0,38.9,45.3,2.8,1.5,0.0,5.4,54.0,50.8,0.9,3.1,0.1,6.0,369.0,457.0,33.0,1.0,3.0,93.0,65.0,2.7,0.0,0.0,0.0,24.2,2.1,0.4,0.0,5.6,0,0.1,0.0,60.8,0.3,7.2,4.4,0.0,17.7,0.0,0.1,0.1,0.0,0,0.0,4.9,674.0,22.0,54.0,10.0,26.0,284.0,1.0,1.0,0.0,8.0,0,2.0,13.0,5.18,2.76,2.04,22.4,0.48,0.09,0.11,2.3,5.79,1.72,2.16,20.2,0.2,0.07,0.05,0.96,1129.0,有,有
178,2024,588.0,37.1,0.0,9.1,0.0,1.6,0.0,21.3,51.1,0.3,0.0,0.4,3.0,4.9,31.8,549.0,1.0,0.0,38.0,40.0,21.0,431.0,41.6,52.9,2.2,0.0,0.2,5.1,76.6,58.2,3.3,5.1,0.0,4.3,691.0,503.0,0.0,0.0,4.0,31.0,66.4,2.3,6.5,6.2,1.9,22.1,3.1,0.2,0.1,0.0,0,0.5,7.1,36.9,5.1,5.5,2.1,3.3,17.9,3.2,0.0,0.0,0.0,0,0.3,0.0,431.0,28.0,70.0,73.0,0.0,448.0,47.0,3.0,1.0,112.0,0,0.0,51.0,5.52,2.73,2.11,22.5,0.19,0.09,0.09,2.0,4.72,1.88,1.04,18.8,0.22,0.06,0.07,1.28,1163.0,有,有
179,2024,493.0,85.1,0.2,0.0,1.8,0.0,0.7,25.0,67.7,0.5,0.0,0.0,1.6,1.1,43.4,565.0,1.0,5.0,0.0,0.0,101.0,457.0,53.4,13.4,2.4,5.6,0.1,0.2,54.1,24.5,2.2,4.6,0.0,0.0,457.0,296.0,61.0,0.0,0.0,0.0,62.8,3.8,11.0,0.7,1.3,27.8,0.7,0.4,0.0,0.0,0,0.4,0.0,42.3,8.5,0.5,3.8,1.9,37.0,0.0,0.0,0.0,0.0,0,0.1,0.0,471.0,0.0,0.0,30.0,27.0,446.0,2.0,1.0,0.0,0.0,0,2.0,48.0,5.28,2.75,2.04,23.0,0.31,0.1,0.09,2.1,5.79,2.7,1.26,20.3,0.18,0.06,0.04,1.25,997.0,有,有
180,2024,440.0,74.9,0.2,8.4,6.2,0.9,4.4,42.5,69.0,0.5,0.0,11.6,0.0,0.1,29.9,546.0,0.0,0.0,128.0,0.0,0.0,410.0,66.2,34.4,0.6,6.1,0.0,11.9,48.9,38.7,0.9,0.0,0.0,4.5,599.0,468.0,16.0,0.0,2.0,0.0,58.5,1.6,0.1,3.8,2.3,28.8,0.0,0.0,0.0,13.7,0,0.8,6.0,61.5,7.1,2.4,0.0,1.5,17.5,1.8,0.5,0.0,3.2,0,0.0,12.5,657.0,21.0,71.0,0.0,5.0,241.0,24.0,4.0,2.0,16.0,0,0.0,92.0,5.3,2.76,2.0,21.4,0.31,0.09,0.09,2.4,5.79,2.83,1.84,23.0,0.22,0.08,0.05,1.12,1048.0,有,有
181,2024,173.0,74.8,0.1,2.4,2.9,0.4,0.0,50.4,67.5,0.1,12.5,3.2,3.1,4.0,46.9,740.0,1.0,31.0,63.0,32.0,26.0,158.0,66.9,20.8,0.0,0.0,0.0,4.5,72.3,58.0,0.0,7.3,0.0,0.0,357.0,408.0,0.0,207.0,5.0,0.0,57.5,8.2,5.0,1.9,0.3,15.5,0.6,0.5,0.0,0.0,0,0.0,6.3,49.6,2.0,6.5,5.8,1.1,15.2,1.1,0.3,0.0,8.0,0,0.0,1.5,530.0,48.0,63.0,8.0,6.0,305.0,29.0,2.0,4.0,89.0,0,7.0,93.0,5.34,2.77,2.09,23.1,0.32,0.08,0.09,2.3,3.68,2.83,2.2,23.4,0.19,0.09,0.06,1.99,1072.0,有,有
182,2024,564.0,62.7,0.0,7.6,4.2,0.1,5.6,20.3,79.9,0.0,0.0,0.0,1.0,0.0,41.0,699.0,0.0,0.0,40.0,0.0,0.0,477.0,73.8,27.0,0.8,11.1,0.2,1.9,31.8,35.4,0.5,0.0,0.4,0.0,772.0,512.0,17.0,5.0,0.0,55.0,63.0,0.4,1.0,2.6,0.4,30.8,0.0,0.5,0.0,1.5,0,0.3,4.6,75.0,2.9,4.0,7.6,1.0,21.1,0.0,0.2,0.3,0.0,0,0.0,3.0,695.0,13.0,6.0,0.0,0.0,320.0,15.0,5.0,0.0,0.0,0,0.0,10.0,5.3,2.73,2.03,23.9,0.27,0.08,0.07,2.3,5.79,2.62,2.2,22.0,0.15,0.07,0.09,0.88,1014.0,有,有
183,2024,309.0,39.6,0.0,0.0,7.1,2.0,3.2,35.1,37.7,0.3,4.4,0.0,0.7,2.0,33.5,663.0,1.0,95.0,0.0,27.0,15.0,309.0,85.3,57.4,0.3,4.8,0.4,4.8,71.0,4.5,1.6,6.1,0.2,0.0,546.0,448.0,24.0,0.0,2.0,58.0,38.9,0.0,3.1,0.8,0.0,38.9,0.0,0.0,0.1,0.0,0,0.5,1.3,62.6,5.4,0.0,2.4,1.2,18.2,1.3,0.3,0.0,3.0,0,0.0,3.7,763.0,40.0,26.0,40.0,39.0,306.0,0.0,5.0,0.0,34.0,0,0.0,0.0,5.32,2.76,2.01,22.6,0.23,0.1,0.07,1.7,5.79,2.89,2.2,6.1,0.18,0.08,0.05,1.61,994.0,有,有
184,2024,652.0,82.4,0.7,0.0,0.0,0.6,6.0,41.2,57.1,0.0,0.0,0.0,0.9,4.0,50.9,277.0,0.0,0.0,103.0,0.0,79.0,459.0,48.7,35.3,2.1,7.5,0.0,5.2,31.6,28.1,0.0,0.0,0.0,9.0,577.0,651.0,43.0,106.0,2.0,172.0,53.5,5.6,6.1,1.9,0.7,33.5,0.6,0.0,0.0,6.7,0,0.2,0.0,36.7,5.0,0.8,1.4,1.1,29.3,2.0,0.0,0.3,10.1,0,0.6,10.8,768.0,38.0,77.0,26.0,1.0,424.0,18.0,5.0,1.0,0.0,0,0.0,129.0,5.15,2.74,2.08,20.4,0.2,0.08,0.07,2.4,5.63,2.89,2.13,24.9,0.26,0.04,0.07,1.58,1090.0,有,有
185,2024,566.0,61.2,0.3,5.9,0.0,1.7,0.0,16.1,57.5,0.0,0.0,8.6,0.0,2.9,20.3,799.0,5.0,72.0,112.0,15.0,58.0,203.0,67.7,51.9,1.8,0.0,0.1,3.3,50.9,36.6,2.1,0.0,0.0,0.0,627.0,271.0,0.0,0.0,3.0,58.0,60.0,2.4,6.7,4.0,1.0,19.1,0.6,0.3,0.1,0.8,0,0.4,10.2,42.8,0.8,9.9,3.5,0.4,16.9,1.1,0.1,0.0,5.3,0,0.0,0.0,487.0,52.0,70.0,28.0,7.0,232.0,0.0,4.0,3.0,29.0,0,0.0,65.0,5.34,2.74,2.05,23.5,0.23,0.08,0.09,2.3,4.12,2.89,1.05,24.2,0.2,0.05,0.05,1.25,1131.0,有,有
186,2024,12.0,53.9,0.2,0.0,6.9,0.1,1.7,26.2,30.3,0.4,14.0,3.7,3.0,3.5,23.3,866.0,0.0,21.0,0.0,42.0,4.0,125.0,61.6,36.5,1.0,8.9,0.3,4.8,46.4,40.1,0.0,9.2,0.0,3.7,731.0,625.0,32.0,68.0,3.0,36.0,75.5,1.6,2.2,3.3,1.4,27.0,0.7,0.1,0.0,9.3,0,0.1,7.8,51.9,3.6,7.1,0.0,1.9,24.0,2.1,0.5,0.2,0.0,0,0.4,1.3,810.0,24.0,40.0,67.0,23.0,326.0,19.0,2.0,0.0,0.0,0,2.0,18.0,5.44,2.73,2.03,23.1,0.39,0.07,0.08,1.8,5.79,2.17,2.0,24.9,0.15,0.03,0.06,1.45,1076.0,有,有
187,2024,350.0,70.7,0.0,0.0,2.5,2.6,2.5,7.5,66.4,0.5,0.4,8.0,0.0,8.5,31.5,323.0,0.0,17.0,0.0,0.0,36.0,359.0,54.7,47.6,3.3,0.0,0.3,0.6,78.6,40.5,2.4,0.0,0.5,7.6,549.0,489.0,0.0,0.0,1.0,0.0,57.9,4.9,6.9,3.2,1.6,22.4,1.5,0.2,0.0,8.2,0,0.0,0.0,32.5,1.7,0.0,6.6,0.6,31.4,0.5,0.2,0.2,0.0,0,0.0,6.6,412.0,0.0,12.0,53.0,42.0,277.0,58.0,0.0,4.0,0.0,0,1.0,60.0,5.17,2.73,1.97,22.7,0.19,0.09,0.08,2.4,4.16,2.89,2.02,23.3,0.14,0.08,0.05,1.4,974.0,有,有
188,2024,374.0,68.9,0.8,4.0,0.0,1.6,4.7,33.5,70.5,0.1,1.6,2.5,0.0,2.3,21.5,645.0,4.0,135.0,88.0,46.0,66.0,401.0,47.9,19.7,0.0,3.9,0.2,0.9,51.0,49.4,1.9,4.0,0.5,13.6,535.0,394.0,23.0,45.0,2.0,55.0,46.9,0.4,4.6,0.2,0.3,18.7,1.6,0.6,0.1,2.5,0,0.2,2.5,71.7,3.4,2.0,5.3,2.9,20.8,1.6,0.4,0.1,8.2,0,0.1,5.8,724.0,0.0,0.0,0.0,0.0,383.0,19.0,0.0,0.0,72.0,0,0.0,0.0,5.21,2.75,2.08,24.2,0.3,0.09,0.06,1.9,3.78,2.46,1.75,12.7,0.17,0.06,0.06,1.18,1076.0,有,有
189,2024,857.0,40.6,0.4,0.2,8.7,0.4,0.0,50.9,38.9,0.4,0.0,12.9,0.4,0.0,37.5,635.0,4.0,114.0,0.0,21.0,31.0,318.0,51.8,41.4,0.0,0.0,0.0,12.6,34.2,46.4,2.1,0.0,0.4,0.0,719.0,350.0,0.0,0.0,4.0,71.0,51.3,0.4,7.8,1.8,1.3,38.2,0.0,0.3,0.0,0.0,0,0.0,9.6,63.5,7.7,2.3,6.4,1.1,16.5,2.6,0.2,0.0,0.0,0,0.2,17.0,782.0,16.0,76.0,29.0,12.0,236.0,0.0,1.0,2.0,0.0,0,0.0,67.0,5.36,2.72,2.0,22.0,0.37,0.08,0.09,1.9,5.79,2.89,1.66,20.5,0.15,0.07,0.07,2.08,1050.0,有,有
190,2024,102.0,55.1,0.1,6.6,2.8,0.0,3.5,45.2,51.1,0.1,3.9,4.0,0.7,0.3,30.2,626.0,1.0,35.0,0.0,13.0,57.0,46.0,53.6,28.3,0.0,1.7,0.2,0.0,40.2,18.6,0.2,5.2,0.2,0.0,360.0,313.0,0.0,35.0,0.0,9.0,48.0,0.0,6.1,2.1,1.4,22.8,0.0,0.4,0.1,0.0,0,0.1,8.8,39.0,3.3,3.2,1.9,0.0,29.1,3.4,0.2,0.1,1.8,0,0.0,0.0,702.0,81.0,0.0,99.0,0.0,463.0,0.0,2.0,3.0,0.0,0,1.0,43.0,5.23,2.73,2.05,21.4,0.35,0.08,0.09,1.6,5.79,2.04,1.3,21.7,0.21,0.06,0.09,1.38,1176.0,有,有
191,2024,1088.0,64.2,0.2,2.5,8.4,1.7,6.9,20.4,67.2,0.4,3.7,5.5,2.5,1.0,36.7,752.0,0.0,159.0,0.0,13.0,17.0,427.0,61.6,26.0,0.0,8.7,0.4,4.9,68.3,15.1,0.0,6.9,0.0,0.0,456.0,444.0,0.0,0.0,4.0,32.0,54.6,0.0,4.7,3.6,1.0,1.8,2.0,0.0,0.0,0.0,0,0.0,5.0,69.0,3.9,4.9,1.4,0.0,19.6,0.0,0.2,0.6,1.4,0,0.0,0.0,582.0,39.0,10.0,65.0,11.0,427.0,0.0,0.0,1.0,15.0,0,3.0,2.0,5.39,2.72,2.05,22.4,0.42,0.06,0.08,2.2,4.59,2.16,2.05,16.2,0.17,0.07,0.09,1.24,1023.0,有,有
192,2024,34.0,53.9,0.1,0.1,2.0,2.1,4.7,37.8,51.5,0.2,1.8,0.0,1.4,0.6,48.1,561.0,0.0,44.0,29.0,0.0,32.0,504.0,59.5,42.4,1.6,0.0,0.0,6.2,83.9,32.8,4.1,4.6,0.0,11.8,423.0,503.0,49.0,59.0,1.0,99.0,50.7,3.2,6.8,2.9,0.5,27.0,0.0,0.0,0.0,0.0,0,0.4,0.0,35.3,0.0,6.3,2.4,2.6,29.2,2.0,0.3,0.1,2.8,0,0.1,0.0,813.0,45.0,65.0,5.0,10.0,351.0,34.0,8.0,4.0,0.0,0,3.0,0.0,5.11,2.75,2.0,23.9,0.34,0.09,0.11,2.0,4.94,2.78,1.84,21.8,0.24,0.08,0.1,2.28,1033.0,有,有
193,2024,24.0,56.9,0.3,0.0,7.4,0.0,2.9,25.0,45.6,0.2,9.3,9.6,0.9,5.0,35.3,679.0,0.0,0.0,17.0,23.0,20.0,593.0,67.4,34.2,1.8,2.8,0.4,0.0,86.6,36.0,0.0,7.7,0.6,6.5,225.0,780.0,23.0,0.0,2.0,48.0,62.2,0.0,0.2,1.4,2.0,24.5,1.6,0.1,0.0,0.0,0,0.3,0.0,48.0,1.4,0.5,0.0,0.8,24.8,0.6,0.0,0.0,3.6,0,0.0,0.0,579.0,21.0,41.0,62.0,17.0,159.0,10.0,1.0,0.0,76.0,0,2.0,8.0,5.29,2.75,2.04,22.9,0.19,0.08,0.06,2.2,5.69,2.53,2.2,20.6,0.18,0.08,0.07,1.87,1067.0,有,有
194,2024,718.0,70.2,0.2,0.0,6.8,2.2,0.0,51.2,73.7,0.2,1.3,5.5,0.6,5.9,28.3,787.0,1.0,0.0,117.0,0.0,35.0,286.0,53.8,37.6,1.0,4.4,0.0,0.6,51.4,46.6,0.5,0.0,0.0,8.9,484.0,522.0,0.0,133.0,0.0,0.0,46.0,2.5,0.0,4.3,0.2,21.1,0.0,0.2,0.1,0.0,0,0.6,0.0,65.2,0.0,1.8,4.1,1.9,44.7,0.0,0.5,0.0,7.6,0,0.0,2.5,698.0,14.0,78.0,41.0,7.0,275.0,0.0,0.0,2.0,43.0,0,4.0,0.0,5.21,2.76,1.94,20.9,0.35,0.09,0.09,2.4,4.02,1.95,1.96,21.3,0.16,0.07,0.04,2.05,1060.0,有,有
195,2024,206.0,40.5,0.3,1.1,3.7,0.7,2.7,10.8,55.7,0.4,0.1,0.9,5.6,3.6,26.2,481.0,0.0,0.0,0.0,42.0,0.0,620.0,54.3,26.7,1.8,10.8,0.2,3.2,53.9,51.6,0.8,0.0,0.1,0.0,555.0,125.0,27.0,0.0,4.0,167.0,72.5,0.0,4.4,3.7,0.0,21.4,0.0,0.2,0.1,3.4,0,0.1,5.5,78.8,9.4,4.4,0.0,3.9,21.4,3.5,0.1,0.2,3.1,0,0.0,0.0,288.0,15.0,63.0,0.0,16.0,329.0,8.0,4.0,0.0,0.0,0,4.0,6.0,5.04,2.74,1.98,22.0,0.25,0.09,0.1,2.4,5.79,2.67,2.2,23.2,0.17,0.08,0.06,1.35,1070.0,有,有
196,2024,906.0,46.0,0.2,2.5,1.4,0.8,7.8,34.1,53.9,0.6,10.6,0.0,1.6,4.2,15.3,579.0,2.0,28.0,0.0,15.0,62.0,482.0,79.1,33.5,0.0,0.0,0.0,2.9,57.5,35.4,0.0,0.0,0.0,6.1,558.0,317.0,22.0,44.0,4.0,68.0,60.1,3.1,5.6,9.7,2.1,26.5,0.0,0.2,0.0,0.0,0,0.3,3.8,20.8,2.4,0.4,3.7,3.5,21.7,0.2,0.0,0.0,5.2,0,0.0,14.2,565.0,54.0,32.0,66.0,23.0,293.0,0.0,4.0,3.0,86.0,0,1.0,0.0,5.07,2.7,2.06,22.2,0.28,0.08,0.07,2.1,5.26,2.23,1.46,20.5,0.25,0.09,0.03,1.99,1028.0,有,有
197,2024,105.0,61.8,0.1,11.5,7.7,0.0,6.8,21.4,68.1,0.0,2.2,5.1,0.0,0.0,29.9,399.0,7.0,0.0,71.0,36.0,0.0,261.0,63.1,27.6,1.5,0.0,0.0,5.5,23.2,32.5,0.0,5.6,0.0,0.0,765.0,607.0,33.0,0.0,0.0,85.0,86.2,3.9,3.1,4.4,1.6,22.5,0.6,0.1,0.0,3.3,0,0.1,12.3,70.2,4.9,7.2,1.5,1.7,16.3,1.1,0.5,0.0,4.8,0,0.0,0.0,593.0,19.0,0.0,2.0,8.0,479.0,0.0,0.0,2.0,0.0,0,0.0,1.0,5.35,2.72,2.04,22.5,0.33,0.08,0.09,1.7,4.12,1.64,2.2,17.2,0.18,0.06,0.07,1.71,1107.0,有,有
198,2024,590.0,45.0,0.3,0.0,8.3,0.0,2.8,31.9,29.9,0.2,0.0,0.0,0.0,1.1,51.1,524.0,0.0,0.0,43.0,3.0,56.0,467.0,59.9,37.4,0.7,0.0,0.1,5.2,49.7,20.1,0.4,0.0,0.1,0.1,440.0,331.0,5.0,52.0,5.0,41.0,71.5,2.0,3.8,5.3,0.0,17.0,0.0,0.3,0.1,0.0,0,0.1,6.9,81.6,2.7,5.7,2.0,1.7,38.1,0.6,0.0,0.0,8.9,0,0.2,8.8,453.0,18.0,79.0,31.0,8.0,434.0,32.0,3.0,0.0,41.0,0,2.0,0.0,5.05,2.76,2.08,23.6,0.22,0.08,0.07,2.0,4.22,2.89,1.72,24.9,0.23,0.09,0.09,1.08,1080.0,有,有
199,2024,305.0,70.3,0.4,1.5,0.0,0.0,0.0,41.3,59.5,0.0,0.0,5.4,2.9,8.2,31.1,496.0,0.0,57.0,29.0,37.0,38.0,536.0,67.7,19.7,1.4,1.8,0.1,1.1,62.0,23.9,0.6,0.0,0.2,0.0,702.0,446.0,35.0,27.0,0.0,0.0,72.9,8.3,5.3,3.9,3.0,15.0,0.3,0.0,0.0,0.0,0,0.6,0.0,55.8,0.7,3.3,0.1,0.8,32.5,2.9,0.1,0.2,0.0,0,0.4,7.8,539.0,59.0,0.0,5.0,26.0,160.0,23.0,0.0,0.0,0.0,0,5.0,81.0,5.22,2.76,2.02,24.1,0.38,0.09,0.1,1.8,4.93,1.94,2.2,13.4,0.2,0.05,0.09,1.46,1137.0,有,有
200,2024,160.0,63.9,0.1,0.0,2.9,1.2,0.0,30.4,65.1,0.0,0.0,2.6,0.7,7.5,41.6,575.0,0.0,0.0,46.0,38.0,0.0,514.0,84.6,21.1,0.0,0.0,0.3,0.0,61.7,46.0,0.1,6.6,0.2,4.8,484.0,577.0,7.0,0.0,2.0,81.0,51.7,1.9,5.2,4.7,0.1,16.9,0.0,0.0,0.1,0.0,0,0.1,0.0,58.1,4.1,6.7,4.5,2.5,41.3,0.2,0.5,0.0,0.0,0,0.1,2.0,715.0,44.0,76.0,57.0,27.0,71.0,5.0,3.0,0.0,0.0,0,4.0,61.0,5.34,2.74,2.05,23.8,0.21,0.06,0.09,2.3,5.79,2.89,1.54,24.3,0.17,0.06,0.05,1.39,1047.0,有,有
201,2024,292.0,42.4,0.0,9.5,2.7,1.0,0.0,24.4,44.7,0.5,5.5,6.2,4.0,0.8,34.0,731.0,2.0,16.0,134.0,0.0,36.0,196.0,73.2,50.4,0.0,0.0,0.0,5.7,68.9,57.4,6.7,0.0,0.1,0.0,650.0,368.0,0.0,0.0,0.0,14.0,54.1,2.2,4.3,5.6,0.0,28.9,1.7,0.2,0.0,6.3,0,0.1,9.1,56.9,0.0,4.8,0.7,0.0,21.1,0.7,0.2,0.0,0.0,0,0.0,1.5,542.0,9.0,80.0,20.0,25.0,431.0,13.0,2.0,0.0,70.0,0,2.0,0.0,5.05,2.68,2.03,22.2,0.38,0.09,0.12,2.5,3.91,2.07,1.62,24.9,0.17,0.09,0.07,0.65,1101.0,有,有
202,2024,1043.0,71.5,0.4,6.8,2.8,1.0,3.1,42.1,51.9,0.0,0.0,1.0,0.3,10.5,42.6,652.0,0.0,0.0,88.0,20.0,2.0,255.0,72.4,39.7,1.7,3.1,0.0,6.0,62.4,43.9,2.4,0.0,0.0,10.9,447.0,301.0,10.0,53.0,3.0,0.0,67.2,2.1,6.0,2.5,1.3,25.0,0.0,0.0,0.2,1.8,0,0.0,12.9,27.0,3.0,6.2,6.1,0.3,35.4,4.7,0.0,0.4,0.0,0,0.5,0.0,828.0,21.0,50.0,16.0,23.0,339.0,0.0,1.0,1.0,118.0,0,0.0,36.0,5.2,2.72,2.05,22.5,0.19,0.06,0.07,2.3,5.79,2.89,1.7,22.9,0.1,0.07,0.04,1.67,975.0,有,有
203,2024,454.0,69.6,0.2,14.7,18.7,0.0,2.9,35.6,53.9,0.0,0.0,5.3,0.0,5.1,18.2,733.0,0.0,42.0,117.0,4.0,56.0,401.0,88.1,38.4,1.4,0.0,0.6,14.3,59.0,58.2,0.0,13.0,0.5,0.0,457.0,531.0,8.0,0.0,0.0,62.0,85.8,6.2,5.3,6.8,0.0,24.3,0.0,0.2,0.0,16.2,0,0.2,0.0,73.1,4.7,2.6,3.4,2.3,27.8,0.1,0.2,0.0,0.0,0,0.6,0.0,452.0,9.0,6.0,51.0,7.0,296.0,29.0,3.0,3.0,63.0,0,0.0,91.0,5.37,2.69,2.03,23.1,0.41,0.09,0.08,2.2,3.66,2.0,1.92,24.9,0.19,0.05,0.04,1.08,1065.0,有,有
204,2024,533.0,69.5,0.0,10.8,1.9,0.3,7.6,45.3,39.6,0.5,9.9,0.0,4.7,2.6,36.3,727.0,1.0,193.0,0.0,10.0,18.0,567.0,38.5,47.1,2.0,2.9,0.1,11.3,42.7,27.3,0.0,0.0,0.2,5.9,228.0,254.0,0.0,43.0,2.0,0.0,67.3,5.1,0.0,1.1,0.2,23.2,0.5,0.0,0.0,0.0,0,0.5,0.0,57.1,0.4,5.0,0.9,1.4,39.8,0.6,0.0,0.2,4.9,0,0.1,4.8,601.0,75.0,63.0,23.0,15.0,368.0,0.0,5.0,0.0,59.0,0,0.0,0.0,5.29,2.74,2.1,25.2,0.23,0.08,0.09,1.9,5.79,2.52,1.96,18.5,0.19,0.06,0.06,1.57,999.0,有,有
205,2024,878.0,58.7,0.0,4.5,0.0,1.4,0.0,35.7,12.6,0.8,0.0,0.0,0.4,3.7,50.5,530.0,3.0,29.0,106.0,0.0,22.0,502.0,39.5,37.3,0.4,0.0,0.2,4.6,44.2,52.1,1.4,0.0,0.0,0.0,724.0,470.0,0.0,74.0,0.0,43.0,84.6,2.5,2.5,4.4,0.5,21.5,0.0,0.5,0.1,10.6,0,0.5,12.6,72.7,5.9,1.4,1.7,0.0,42.9,0.3,0.4,0.0,0.0,0,0.7,11.9,433.0,46.0,48.0,56.0,41.0,397.0,30.0,1.0,1.0,117.0,0,0.0,0.0,5.14,2.72,2.05,22.0,0.32,0.09,0.1,2.6,5.53,2.86,1.5,19.3,0.18,0.06,0.07,1.16,1083.0,有,有
206,2024,965.0,28.3,0.3,0.0,0.0,0.4,10.4,40.7,43.8,0.0,0.0,4.7,0.0,4.9,11.0,302.0,1.0,0.0,54.0,7.0,25.0,469.0,35.5,30.9,0.0,6.4,0.1,7.0,33.2,25.1,1.4,3.3,0.2,5.4,668.0,488.0,11.0,0.0,5.0,0.0,46.5,0.0,2.6,6.6,1.2,23.5,0.1,0.5,0.0,3.2,0,0.0,3.5,58.4,1.9,5.3,4.3,1.9,31.0,0.7,0.1,0.0,2.6,0,0.0,0.0,604.0,84.0,48.0,23.0,40.0,267.0,0.0,5.0,0.0,45.0,0,4.0,71.0,5.42,2.74,1.96,24.5,0.5,0.07,0.09,2.1,4.24,1.88,2.16,24.9,0.23,0.07,0.09,1.88,1110.0,有,有
207,2024,26.0,61.5,0.1,3.0,4.1,2.2,4.7,27.7,18.8,0.3,0.0,8.5,0.1,4.8,44.1,702.0,0.0,0.0,48.0,0.0,26.0,527.0,69.2,31.3,0.8,10.7,0.0,0.0,49.7,36.5,2.6,7.5,0.5,7.4,424.0,562.0,4.0,0.0,0.0,0.0,32.8,0.0,5.2,5.1,0.0,28.5,1.0,0.1,0.0,6.5,0,0.3,4.0,43.5,4.6,3.1,5.4,1.2,34.4,0.0,0.1,0.0,10.5,0,0.2,0.0,684.0,28.0,0.0,0.0,0.0,257.0,5.0,1.0,0.0,0.0,0,0.0,22.0,5.37,2.69,2.05,22.4,0.37,0.1,0.07,2.3,5.5,2.5,1.49,24.6,0.19,0.06,0.04,1.34,937.0,有,有
208,2024,502.0,50.1,0.3,8.8,8.2,1.3,5.0,36.7,55.2,0.0,10.1,3.9,0.0,0.0,23.1,610.0,5.0,116.0,35.0,0.0,14.0,136.0,44.5,60.8,0.7,0.0,0.0,3.5,29.6,43.4,0.0,0.0,0.0,2.7,236.0,282.0,9.0,0.0,0.0,98.0,37.4,0.7,9.4,0.7,0.7,23.8,1.0,0.1,0.1,9.1,0,0.0,1.9,43.7,4.2,10.4,2.5,0.0,25.9,2.8,0.4,0.3,0.0,0,0.0,2.7,578.0,39.0,13.0,73.0,0.0,445.0,12.0,1.0,1.0,44.0,0,0.0,77.0,5.31,2.7,2.06,24.1,0.33,0.08,0.1,2.3,5.35,2.49,2.2,19.0,0.19,0.07,0.1,1.15,994.0,有,有
209,2024,6.0,76.4,0.6,11.8,4.9,0.0,0.0,52.6,80.8,0.4,0.0,2.4,0.1,3.2,29.9,494.0,2.0,8.0,0.0,0.0,0.0,108.0,70.2,15.6,0.9,9.6,0.8,2.4,57.9,45.1,3.1,0.0,0.0,0.6,543.0,411.0,0.0,26.0,4.0,31.0,27.4,4.3,5.7,2.0,0.3,9.6,1.3,0.2,0.0,1.3,0,0.3,0.0,55.9,4.3,5.7,4.0,0.0,41.0,1.3,0.0,0.2,3.8,0,0.6,5.3,591.0,11.0,26.0,0.0,0.0,565.0,53.0,3.0,2.0,9.0,0,2.0,0.0,5.2,2.76,2.03,21.8,0.27,0.09,0.09,1.9,5.29,2.89,1.29,24.9,0.24,0.07,0.09,1.89,998.0,有,有
210,2024,56.0,65.4,0.0,1.4,3.5,0.0,4.9,33.4,36.4,0.0,1.1,0.0,0.0,10.5,32.3,866.0,1.0,50.0,0.0,11.0,26.0,439.0,59.5,30.1,0.8,4.7,0.2,9.1,43.4,42.1,2.9,0.0,0.0,9.0,528.0,498.0,0.0,46.0,3.0,152.0,34.4,3.0,6.0,5.4,1.3,47.5,0.3,0.0,0.1,0.0,0,0.0,0.0,52.7,4.8,3.8,0.5,0.3,28.8,2.4,0.2,0.2,0.0,0,0.7,3.7,446.0,50.0,0.0,36.0,20.0,236.0,0.0,6.0,0.0,92.0,0,0.0,59.0,5.22,2.71,2.05,23.4,0.23,0.08,0.09,2.0,5.79,2.35,1.51,17.1,0.13,0.07,0.07,1.28,1002.0,有,有
211,2024,209.0,51.8,0.0,6.0,0.0,0.0,2.4,45.4,61.5,0.0,0.0,0.0,0.6,2.1,39.9,639.0,6.0,0.0,31.0,0.0,33.0,392.0,65.1,23.3,2.6,0.0,0.8,6.9,45.2,40.4,1.6,16.9,0.1,0.0,436.0,428.0,0.0,0.0,4.0,0.0,46.7,6.5,5.2,10.2,1.2,32.0,0.0,0.0,0.0,0.0,0,0.5,3.9,43.2,4.7,5.4,5.4,0.0,32.0,1.8,0.0,0.3,11.8,0,0.5,0.0,782.0,37.0,51.0,12.0,0.0,172.0,0.0,3.0,1.0,21.0,0,7.0,0.0,5.21,2.74,2.11,21.2,0.24,0.09,0.08,1.9,4.69,2.35,1.39,8.8,0.2,0.06,0.04,1.38,1014.0,有,有
212,2024,285.0,68.0,0.0,0.0,8.7,1.1,0.8,31.0,84.2,0.4,0.0,12.2,0.9,0.0,59.6,595.0,0.0,0.0,25.0,41.0,35.0,231.0,51.1,39.7,0.0,0.0,0.0,0.0,31.6,51.7,0.0,6.6,0.0,0.0,688.0,423.0,2.0,0.0,2.0,127.0,45.8,2.2,3.3,1.9,0.7,22.0,0.5,0.2,0.0,0.0,0,0.5,5.4,52.4,4.9,0.0,4.1,0.7,26.7,2.0,0.0,0.2,0.0,0,0.1,7.3,650.0,104.0,51.0,52.0,27.0,263.0,0.0,4.0,0.0,0.0,0,4.0,159.0,5.33,2.73,2.04,22.2,0.19,0.09,0.07,1.8,4.56,2.37,1.3,21.5,0.17,0.05,0.09,1.36,1032.0,有,有
213,2024,1082.0,61.2,0.0,0.0,0.0,0.7,1.5,36.3,86.8,0.1,11.6,0.0,2.7,0.0,28.5,474.0,5.0,0.0,0.0,40.0,0.0,433.0,65.2,16.2,0.3,0.0,0.0,8.4,57.6,36.5,2.6,4.1,0.0,0.3,652.0,611.0,0.0,88.0,8.0,69.0,60.3,3.6,3.6,0.0,0.0,24.3,0.0,0.4,0.1,16.7,0,0.2,0.0,76.6,3.4,6.9,4.4,3.1,53.1,0.0,0.0,0.0,0.0,0,0.0,5.3,564.0,36.0,2.0,8.0,14.0,257.0,23.0,2.0,0.0,0.0,0,0.0,67.0,5.18,2.76,2.03,23.3,0.34,0.07,0.11,2.0,5.79,2.88,2.12,20.5,0.14,0.05,0.05,1.7,1047.0,有,有
214,2024,623.0,35.5,0.5,4.5,3.2,1.2,3.4,39.7,41.1,0.0,2.2,5.5,0.2,0.0,58.0,449.0,0.0,88.0,0.0,21.0,26.0,464.0,83.1,37.6,0.0,9.2,0.3,0.0,67.4,16.1,2.2,0.0,0.4,4.6,451.0,317.0,27.0,0.0,7.0,169.0,58.9,0.8,3.8,0.2,2.6,32.3,0.3,0.6,0.2,0.0,0,0.0,0.0,48.8,9.8,3.1,8.3,0.0,35.6,2.7,0.3,0.0,14.9,0,0.1,0.8,393.0,51.0,45.0,33.0,21.0,472.0,0.0,2.0,0.0,0.0,0,0.0,19.0,5.15,2.74,2.01,22.8,0.38,0.08,0.09,2.3,1.53,2.36,2.13,24.9,0.2,0.1,0.09,1.23,1020.0,有,有
215,2024,1109.0,56.2,0.0,0.0,3.0,0.9,0.2,39.7,73.1,0.4,0.0,4.6,1.1,4.7,29.5,866.0,5.0,23.0,10.0,0.0,0.0,334.0,88.7,36.6,0.0,0.0,0.5,6.0,49.3,73.3,1.1,2.9,0.1,3.3,465.0,523.0,0.0,0.0,0.0,74.0,28.6,3.2,0.0,0.4,1.0,37.4,0.0,0.4,0.2,0.0,0,0.6,3.6,60.7,5.3,9.2,3.8,1.6,35.2,2.7,0.1,0.0,0.0,0,0.0,10.9,461.0,27.0,82.0,0.0,32.0,168.0,40.0,4.0,1.0,127.0,0,0.0,0.0,5.41,2.72,2.13,24.3,0.42,0.08,0.09,2.5,4.48,1.67,1.3,23.2,0.22,0.05,0.07,1.98,1020.0,有,有
216,2024,395.0,59.8,0.1,0.0,0.1,0.0,1.2,9.6,38.0,0.0,10.8,0.0,1.0,1.4,26.6,383.0,0.0,0.0,0.0,5.0,5.0,277.0,61.6,20.8,1.4,0.0,0.0,0.7,35.1,45.6,1.5,0.0,0.0,1.5,710.0,453.0,34.0,0.0,3.0,113.0,57.0,0.8,1.9,0.6,2.3,25.9,0.0,0.2,0.0,6.1,0,0.3,12.5,73.1,1.9,1.5,6.6,2.3,34.6,1.1,0.5,0.0,0.0,0,0.3,14.3,683.0,47.0,58.0,18.0,31.0,107.0,0.0,0.0,3.0,0.0,0,4.0,0.0,5.26,2.73,2.04,22.5,0.27,0.1,0.09,2.1,4.94,2.68,1.36,22.8,0.24,0.07,0.1,1.36,1176.0,有,有
217,2024,329.0,80.2,0.4,0.0,0.0,0.1,3.2,30.3,38.1,0.0,0.0,8.9,0.0,1.0,35.7,697.0,0.0,67.0,89.0,0.0,67.0,290.0,56.1,62.3,2.2,0.0,0.1,1.0,51.2,39.4,0.0,0.0,0.5,0.0,352.0,318.0,37.0,60.0,9.0,0.0,50.1,1.9,2.6,2.2,1.6,33.1,0.0,0.0,0.2,0.0,0,0.0,7.8,61.7,0.0,5.5,4.0,2.1,2.3,0.0,0.0,0.0,0.0,0,0.0,7.0,543.0,77.0,36.0,34.0,0.0,403.0,26.0,0.0,0.0,0.0,0,5.0,93.0,5.34,2.75,2.03,22.9,0.19,0.08,0.08,2.1,5.6,2.4,1.52,23.3,0.15,0.12,0.07,1.18,1196.0,有,有
218,2024,511.0,49.8,0.1,6.5,0.0,2.5,5.2,38.0,58.8,0.7,0.0,0.0,0.0,0.0,34.3,680.0,0.0,0.0,85.0,28.0,55.0,185.0,44.0,44.8,0.2,0.0,0.1,6.6,41.2,19.6,0.8,1.1,0.0,5.0,639.0,503.0,10.0,0.0,3.0,27.0,79.5,3.6,8.2,1.9,0.0,24.4,0.8,0.5,0.0,7.0,0,0.0,12.3,47.1,3.3,6.4,7.5,0.0,26.7,2.2,0.0,0.0,3.8,0,0.1,0.0,450.0,6.0,0.0,54.0,6.0,272.0,35.0,5.0,0.0,124.0,0,0.0,3.0,5.35,2.77,1.99,22.2,0.4,0.11,0.09,2.4,5.5,2.89,2.08,16.8,0.17,0.08,0.09,1.11,1063.0,有,有
219,2024,184.0,33.7,0.0,13.5,0.0,0.4,1.0,10.3,39.3,0.0,20.8,9.3,0.0,1.9,62.2,682.0,0.0,44.0,0.0,10.0,76.0,461.0,88.7,65.5,2.0,4.5,0.0,0.0,70.6,39.3,1.2,0.0,0.0,6.9,454.0,350.0,20.0,66.0,4.0,90.0,64.1,3.1,0.0,5.4,0.0,20.3,0.0,0.1,0.0,1.8,0,0.0,3.0,61.2,0.0,8.7,3.7,2.5,25.5,0.0,0.1,0.0,2.8,0,0.7,1.1,595.0,44.0,71.0,0.0,11.0,396.0,0.0,7.0,2.0,8.0,0,3.0,0.0,5.41,2.74,2.04,22.6,0.48,0.06,0.09,2.2,5.79,2.68,1.79,16.9,0.13,0.09,0.08,1.86,1100.0,有,有
220,2024,418.0,35.9,0.6,10.6,0.0,0.0,3.7,38.2,71.5,0.0,0.0,0.0,1.4,1.3,66.2,589.0,0.0,0.0,32.0,4.0,50.0,349.0,76.4,36.2,2.0,7.9,0.1,7.2,50.4,55.0,1.8,0.7,0.1,0.0,592.0,333.0,0.0,13.0,5.0,0.0,65.6,1.9,0.5,0.5,1.5,18.2,0.2,0.4,0.0,0.0,0,0.0,0.0,37.6,2.8,2.6,4.5,1.3,32.7,0.0,0.2,0.0,4.2,0,0.0,4.7,627.0,36.0,49.0,0.0,7.0,352.0,27.0,0.0,1.0,0.0,0,0.0,0.0,5.01,2.7,2.07,22.9,0.29,0.09,0.08,1.9,4.04,2.62,1.27,24.9,0.27,0.04,0.05,1.06,1002.0,有,有
221,2024,585.0,66.2,0.0,0.0,6.6,0.0,5.0,46.7,43.8,0.5,0.0,2.8,1.0,4.1,46.4,304.0,0.0,49.0,6.0,7.0,0.0,475.0,81.1,27.0,2.4,4.3,0.0,7.6,17.9,37.7,1.5,3.3,0.0,5.5,377.0,411.0,16.0,28.0,1.0,10.0,36.6,0.0,1.0,6.9,3.1,14.6,0.0,0.4,0.0,0.0,0,0.3,2.1,66.5,7.9,4.3,0.0,2.1,37.2,1.4,0.5,0.4,1.4,0,0.0,0.9,629.0,0.0,29.0,37.0,13.0,363.0,52.0,3.0,0.0,24.0,0,0.0,22.0,5.35,2.71,2.06,23.6,0.32,0.1,0.07,2.2,5.35,2.89,2.2,24.9,0.24,0.07,0.08,1.53,1014.0,有,有
222,2024,835.0,69.1,0.1,0.0,10.7,0.0,4.0,42.8,56.2,0.0,2.9,0.0,0.0,2.6,36.8,524.0,4.0,0.0,130.0,34.0,66.0,536.0,60.9,53.9,2.6,0.0,0.4,12.3,40.4,50.7,2.3,16.1,0.0,0.0,171.0,515.0,35.0,0.0,1.0,26.0,84.6,4.0,1.0,5.0,0.2,27.1,0.0,0.0,0.2,14.5,0,0.3,0.0,50.2,3.1,4.5,7.6,0.0,25.2,2.4,0.3,0.0,0.0,0,0.2,1.0,259.0,37.0,76.0,43.0,23.0,338.0,11.0,2.0,2.0,12.0,0,2.0,42.0,5.15,2.72,2.09,24.4,0.21,0.08,0.08,1.9,5.34,2.27,2.01,15.1,0.21,0.05,0.11,1.44,968.0,有,有
223,2024,761.0,62.0,0.1,3.7,3.9,2.1,0.0,22.5,43.2,0.0,12.6,5.2,0.0,0.0,51.9,591.0,0.0,178.0,50.0,24.0,62.0,395.0,50.1,20.0,1.5,7.5,0.5,1.5,52.4,57.7,0.0,0.0,0.3,14.1,545.0,616.0,0.0,113.0,4.0,57.0,54.4,0.0,7.9,0.0,1.1,28.2,0.4,0.2,0.0,0.0,0,0.2,12.3,54.3,4.9,0.9,0.0,3.2,35.1,1.9,0.2,0.3,2.6,0,0.0,0.0,380.0,30.0,48.0,75.0,7.0,315.0,0.0,0.0,1.0,0.0,0,0.0,50.0,5.43,2.69,2.04,25.1,0.19,0.09,0.06,2.2,5.55,2.01,1.87,19.8,0.09,0.06,0.07,0.65,1093.0,有,有
224,2024,480.0,70.8,0.2,0.0,6.3,0.0,4.1,33.9,49.6,0.0,1.9,3.8,0.0,7.6,33.7,676.0,0.0,0.0,0.0,0.0,35.0,388.0,74.3,46.4,0.5,8.6,0.0,9.1,54.9,48.2,2.3,0.0,0.0,5.9,641.0,531.0,16.0,189.0,4.0,79.0,55.0,1.3,4.2,3.8,0.0,21.4,1.3,0.1,0.0,0.0,0,0.2,0.0,43.4,0.0,4.1,0.0,0.0,23.2,0.0,0.6,0.0,0.0,0,0.4,0.0,491.0,13.0,54.0,16.0,7.0,318.0,3.0,4.0,0.0,0.0,0,0.0,22.0,5.2,2.72,2.07,23.2,0.25,0.07,0.07,1.8,4.65,2.64,2.13,14.1,0.25,0.05,0.06,1.73,1009.0,有,有
225,2024,462.0,44.8,0.0,0.0,8.2,1.1,0.5,24.8,75.3,0.4,12.7,6.3,0.0,0.0,49.2,704.0,3.0,52.0,0.0,24.0,49.0,411.0,88.7,26.6,0.0,0.0,0.3,10.7,60.4,54.6,1.4,0.0,0.4,9.5,631.0,528.0,0.0,64.0,2.0,5.0,71.1,0.6,0.0,4.1,0.6,18.9,0.0,0.3,0.1,1.1,0,0.1,5.6,19.2,6.4,5.3,2.7,0.0,9.3,3.1,0.7,0.2,9.1,0,0.0,0.0,526.0,0.0,45.0,53.0,48.0,472.0,0.0,4.0,0.0,14.0,0,2.0,44.0,5.22,2.76,2.0,22.0,0.24,0.1,0.09,1.8,4.97,2.77,1.23,16.6,0.19,0.06,0.06,0.83,1086.0,有,無
226,2024,62.0,57.4,0.2,8.6,0.0,0.1,2.9,42.0,58.4,0.3,3.6,14.0,0.5,4.1,50.0,304.0,3.0,10.0,0.0,29.0,33.0,398.0,88.7,32.3,2.9,0.9,0.4,0.0,60.0,63.5,0.6,6.3,0.0,0.1,443.0,516.0,9.0,0.0,0.0,100.0,60.5,3.5,3.3,10.3,0.2,35.9,1.8,0.1,0.0,0.0,0,0.0,5.0,33.4,6.1,8.7,3.0,1.0,22.0,0.0,0.0,0.1,11.3,0,0.1,10.3,597.0,34.0,10.0,1.0,31.0,217.0,15.0,1.0,0.0,192.0,0,9.0,95.0,5.35,2.66,2.01,23.0,0.41,0.09,0.06,1.7,5.76,2.89,2.18,15.4,0.21,0.09,0.07,1.71,1011.0,有,有
227,2024,851.0,46.0,0.5,0.0,5.6,1.3,0.4,47.1,26.2,0.2,0.0,5.8,1.6,2.3,59.9,589.0,4.0,0.0,44.0,27.0,125.0,365.0,88.7,31.8,1.2,3.0,0.4,7.8,49.4,29.7,0.6,4.4,0.5,7.1,547.0,208.0,0.0,0.0,3.0,46.0,68.4,3.3,1.8,6.0,0.5,14.8,0.0,0.0,0.0,1.0,0,0.1,8.8,37.8,0.0,1.4,0.0,1.4,37.7,2.8,0.4,0.4,7.3,0,0.3,0.0,478.0,105.0,52.0,0.0,0.0,522.0,27.0,1.0,0.0,16.0,0,1.0,0.0,5.28,2.72,2.05,22.0,0.39,0.07,0.09,1.9,5.79,2.89,1.94,21.3,0.23,0.09,0.08,2.13,1041.0,有,有
228,2024,682.0,66.5,0.0,0.0,5.3,0.0,0.8,34.9,61.9,0.4,2.2,0.0,0.5,1.7,27.6,349.0,2.0,2.0,80.0,27.0,35.0,313.0,66.2,51.7,1.2,0.0,0.6,3.0,66.2,48.6,1.5,0.7,0.0,12.8,789.0,390.0,13.0,0.0,5.0,0.0,52.7,7.3,3.5,0.0,0.0,21.7,1.6,0.2,0.1,9.3,0,0.0,0.0,54.2,1.0,8.2,1.5,2.9,16.1,2.5,0.1,0.0,0.0,0,0.2,0.0,477.0,36.0,106.0,6.0,2.0,373.0,22.0,2.0,1.0,17.0,0,7.0,16.0,5.44,2.76,2.09,21.8,0.21,0.11,0.08,2.2,5.79,2.89,2.2,19.7,0.26,0.04,0.08,1.56,1098.0,有,有
229,2024,106.0,54.3,0.5,6.0,4.0,0.2,0.8,27.7,42.1,0.3,0.0,12.6,1.9,9.6,39.1,484.0,5.0,0.0,0.0,30.0,0.0,543.0,60.8,55.8,3.5,0.0,0.2,11.0,31.9,32.5,2.0,5.9,0.1,4.9,604.0,763.0,12.0,69.0,0.0,3.0,57.5,6.5,0.0,0.9,2.5,34.9,0.0,0.1,0.0,3.5,0,0.1,4.2,58.8,4.3,5.2,4.7,2.3,47.3,0.0,0.2,0.0,0.0,0,0.2,4.6,540.0,76.0,9.0,0.0,23.0,333.0,46.0,1.0,0.0,68.0,0,8.0,93.0,5.21,2.73,2.04,23.7,0.19,0.09,0.08,2.2,4.86,1.85,2.01,17.6,0.21,0.08,0.08,2.25,1035.0,有,有
230,2024,936.0,74.6,0.2,0.0,0.0,1.7,0.0,40.8,65.6,0.0,0.0,0.0,0.4,8.1,54.1,658.0,1.0,66.0,0.0,29.0,40.0,295.0,39.9,18.3,3.6,0.0,0.0,4.0,51.5,40.6,1.7,1.6,0.0,2.0,558.0,449.0,35.0,182.0,1.0,121.0,51.8,7.1,5.2,0.7,2.2,25.3,1.4,0.4,0.0,4.0,0,0.0,4.6,53.3,2.4,5.4,3.1,2.2,42.4,1.8,0.1,0.0,0.0,0,0.3,1.0,655.0,0.0,7.0,36.0,0.0,330.0,4.0,2.0,0.0,159.0,0,0.0,85.0,5.28,2.73,2.01,21.5,0.3,0.09,0.07,2.1,3.54,1.98,1.23,23.4,0.19,0.06,0.07,1.15,1007.0,有,有
231,2024,299.0,58.3,0.0,3.7,0.0,0.7,2.5,38.4,53.4,0.2,0.0,0.0,3.2,6.6,46.9,368.0,2.0,0.0,154.0,7.0,17.0,237.0,76.4,32.8,0.0,4.1,0.0,0.0,53.2,49.6,0.2,3.5,0.0,1.7,849.0,619.0,0.0,206.0,0.0,79.0,54.9,5.2,0.0,0.5,0.0,28.0,2.5,0.5,0.1,5.5,0,0.0,4.2,46.6,4.5,2.4,5.9,1.6,20.0,2.2,0.4,0.0,0.0,0,0.6,1.8,503.0,52.0,34.0,86.0,0.0,277.0,0.0,2.0,0.0,0.0,0,4.0,71.0,5.17,2.81,2.01,22.0,0.25,0.07,0.09,2.1,4.93,2.16,1.43,20.5,0.14,0.09,0.05,2.06,1108.0,有,有
232,2024,643.0,53.4,0.2,6.5,1.6,0.0,5.3,24.1,76.9,0.0,11.6,0.0,0.0,5.8,23.4,744.0,3.0,180.0,0.0,34.0,23.0,467.0,73.7,43.7,2.9,0.0,0.0,8.2,64.9,48.9,0.8,0.0,0.0,9.7,671.0,395.0,11.0,97.0,1.0,147.0,49.9,6.5,7.4,7.2,0.3,26.4,1.5,0.0,0.1,2.8,0,0.0,1.3,29.6,0.0,7.1,1.0,1.8,15.8,0.0,0.3,0.2,4.6,0,0.3,7.6,546.0,39.0,30.0,26.0,26.0,254.0,46.0,1.0,1.0,6.0,0,2.0,76.0,5.26,2.72,2.01,22.2,0.19,0.08,0.09,2.4,3.79,2.45,1.82,15.8,0.23,0.04,0.07,1.01,1012.0,有,有
233,2024,1120.0,79.6,0.3,0.0,0.0,0.6,4.1,18.7,48.9,0.0,7.2,2.9,0.0,4.4,43.2,541.0,4.0,122.0,79.0,3.0,0.0,612.0,73.6,26.5,2.3,0.1,0.0,2.4,55.5,56.4,4.4,0.0,0.0,0.0,150.0,379.0,13.0,0.0,1.0,24.0,55.4,0.0,6.8,0.0,1.0,21.8,0.0,0.2,0.1,0.0,0,0.1,0.9,40.6,6.6,5.9,0.0,2.3,25.7,0.0,0.1,0.0,1.3,0,0.0,1.6,456.0,33.0,37.0,3.0,7.0,302.0,0.0,6.0,1.0,0.0,0,2.0,98.0,5.28,2.71,2.04,22.7,0.39,0.1,0.11,1.8,5.11,2.89,1.77,21.1,0.15,0.05,0.03,1.91,1097.0,有,有
234,2024,591.0,43.6,0.2,5.9,1.6,1.5,0.0,35.1,78.4,0.0,4.5,2.8,0.3,0.0,17.3,275.0,5.0,68.0,107.0,20.0,0.0,473.0,68.9,23.6,2.3,0.0,0.3,0.0,41.3,50.6,1.3,4.9,0.0,0.7,658.0,339.0,0.0,0.0,9.0,50.0,40.6,0.2,3.9,0.0,1.6,32.3,1.6,0.4,0.1,0.0,0,0.0,6.9,59.5,0.8,3.9,0.3,3.0,32.4,0.0,0.4,0.1,8.9,0,0.9,8.9,533.0,0.0,79.0,35.0,9.0,366.0,0.0,2.0,0.0,0.0,0,4.0,93.0,5.44,2.75,2.06,23.4,0.25,0.08,0.1,2.4,5.79,2.86,1.92,24.9,0.16,0.07,0.03,1.59,1153.0,有,有
235,2024,306.0,56.1,0.0,6.0,0.0,0.0,4.1,31.3,54.8,0.0,3.6,0.0,2.7,3.0,29.4,597.0,5.0,0.0,70.0,0.0,64.0,455.0,69.8,27.8,1.7,12.9,0.0,0.6,57.3,27.5,2.4,0.0,0.0,2.1,488.0,435.0,1.0,85.0,1.0,0.0,55.8,5.6,2.4,2.8,1.9,29.3,0.0,0.3,0.1,0.0,0,0.0,9.8,32.5,4.7,0.0,2.3,1.2,42.8,1.3,0.0,0.0,4.3,0,0.0,11.0,507.0,28.0,98.0,103.0,3.0,360.0,18.0,4.0,1.0,38.0,0,1.0,62.0,5.3,2.67,2.04,22.0,0.32,0.09,0.09,2.2,4.19,2.39,2.2,20.4,0.18,0.05,0.06,1.44,1007.0,有,有
236,2024,598.0,53.3,0.4,10.1,0.0,1.2,5.1,22.1,68.5,0.2,6.0,0.0,1.8,6.3,44.5,866.0,2.0,0.0,102.0,23.0,13.0,388.0,35.5,43.1,0.7,0.0,0.2,6.2,66.5,34.5,0.0,0.0,0.1,0.0,866.0,547.0,2.0,0.0,0.0,25.0,71.6,0.8,2.3,5.0,0.5,25.3,0.5,0.3,0.0,0.0,0,0.1,0.7,64.1,0.3,4.1,3.1,0.7,27.7,2.7,0.2,0.0,0.0,0,0.0,5.7,471.0,25.0,45.0,70.0,19.0,274.0,28.0,5.0,0.0,0.0,0,2.0,80.0,5.39,2.76,2.03,22.0,0.29,0.09,0.1,1.9,4.37,2.26,1.89,20.3,0.17,0.05,0.08,1.62,1055.0,有,無
237,2024,273.0,65.0,0.2,0.2,5.8,0.3,10.2,37.2,57.9,0.5,0.0,0.0,0.5,1.9,43.4,644.0,0.0,2.0,0.0,36.0,50.0,274.0,52.7,56.1,0.9,0.0,0.0,0.0,66.1,51.8,5.1,0.0,0.2,4.4,788.0,496.0,19.0,0.0,0.0,25.0,57.4,6.1,1.3,0.0,0.0,19.7,0.7,0.4,0.0,0.0,0,0.0,4.0,63.8,0.1,6.5,1.7,0.0,16.2,0.0,0.4,0.0,0.0,0,0.0,5.2,832.0,50.0,5.0,12.0,0.0,574.0,21.0,1.0,0.0,37.0,0,0.0,35.0,5.33,2.67,2.03,20.4,0.27,0.1,0.1,1.7,5.58,2.89,2.06,19.3,0.27,0.07,0.05,1.67,1086.0,有,有
238,2024,505.0,72.4,0.0,9.0,7.8,1.5,0.0,49.8,32.0,0.0,10.2,2.3,0.0,8.6,54.6,703.0,5.0,0.0,29.0,0.0,0.0,337.0,57.3,44.4,0.0,0.0,0.0,3.0,39.8,34.7,1.0,0.0,0.2,1.6,636.0,496.0,0.0,0.0,0.0,0.0,65.9,0.0,5.0,5.7,0.0,32.2,2.5,0.3,0.1,4.6,0,0.0,6.6,57.0,3.3,0.0,0.3,2.1,35.5,1.8,0.4,0.0,0.0,0,0.1,1.9,839.0,0.0,0.0,31.0,0.0,330.0,0.0,4.0,2.0,0.0,0,0.0,16.0,5.18,2.7,2.08,22.6,0.19,0.08,0.1,2.0,5.73,2.47,2.04,18.9,0.19,0.05,0.06,0.97,1124.0,有,有
239,2024,572.0,45.3,0.0,0.0,7.6,4.4,4.8,41.1,61.8,0.2,2.9,15.0,1.6,0.0,42.0,682.0,1.0,99.0,47.0,12.0,67.0,334.0,35.4,13.8,0.0,5.0,0.0,2.1,58.9,58.9,1.0,0.0,0.2,4.5,332.0,48.0,43.0,0.0,2.0,0.0,69.9,3.7,6.3,4.3,1.7,9.2,0.4,0.3,0.3,0.0,0,0.5,0.0,41.3,9.3,5.6,6.8,2.5,24.2,0.0,0.3,0.0,3.3,0,0.0,2.1,323.0,46.0,27.0,54.0,18.0,291.0,12.0,3.0,0.0,0.0,0,4.0,63.0,5.51,2.66,2.11,19.9,0.3,0.07,0.09,2.1,2.94,1.85,2.16,22.9,0.14,0.07,0.05,1.26,963.0,有,有
240,2024,1042.0,60.0,0.2,9.3,4.0,1.6,2.4,36.4,69.2,0.1,1.3,7.1,0.0,3.6,38.6,447.0,0.0,186.0,76.0,24.0,62.0,473.0,49.8,41.9,1.1,0.0,0.0,0.0,71.0,36.7,0.4,4.7,0.2,1.3,866.0,473.0,0.0,0.0,0.0,0.0,81.9,2.5,1.7,1.5,2.0,18.0,1.0,0.4,0.2,0.0,0,0.5,0.0,67.6,1.3,7.7,0.0,0.2,49.6,3.1,0.2,0.0,4.0,0,0.2,2.2,588.0,0.0,35.0,31.0,5.0,263.0,4.0,0.0,0.0,0.0,0,3.0,0.0,5.09,2.8,2.07,23.9,0.28,0.07,0.07,1.8,5.22,2.39,1.29,22.0,0.21,0.06,0.06,1.04,979.0,有,有
241,2024,72.0,43.2,0.3,1.8,0.0,2.1,3.4,49.2,74.8,0.0,0.0,4.1,0.0,2.7,1.7,619.0,3.0,20.0,121.0,3.0,1.0,201.0,88.7,34.3,1.1,0.0,0.1,7.9,59.4,27.4,2.0,1.0,0.4,3.9,630.0,669.0,1.0,43.0,0.0,6.0,70.0,5.7,2.5,1.9,0.0,24.0,0.5,0.1,0.0,0.0,0,0.0,0.0,62.0,2.2,8.4,6.3,0.0,25.2,1.4,0.0,0.4,0.0,0,0.5,4.5,285.0,32.0,79.0,36.0,0.0,401.0,19.0,3.0,0.0,15.0,0,3.0,132.0,5.38,2.72,2.02,21.9,0.24,0.06,0.09,1.6,3.19,1.59,2.2,24.9,0.21,0.07,0.07,1.6,1087.0,有,有
242,2024,392.0,25.4,0.4,0.0,0.0,0.8,0.3,34.0,44.5,0.2,12.1,0.0,1.3,2.0,30.1,555.0,3.0,40.0,0.0,9.0,37.0,452.0,42.9,33.4,0.0,8.4,0.1,3.2,44.9,45.1,0.0,2.6,0.0,0.0,383.0,443.0,65.0,6.0,5.0,0.0,58.7,2.5,2.4,2.8,0.1,20.9,0.1,0.1,0.0,3.0,0,0.5,0.0,52.8,1.6,0.0,5.6,1.3,27.2,1.9,0.0,0.2,0.0,0,0.3,1.1,745.0,41.0,42.0,19.0,20.0,223.0,0.0,5.0,1.0,88.0,0,0.0,62.0,5.27,2.69,2.0,23.8,0.4,0.09,0.11,2.8,5.79,2.89,1.83,24.9,0.15,0.04,0.07,1.09,1037.0,有,有
243,2024,169.0,57.0,0.2,0.0,1.0,0.4,8.0,35.5,62.2,0.2,0.0,0.0,2.9,5.4,36.7,567.0,5.0,7.0,19.0,23.0,0.0,460.0,43.4,28.9,2.9,0.0,0.0,0.0,47.9,27.1,5.7,4.0,0.4,0.0,713.0,241.0,11.0,34.0,0.0,0.0,88.7,0.3,8.3,6.4,1.1,22.7,0.5,0.0,0.0,3.4,0,0.6,6.8,41.7,4.0,8.1,4.0,1.2,25.1,0.5,0.3,0.1,2.0,0,0.1,0.0,500.0,13.0,102.0,17.0,27.0,412.0,13.0,1.0,0.0,0.0,0,2.0,68.0,5.11,2.78,1.97,23.3,0.21,0.1,0.07,2.2,5.79,1.95,2.2,16.9,0.22,0.09,0.07,2.0,1111.0,有,有
244,2024,789.0,81.6,0.1,0.5,0.0,1.7,4.8,49.7,77.8,0.4,0.0,0.5,2.6,1.9,34.3,559.0,0.0,10.0,59.0,0.0,0.0,209.0,68.8,18.0,0.2,1.5,0.2,11.0,71.5,42.7,0.0,13.3,0.0,0.0,364.0,443.0,13.0,0.0,0.0,0.0,60.8,5.5,2.3,7.1,0.0,54.1,0.1,0.0,0.0,0.0,0,0.0,0.3,58.5,6.5,1.7,6.4,2.1,31.2,0.5,0.2,0.3,7.4,0,0.0,0.0,640.0,13.0,76.0,44.0,4.0,332.0,0.0,3.0,0.0,0.0,0,1.0,96.0,5.33,2.72,2.02,19.5,0.24,0.07,0.11,1.7,4.23,2.19,1.49,19.0,0.27,0.07,0.07,1.51,1163.0,有,有
245,2024,779.0,61.8,0.5,0.0,0.9,0.0,3.5,48.3,48.2,0.0,12.3,4.6,0.1,3.3,18.2,480.0,0.0,0.0,0.0,25.0,0.0,506.0,63.7,31.2,0.0,0.0,0.0,5.2,47.4,31.9,1.2,0.0,0.1,5.0,536.0,405.0,11.0,0.0,2.0,0.0,55.4,1.0,5.7,2.0,0.5,18.2,2.8,0.5,0.0,11.0,0,0.2,0.2,59.6,0.0,9.7,0.0,0.1,44.5,1.1,0.0,0.0,5.6,0,0.0,5.5,687.0,32.0,76.0,45.0,23.0,320.0,0.0,0.0,1.0,0.0,0,0.0,21.0,5.45,2.73,2.0,21.5,0.27,0.09,0.06,2.1,2.63,2.86,2.2,23.0,0.22,0.05,0.07,1.31,1016.0,有,有
246,2024,834.0,41.1,0.9,0.0,0.0,1.4,5.4,35.8,53.8,0.5,0.0,5.8,0.0,3.8,15.1,675.0,0.0,2.0,0.0,13.0,0.0,398.0,73.8,36.5,2.6,0.0,0.2,3.8,65.3,35.7,1.3,2.2,0.3,4.9,732.0,448.0,6.0,28.0,7.0,0.0,80.5,1.0,8.4,2.9,2.6,20.4,2.8,0.5,0.0,0.0,0,0.2,0.0,51.7,0.8,4.6,4.5,2.5,24.2,3.7,0.0,0.0,13.5,0,1.0,3.5,418.0,26.0,101.0,0.0,5.0,332.0,0.0,0.0,0.0,0.0,0,5.0,0.0,5.11,2.71,2.01,22.4,0.19,0.09,0.08,2.3,5.71,2.89,2.2,13.8,0.09,0.08,0.07,1.11,1144.0,有,有
247,2024,129.0,75.0,0.5,0.0,5.6,0.8,1.2,42.8,38.6,0.2,0.0,3.3,1.0,0.5,45.3,507.0,7.0,112.0,74.0,23.0,39.0,356.0,52.9,21.1,1.5,0.0,0.0,0.0,38.8,41.4,0.0,0.0,0.4,0.0,673.0,472.0,0.0,0.0,0.0,62.0,67.9,4.5,5.1,5.1,1.8,30.9,0.0,0.5,0.1,4.0,0,0.1,9.0,86.8,0.7,0.0,0.1,2.9,11.8,0.0,0.4,0.0,1.0,0,0.0,0.0,790.0,51.0,83.0,0.0,17.0,425.0,37.0,0.0,0.0,0.0,0,2.0,93.0,5.31,2.7,2.0,24.0,0.43,0.09,0.09,2.2,3.15,2.48,1.87,17.5,0.15,0.04,0.07,2.18,1045.0,有,有
248,2024,1086.0,63.6,0.3,0.0,2.1,0.4,4.3,26.1,41.6,0.1,3.6,5.0,0.6,8.8,38.6,348.0,0.0,0.0,2.0,7.0,72.0,335.0,73.3,33.3,0.0,0.0,0.0,0.0,48.4,30.9,5.0,2.6,0.0,1.1,817.0,440.0,14.0,0.0,1.0,67.0,73.0,2.6,0.6,5.0,1.9,18.4,1.3,0.3,0.1,3.4,0,0.4,3.7,54.2,2.4,3.7,2.3,0.0,14.4,0.7,0.2,0.1,6.7,0,0.0,2.7,480.0,54.0,64.0,40.0,18.0,485.0,2.0,0.0,0.0,74.0,0,2.0,90.0,5.19,2.79,2.03,22.2,0.27,0.08,0.08,1.9,5.79,2.89,2.2,23.1,0.25,0.08,0.03,1.48,1021.0,有,有
249,2024,1114.0,69.5,0.1,9.0,6.0,0.0,2.6,38.8,64.7,0.2,9.0,0.0,0.0,5.7,37.3,718.0,0.0,22.0,36.0,0.0,49.0,415.0,51.8,55.3,0.9,5.1,0.4,7.7,86.8,66.3,2.3,0.0,0.2,2.5,545.0,568.0,16.0,56.0,0.0,31.0,35.2,0.0,3.8,0.0,2.6,0.0,2.4,0.1,0.0,0.0,0,0.2,5.3,76.4,6.5,5.4,0.0,1.0,32.1,1.7,0.3,0.0,13.7,0,0.2,4.8,573.0,7.0,28.0,44.0,0.0,350.0,31.0,2.0,1.0,0.0,0,2.0,113.0,5.32,2.71,2.06,23.6,0.37,0.06,0.07,2.5,4.46,2.09,1.84,20.6,0.23,0.09,0.07,1.25,1003.0,有,有
250,2024,386.0,76.5,0.3,0.0,12.2,0.0,0.0,22.0,82.9,0.0,4.9,1.6,1.1,4.1,28.6,630.0,4.0,101.0,0.0,19.0,19.0,86.0,36.6,27.7,0.0,0.0,0.0,6.2,24.8,19.6,2.7,4.7,0.0,6.4,568.0,287.0,10.0,30.0,3.0,0.0,60.6,5.3,8.4,2.7,1.7,28.8,0.0,0.6,0.0,7.2,0,0.1,1.5,64.5,5.3,5.8,6.7,0.0,48.9,0.3,0.0,0.1,3.3,0,0.4,8.7,321.0,48.0,39.0,23.0,0.0,493.0,21.0,1.0,0.0,0.0,0,0.0,12.0,5.18,2.74,2.09,22.5,0.32,0.07,0.09,1.9,4.27,2.89,1.39,21.6,0.18,0.06,0.05,0.66,1111.0,有,有
251,2024,710.0,51.9,0.2,2.5,6.7,0.0,1.5,32.1,41.9,0.3,5.4,0.0,0.4,2.5,13.5,665.0,4.0,0.0,87.0,24.0,37.0,349.0,46.2,31.0,1.1,3.7,0.5,0.0,52.6,47.3,3.2,0.0,0.1,1.1,289.0,347.0,13.0,13.0,0.0,62.0,55.4,4.4,6.0,0.0,0.9,24.7,1.4,0.5,0.0,0.4,0,0.4,0.0,25.8,2.4,1.5,0.0,2.3,38.5,5.2,0.4,0.0,4.4,0,0.6,0.0,539.0,6.0,25.0,53.0,0.0,184.0,19.0,0.0,0.0,0.0,0,0.0,140.0,5.5,2.73,1.98,22.7,0.22,0.07,0.09,2.1,4.18,2.73,1.86,24.9,0.22,0.06,0.03,1.6,1088.0,有,有
252,2024,256.0,34.9,0.0,0.0,2.7,2.0,3.2,30.2,64.4,0.6,0.0,4.6,0.0,7.3,49.3,528.0,6.0,0.0,156.0,14.0,6.0,351.0,51.3,28.6,3.0,11.9,0.5,0.9,51.7,30.0,3.1,5.8,0.3,7.2,567.0,351.0,11.0,9.0,8.0,18.0,72.3,4.1,4.6,2.2,3.2,22.7,1.3,0.1,0.1,6.3,0,0.5,0.0,59.4,5.4,0.0,1.4,2.4,30.0,0.9,0.0,0.1,0.0,0,0.6,0.0,764.0,99.0,53.0,34.0,6.0,430.0,41.0,6.0,0.0,0.0,0,0.0,54.0,5.19,2.7,2.03,20.5,0.38,0.09,0.08,1.9,5.79,2.35,2.06,18.0,0.2,0.1,0.09,1.33,1103.0,有,有
253,2024,977.0,88.0,0.1,10.5,3.6,2.1,0.6,33.2,49.1,0.0,0.0,5.8,0.0,0.0,20.9,818.0,3.0,49.0,3.0,13.0,0.0,666.0,71.2,34.3,0.1,2.4,0.1,9.3,55.0,44.0,0.0,4.2,0.0,6.6,476.0,369.0,1.0,51.0,7.0,47.0,42.6,0.2,2.2,7.7,0.0,13.5,0.5,0.6,0.0,14.4,0,0.0,4.1,75.8,1.1,4.8,4.9,0.0,42.3,3.0,0.4,0.0,1.5,0,0.0,0.0,489.0,47.0,99.0,63.0,21.0,230.0,0.0,4.0,0.0,0.0,0,0.0,0.0,5.28,2.77,1.99,23.7,0.24,0.1,0.08,1.6,5.79,1.94,1.92,15.8,0.22,0.06,0.07,1.44,1028.0,有,無
254,2024,396.0,39.7,0.1,0.0,0.2,0.0,1.4,36.4,55.6,0.6,4.4,4.9,2.3,0.4,21.4,670.0,2.0,33.0,57.0,0.0,57.0,317.0,32.8,27.6,2.7,2.3,0.4,18.4,80.1,22.0,4.2,0.0,0.7,0.0,524.0,299.0,45.0,0.0,0.0,35.0,68.5,1.6,8.1,4.3,1.3,15.8,0.9,0.2,0.0,0.0,0,0.2,0.6,46.3,6.1,6.7,6.3,4.6,41.0,0.0,0.4,0.0,10.0,0,0.0,3.5,808.0,0.0,13.0,0.0,0.0,308.0,9.0,8.0,0.0,23.0,0,0.0,0.0,5.15,2.71,2.13,21.9,0.44,0.1,0.1,2.5,4.59,2.89,2.2,24.9,0.16,0.06,0.07,2.57,977.0,有,有
255,2024,220.0,64.3,0.3,8.1,3.3,4.2,5.3,33.0,51.9,0.5,7.8,6.0,1.3,2.1,44.3,837.0,2.0,107.0,0.0,34.0,67.0,596.0,55.2,29.4,0.0,0.0,0.4,12.4,58.3,28.1,0.0,1.0,0.0,0.2,840.0,237.0,42.0,39.0,4.0,9.0,67.9,0.0,3.9,2.0,0.0,37.1,2.7,0.6,0.0,2.2,0,0.1,0.0,69.0,5.4,3.9,0.0,1.2,40.1,3.0,0.4,0.0,6.0,0,0.1,1.7,525.0,39.0,50.0,16.0,32.0,285.0,6.0,1.0,0.0,0.0,0,4.0,0.0,5.18,2.72,2.03,21.4,0.31,0.07,0.1,1.8,5.66,2.89,2.11,19.8,0.23,0.09,0.06,1.43,1008.0,有,有
256,2024,431.0,59.0,0.0,22.9,2.8,0.1,0.0,43.8,42.4,0.4,0.0,5.3,0.0,6.1,34.3,682.0,0.0,0.0,8.0,0.0,52.0,622.0,74.0,49.3,3.2,7.5,0.2,7.8,40.2,41.8,0.0,9.8,0.3,0.0,685.0,487.0,20.0,62.0,0.0,49.0,88.7,0.0,0.0,0.0,2.0,28.7,0.3,0.2,0.0,0.0,0,0.2,3.6,46.0,0.0,9.3,6.3,3.4,29.5,0.0,0.4,0.0,12.1,0,0.0,12.4,385.0,7.0,54.0,45.0,48.0,395.0,8.0,0.0,4.0,0.0,0,0.0,0.0,5.26,2.72,2.13,22.0,0.27,0.08,0.08,1.9,5.79,1.52,1.84,23.1,0.21,0.09,0.08,0.62,1056.0,有,有
257,2024,1103.0,34.7,0.2,0.2,0.0,0.2,4.9,21.5,66.9,0.5,0.0,0.0,0.0,0.9,38.0,761.0,0.0,104.0,76.0,0.0,24.0,378.0,51.6,34.8,2.5,0.0,0.4,0.0,38.7,56.0,1.6,0.0,0.1,3.9,755.0,529.0,16.0,38.0,9.0,0.0,45.1,1.1,0.6,3.1,0.0,45.1,0.0,0.3,0.0,7.9,0,0.2,3.3,46.1,6.3,5.0,3.7,2.3,33.1,3.1,0.7,0.0,0.0,0,0.0,0.0,759.0,0.0,0.0,18.0,10.0,313.0,0.0,0.0,1.0,0.0,0,0.0,76.0,5.07,2.75,2.02,19.6,0.3,0.11,0.07,2.0,3.48,2.27,1.29,24.9,0.19,0.04,0.07,1.71,1020.0,有,有
258,2024,864.0,43.5,0.4,0.0,7.2,0.2,4.3,32.1,50.0,0.0,14.7,4.7,1.2,3.3,18.5,476.0,8.0,20.0,55.0,0.0,60.0,169.0,78.4,44.2,0.0,0.0,0.0,12.8,45.0,50.3,2.1,2.2,0.0,6.2,691.0,851.0,10.0,11.0,1.0,16.0,46.7,0.6,5.0,5.0,0.1,26.7,1.8,0.1,0.0,0.1,0,0.0,3.9,40.7,3.7,2.5,4.0,3.4,47.7,0.0,0.4,0.0,8.7,0,0.2,0.0,567.0,55.0,90.0,22.0,10.0,433.0,0.0,6.0,1.0,0.0,0,4.0,18.0,5.27,2.71,1.98,23.0,0.33,0.11,0.1,2.1,5.22,2.24,1.95,19.9,0.17,0.07,0.06,1.28,1027.0,有,有
259,2024,254.0,55.1,0.0,2.7,7.3,1.0,0.0,30.9,68.3,0.0,5.9,3.2,4.0,10.4,34.0,234.0,2.0,24.0,30.0,25.0,5.0,311.0,87.2,22.3,0.0,1.4,0.3,12.2,35.2,44.9,0.4,0.0,0.5,2.4,693.0,506.0,0.0,14.0,2.0,106.0,78.4,0.0,2.8,1.6,2.4,31.8,1.3,0.5,0.2,12.5,0,0.0,1.9,62.8,0.0,5.2,0.0,0.0,27.4,2.5,0.1,0.0,2.7,0,0.3,0.0,699.0,90.0,9.0,41.0,0.0,386.0,13.0,0.0,1.0,167.0,0,1.0,90.0,5.54,2.74,2.03,21.0,0.36,0.08,0.09,1.9,3.95,1.85,1.41,22.2,0.12,0.07,0.06,1.9,1005.0,有,有
260,2024,458.0,66.4,0.4,6.2,11.9,0.8,7.7,39.1,80.7,0.0,0.0,0.0,1.6,8.0,39.7,556.0,6.0,31.0,53.0,5.0,91.0,323.0,57.2,48.4,1.7,0.0,0.1,1.8,66.9,40.9,0.6,1.6,0.1,0.0,479.0,372.0,22.0,0.0,0.0,85.0,78.7,4.3,2.8,5.3,0.8,23.4,0.0,0.1,0.2,0.0,0,0.1,0.0,58.2,3.6,0.5,4.4,1.5,21.8,0.0,0.2,0.0,0.0,0,0.2,0.0,500.0,76.0,35.0,33.0,32.0,353.0,7.0,2.0,0.0,0.0,0,0.0,143.0,5.32,2.78,2.04,19.2,0.44,0.09,0.1,2.2,4.52,2.28,2.2,15.6,0.28,0.08,0.04,1.3,1040.0,有,有
261,2024,619.0,67.2,0.1,0.0,2.9,0.6,4.8,36.0,33.8,0.1,0.0,4.2,1.5,5.4,43.6,623.0,0.0,97.0,80.0,0.0,104.0,260.0,48.1,43.7,0.8,0.1,0.3,6.3,31.3,55.9,1.1,0.0,0.4,8.2,521.0,771.0,80.0,132.0,6.0,21.0,80.4,4.7,0.6,4.7,2.3,23.9,0.0,0.4,0.1,0.0,0,0.4,17.4,46.6,3.3,4.4,1.3,0.6,31.8,2.8,0.2,0.0,16.1,0,0.2,10.1,624.0,43.0,32.0,84.0,13.0,113.0,13.0,0.0,1.0,72.0,0,0.0,58.0,5.35,2.7,2.09,21.8,0.32,0.09,0.09,2.2,1.88,2.38,2.1,20.7,0.15,0.06,0.08,1.07,1012.0,有,有
262,2024,645.0,62.1,0.7,7.7,9.7,0.6,6.5,18.0,60.7,0.6,13.7,9.1,2.0,9.6,45.6,644.0,0.0,50.0,63.0,0.0,57.0,420.0,55.8,46.5,0.5,0.0,0.0,3.1,50.5,45.4,3.7,2.2,0.6,0.0,665.0,391.0,15.0,0.0,2.0,47.0,81.1,0.0,4.3,1.8,3.3,28.4,0.0,0.3,0.0,19.4,0,0.3,0.0,45.1,1.0,2.5,2.2,0.0,15.6,0.0,0.3,0.0,7.3,0,0.3,0.0,502.0,78.0,14.0,23.0,11.0,322.0,8.0,5.0,0.0,0.0,0,6.0,0.0,5.37,2.73,2.0,21.8,0.29,0.08,0.09,1.9,2.74,2.11,2.08,18.8,0.15,0.04,0.05,1.76,1054.0,有,有
263,2024,815.0,70.0,0.6,0.1,0.0,0.5,0.6,27.2,57.5,0.2,5.0,9.4,1.6,0.4,40.6,502.0,0.0,53.0,40.0,4.0,19.0,492.0,69.4,41.8,0.3,6.3,0.7,5.1,72.8,39.7,0.0,0.0,0.1,0.0,557.0,457.0,15.0,212.0,0.0,0.0,41.8,5.6,5.4,1.3,0.0,31.3,0.0,0.3,0.0,2.7,0,0.0,6.8,56.0,3.5,7.3,4.0,1.6,41.0,0.7,0.2,0.1,12.9,0,0.0,7.5,591.0,1.0,55.0,25.0,25.0,314.0,0.0,2.0,1.0,118.0,0,4.0,84.0,5.27,2.73,2.01,21.7,0.35,0.11,0.08,1.9,3.92,2.89,2.2,23.7,0.16,0.04,0.08,0.76,1101.0,有,有
264,2024,731.0,41.2,0.0,0.1,0.0,1.7,0.0,43.5,35.1,0.2,0.4,0.0,0.9,1.4,50.9,415.0,0.0,91.0,25.0,0.0,19.0,246.0,56.1,39.7,0.3,0.0,0.1,1.8,86.8,42.7,1.3,8.3,0.3,6.0,704.0,485.0,0.0,0.0,0.0,0.0,55.9,1.0,4.1,0.0,0.9,28.7,1.3,0.0,0.0,2.5,0,0.0,0.0,43.4,0.0,5.6,2.0,0.0,30.0,3.2,0.4,0.0,14.4,0,0.0,13.3,595.0,46.0,7.0,66.0,0.0,377.0,0.0,1.0,0.0,80.0,0,0.0,0.0,5.29,2.73,2.02,23.7,0.25,0.11,0.06,2.4,4.75,2.26,2.2,14.7,0.28,0.05,0.04,1.45,1018.0,有,有
265,2024,689.0,44.9,0.0,7.9,9.4,0.5,3.1,18.4,49.3,0.4,2.6,8.3,1.2,3.0,39.6,508.0,2.0,41.0,6.0,0.0,69.0,457.0,61.4,25.8,1.3,4.9,0.5,0.0,72.7,54.3,2.9,4.0,0.4,7.1,611.0,505.0,14.0,98.0,0.0,40.0,51.7,0.2,0.0,6.3,0.9,18.7,1.5,0.0,0.0,0.0,0,0.0,0.0,48.6,0.5,1.1,4.4,0.0,32.0,1.2,0.2,0.0,10.5,0,0.5,0.0,458.0,37.0,1.0,0.0,0.0,271.0,3.0,1.0,3.0,115.0,0,2.0,69.0,5.42,2.7,1.99,22.0,0.19,0.08,0.07,1.9,4.63,2.89,1.78,18.0,0.28,0.12,0.06,1.15,970.0,有,無
266,2024,400.0,65.1,0.2,11.8,3.5,0.3,3.4,28.6,53.3,0.1,0.0,0.0,0.0,2.5,24.2,671.0,7.0,0.0,80.0,11.0,53.0,263.0,74.0,45.2,0.0,3.0,0.0,3.9,29.7,60.4,3.7,0.0,0.2,0.0,478.0,454.0,14.0,101.0,3.0,0.0,52.8,0.0,1.9,3.8,0.0,31.6,0.1,0.2,0.2,0.0,0,0.3,8.4,47.8,2.1,0.5,0.5,1.3,36.1,4.2,0.0,0.0,2.7,0,0.7,1.6,714.0,22.0,0.0,60.0,37.0,543.0,0.0,3.0,2.0,0.0,0,3.0,0.0,5.09,2.76,2.04,20.6,0.37,0.06,0.07,2.2,2.89,2.53,1.18,20.1,0.32,0.07,0.06,1.85,1067.0,有,有
267,2024,694.0,62.4,0.0,0.0,4.6,0.3,2.3,36.0,61.8,0.0,7.7,0.0,1.5,4.5,46.4,694.0,7.0,59.0,156.0,0.0,77.0,156.0,74.5,35.9,1.9,0.0,0.1,11.4,33.6,46.0,3.9,5.4,0.4,6.7,813.0,517.0,22.0,103.0,1.0,92.0,56.4,4.2,1.0,0.9,1.4,19.9,2.8,0.2,0.1,0.0,0,0.4,0.0,67.4,9.1,5.3,0.0,2.2,40.4,0.0,0.1,0.1,13.4,0,0.0,3.9,639.0,14.0,35.0,66.0,9.0,190.0,0.0,3.0,0.0,0.0,0,0.0,0.0,5.32,2.72,2.11,20.2,0.26,0.08,0.07,2.3,4.53,1.94,1.51,20.7,0.12,0.06,0.03,1.24,1042.0,有,有
268,2024,904.0,88.7,0.5,0.0,0.0,0.5,2.0,53.8,57.4,0.2,2.8,6.6,2.4,2.4,52.8,521.0,0.0,43.0,0.0,1.0,31.0,470.0,57.6,54.4,2.4,5.3,0.0,4.1,38.2,42.4,0.5,1.0,0.3,2.2,540.0,464.0,12.0,154.0,4.0,0.0,69.5,3.2,3.0,0.0,1.7,32.9,0.0,0.2,0.1,0.0,0,0.2,0.0,61.5,1.9,3.0,1.1,0.0,42.1,0.0,0.1,0.1,0.0,0,0.0,14.7,722.0,29.0,17.0,58.0,20.0,262.0,11.0,3.0,0.0,25.0,0,0.0,0.0,5.11,2.71,2.11,21.7,0.26,0.07,0.09,2.1,5.05,2.55,1.35,19.2,0.3,0.08,0.06,1.5,1025.0,有,有
269,2024,239.0,81.7,0.3,0.0,0.2,0.9,0.0,22.5,44.9,0.0,4.5,9.7,0.2,0.0,37.8,580.0,0.0,0.0,0.0,19.0,33.0,126.0,57.7,40.9,1.7,2.7,0.1,10.7,48.9,30.8,0.0,3.1,0.6,2.8,292.0,347.0,13.0,63.0,0.0,19.0,45.9,2.5,5.1,6.9,1.9,12.0,0.0,0.6,0.0,5.6,0,0.0,4.0,41.5,0.5,2.6,3.5,4.7,23.3,0.0,0.2,0.0,0.0,0,0.0,0.0,604.0,66.0,68.0,11.0,15.0,213.0,0.0,0.0,1.0,87.0,0,5.0,136.0,5.51,2.73,2.01,22.3,0.23,0.07,0.08,2.0,5.79,1.36,2.2,20.8,0.3,0.11,0.08,1.29,1101.0,有,有
270,2024,161.0,54.0,0.5,0.8,0.0,0.0,0.5,27.9,55.8,0.6,0.0,9.1,2.8,5.5,49.9,458.0,1.0,35.0,23.0,23.0,39.0,260.0,77.8,38.4,3.8,0.0,0.0,0.0,60.2,36.5,2.5,0.0,0.3,0.0,612.0,564.0,0.0,0.0,2.0,5.0,61.4,0.0,4.7,1.6,0.0,36.2,0.0,0.0,0.1,0.0,0,0.2,0.0,22.8,7.5,4.1,4.4,1.9,32.3,0.0,0.3,0.0,6.0,0,0.3,3.5,780.0,61.0,63.0,0.0,16.0,247.0,0.0,2.0,0.0,58.0,0,3.0,23.0,5.18,2.77,2.06,23.4,0.31,0.09,0.09,2.0,5.49,1.51,1.88,17.4,0.22,0.08,0.06,1.51,1012.0,有,有
271,2024,1015.0,41.2,0.0,0.0,4.4,0.0,4.3,52.0,59.2,0.7,0.0,4.3,1.7,3.7,55.5,506.0,1.0,0.0,63.0,19.0,37.0,402.0,58.4,39.1,0.5,13.3,0.7,7.8,67.8,16.9,0.7,3.1,0.2,0.0,669.0,196.0,11.0,0.0,2.0,79.0,54.6,1.9,2.6,3.4,2.6,26.9,2.3,0.4,0.0,6.1,0,0.0,3.5,35.0,3.5,1.0,0.3,0.0,48.1,0.4,0.0,0.0,0.2,0,0.3,2.1,359.0,67.0,0.0,33.0,30.0,258.0,19.0,6.0,2.0,48.0,0,3.0,68.0,5.4,2.73,2.06,23.2,0.24,0.07,0.09,2.2,3.8,2.52,1.98,24.9,0.22,0.1,0.06,1.13,943.0,有,有
272,2024,628.0,64.9,0.0,1.4,4.1,2.0,0.0,49.2,61.8,0.3,12.1,0.0,1.2,0.0,20.5,526.0,0.0,0.0,128.0,0.0,97.0,383.0,32.7,69.0,0.0,0.0,0.3,3.2,64.3,24.9,3.4,11.4,0.2,7.6,525.0,215.0,40.0,0.0,0.0,32.0,64.0,1.4,1.7,0.0,0.6,13.7,0.0,0.1,0.1,0.0,0,0.2,0.0,64.0,3.4,4.7,0.1,0.0,23.4,3.7,0.2,0.4,0.0,0,0.1,3.6,641.0,26.0,34.0,48.0,24.0,195.0,3.0,1.0,1.0,33.0,0,5.0,68.0,5.26,2.74,2.12,22.0,0.27,0.11,0.08,2.0,4.3,2.88,1.71,24.9,0.24,0.06,0.06,1.81,984.0,有,有
273,2024,812.0,55.0,0.0,9.9,3.7,0.0,1.9,42.9,59.6,0.1,7.4,5.4,0.7,3.8,36.4,783.0,5.0,64.0,21.0,20.0,49.0,457.0,46.2,69.4,2.4,0.0,0.3,10.7,47.9,45.2,2.2,0.0,0.1,1.4,329.0,312.0,5.0,0.0,5.0,18.0,71.2,0.0,4.5,4.8,1.1,28.0,0.0,0.4,0.4,0.0,0,0.0,1.6,80.2,5.6,0.0,0.0,2.9,33.5,2.2,0.2,0.0,1.6,0,0.4,4.5,716.0,8.0,11.0,18.0,4.0,373.0,17.0,0.0,0.0,50.0,0,0.0,91.0,5.4,2.73,2.07,23.4,0.34,0.09,0.07,2.5,4.11,2.34,1.56,24.9,0.13,0.07,0.09,1.83,978.0,有,無
274,2024,829.0,36.8,0.3,0.0,0.0,2.1,3.6,19.4,43.2,0.2,0.0,0.0,2.3,4.3,37.3,617.0,1.0,108.0,43.0,24.0,18.0,439.0,81.1,38.4,1.7,0.0,0.2,0.0,42.5,20.6,1.7,0.0,0.0,8.1,383.0,527.0,20.0,62.0,1.0,32.0,61.7,0.0,6.3,4.6,2.2,29.8,1.6,0.1,0.2,0.0,0,0.4,8.6,40.2,7.7,8.3,0.0,0.0,41.7,0.7,0.5,0.2,2.5,0,0.0,1.7,499.0,0.0,2.0,38.0,18.0,119.0,15.0,4.0,0.0,0.0,0,2.0,55.0,5.26,2.72,2.0,22.4,0.53,0.09,0.09,2.6,4.88,2.89,2.14,22.2,0.17,0.09,0.08,1.63,1055.0,有,有
275,2024,611.0,44.1,0.0,0.0,3.0,3.2,1.6,51.0,41.3,0.0,3.5,1.5,0.7,2.0,52.9,574.0,0.0,86.0,62.0,0.0,18.0,595.0,49.1,51.9,0.9,3.0,0.5,7.6,73.7,29.5,0.0,10.8,0.0,0.2,602.0,330.0,0.0,0.0,1.0,54.0,34.7,6.4,1.3,0.0,1.5,33.0,1.7,0.5,0.2,9.3,0,0.0,2.8,55.1,6.0,7.3,7.9,0.3,26.6,0.1,0.0,0.0,0.0,0,0.5,6.6,484.0,22.0,49.0,25.0,11.0,232.0,21.0,4.0,2.0,0.0,0,4.0,89.0,5.26,2.74,2.01,21.7,0.21,0.1,0.09,2.1,4.94,2.1,1.88,18.2,0.25,0.05,0.06,1.32,1041.0,有,有
276,2024,183.0,20.7,0.0,0.0,7.8,0.0,5.3,38.6,69.1,0.6,10.6,0.0,0.0,2.3,58.0,631.0,0.0,16.0,63.0,0.0,54.0,332.0,70.3,38.7,1.7,7.5,0.0,5.2,55.4,4.9,0.2,0.0,0.4,0.0,423.0,567.0,32.0,0.0,0.0,0.0,47.6,3.1,5.0,0.0,0.3,26.2,0.0,0.0,0.4,2.1,0,0.4,0.0,58.0,1.5,0.1,4.0,0.0,25.0,0.0,0.5,0.0,3.8,0,0.0,3.8,528.0,27.0,65.0,24.0,12.0,244.0,20.0,0.0,1.0,55.0,0,1.0,53.0,5.31,2.75,2.05,22.5,0.34,0.1,0.07,2.1,5.06,2.89,1.51,17.8,0.13,0.06,0.09,1.54,1102.0,有,有
277,2024,973.0,51.3,0.3,0.0,0.0,0.8,7.4,57.3,50.4,0.6,0.0,2.0,0.0,8.3,26.6,724.0,0.0,102.0,1.0,0.0,17.0,261.0,41.2,19.3,0.1,0.0,0.0,2.5,67.6,39.1,0.0,0.0,0.5,5.5,489.0,470.0,11.0,37.0,1.0,27.0,68.5,0.0,5.2,0.0,1.4,35.9,1.7,0.2,0.1,0.0,0,0.4,5.4,84.9,1.7,4.5,0.8,1.7,30.4,4.2,0.4,0.1,1.6,0,1.2,4.5,420.0,70.0,82.0,51.0,27.0,252.0,0.0,2.0,2.0,35.0,0,1.0,65.0,5.26,2.76,1.99,21.4,0.25,0.09,0.09,2.3,4.03,2.74,2.2,22.7,0.19,0.07,0.05,1.28,1015.0,有,有
278,2024,415.0,74.3,0.0,0.0,6.4,1.4,0.4,22.3,41.6,0.0,0.0,0.5,0.5,6.9,36.2,635.0,0.0,71.0,0.0,0.0,30.0,469.0,46.3,21.8,4.0,10.5,0.1,0.0,35.3,4.5,1.4,2.3,0.1,0.0,699.0,361.0,18.0,0.0,2.0,23.0,55.7,0.9,0.0,7.8,1.8,17.7,0.7,0.0,0.0,13.1,0,0.6,0.0,49.5,2.3,11.5,4.5,1.8,31.7,0.5,0.1,0.0,6.5,0,0.5,0.0,828.0,22.0,69.0,109.0,17.0,472.0,0.0,1.0,2.0,0.0,0,2.0,0.0,5.37,2.76,2.02,22.8,0.29,0.09,0.1,2.3,4.73,2.36,1.98,16.6,0.22,0.04,0.09,0.66,995.0,有,有
279,2024,932.0,56.8,0.1,11.2,3.1,0.0,4.1,23.6,53.7,0.5,4.1,3.6,2.0,1.0,40.9,326.0,7.0,27.0,83.0,0.0,29.0,277.0,37.3,32.3,0.2,3.9,0.0,0.5,52.8,45.9,2.6,2.4,0.0,4.6,866.0,511.0,37.0,4.0,0.0,0.0,53.2,3.5,3.5,5.0,1.7,34.5,1.4,0.2,0.0,0.0,0,0.1,0.0,47.7,7.1,3.8,5.3,0.3,24.5,0.0,0.4,0.2,12.3,0,0.0,0.0,620.0,22.0,68.0,76.0,0.0,335.0,11.0,5.0,0.0,73.0,0,4.0,0.0,5.36,2.73,2.05,21.9,0.22,0.09,0.07,2.1,4.75,2.38,2.12,24.4,0.14,0.04,0.06,1.9,1103.0,有,有
280,2024,82.0,88.7,0.2,0.6,0.0,0.2,0.0,36.3,69.3,0.2,10.3,0.0,1.4,2.8,22.0,551.0,0.0,0.0,13.0,8.0,0.0,131.0,56.7,30.5,2.2,4.7,0.1,8.4,56.2,45.6,2.8,2.2,0.3,0.7,521.0,528.0,2.0,106.0,3.0,46.0,57.8,2.1,0.4,0.0,3.9,14.6,0.0,0.1,0.1,1.2,0,0.0,0.0,62.9,4.6,0.0,2.0,0.0,40.1,0.7,0.3,0.0,0.0,0,0.1,3.3,773.0,7.0,3.0,31.0,12.0,254.0,17.0,4.0,0.0,122.0,0,6.0,42.0,5.04,2.76,2.03,22.2,0.47,0.07,0.09,2.2,5.28,1.74,2.18,17.4,0.21,0.06,0.06,1.66,1090.0,有,有
281,2024,150.0,57.3,0.0,0.0,14.3,1.7,0.8,36.8,50.2,0.1,0.0,6.5,4.5,3.3,36.6,523.0,0.0,0.0,6.0,24.0,41.0,501.0,86.7,24.7,3.1,0.0,0.2,1.0,68.7,41.1,2.3,0.0,0.3,2.8,694.0,201.0,26.0,0.0,0.0,23.0,43.7,3.0,0.0,4.6,1.5,19.1,2.2,0.2,0.1,0.0,0,0.3,6.5,74.7,2.4,2.7,4.3,1.4,26.6,0.0,0.2,0.1,8.3,0,0.1,6.1,618.0,47.0,41.0,19.0,0.0,355.0,0.0,0.0,1.0,0.0,0,0.0,152.0,5.3,2.74,2.09,24.3,0.38,0.06,0.09,2.1,3.51,2.01,2.16,21.5,0.22,0.09,0.05,1.33,1022.0,有,有
282,2024,1041.0,76.1,0.2,0.0,0.0,1.7,4.8,26.6,54.4,0.5,4.5,0.0,1.8,0.0,55.5,426.0,3.0,20.0,33.0,22.0,70.0,312.0,83.9,24.1,0.0,0.0,0.2,0.0,77.1,45.9,0.1,10.6,0.1,12.3,772.0,563.0,0.0,39.0,5.0,103.0,88.7,0.0,0.0,1.8,2.2,31.3,2.2,0.0,0.1,0.9,0,0.1,0.0,75.8,0.9,5.2,0.3,0.0,17.8,1.2,0.3,0.0,9.1,0,0.2,3.7,554.0,91.0,25.0,35.0,33.0,221.0,20.0,0.0,1.0,0.0,0,5.0,31.0,5.4,2.73,2.03,21.0,0.19,0.07,0.08,2.2,5.79,2.29,2.2,21.4,0.28,0.08,0.08,1.56,1054.0,有,有
283,2024,267.0,29.2,0.0,11.7,8.0,1.3,5.1,33.6,72.8,0.0,1.0,3.6,0.0,3.8,26.3,649.0,5.0,0.0,0.0,10.0,20.0,441.0,54.3,29.8,2.7,0.0,0.5,0.0,66.1,43.7,2.2,1.5,0.0,4.9,785.0,313.0,29.0,0.0,1.0,87.0,52.6,0.0,0.0,4.9,0.4,33.6,0.0,0.2,0.0,16.3,0,0.0,9.4,46.6,4.2,2.0,2.1,1.1,31.8,0.3,0.3,0.1,14.5,0,0.0,6.2,527.0,39.0,58.0,20.0,0.0,182.0,0.0,3.0,0.0,0.0,0,0.0,8.0,5.23,2.77,2.01,23.6,0.38,0.07,0.08,2.4,5.19,2.32,2.1,15.4,0.21,0.11,0.07,0.62,1041.0,有,有
284,2024,1013.0,86.6,0.4,6.0,14.9,1.0,4.4,7.2,86.8,0.0,3.0,0.0,1.9,3.4,22.7,460.0,0.0,0.0,0.0,1.0,0.0,289.0,51.5,52.9,2.3,0.0,0.5,5.6,46.7,41.8,1.8,0.0,0.0,0.0,802.0,140.0,9.0,0.0,4.0,91.0,53.5,1.0,6.9,2.9,2.5,13.6,1.2,0.3,0.3,0.0,0,0.1,1.3,73.5,2.5,6.3,4.5,1.7,18.2,3.6,0.3,0.2,0.0,0,0.0,1.4,461.0,0.0,61.0,31.0,6.0,226.0,0.0,3.0,0.0,69.0,0,7.0,0.0,5.24,2.76,2.05,23.9,0.35,0.12,0.08,2.9,5.39,2.89,1.69,22.9,0.19,0.06,0.08,1.74,1035.0,有,有
285,2024,401.0,56.5,0.0,0.0,9.8,0.0,4.9,25.6,36.3,0.0,9.7,9.5,0.2,3.5,19.7,779.0,0.0,22.0,80.0,6.0,37.0,74.0,51.5,32.6,1.8,0.0,0.0,0.0,45.4,27.3,3.4,0.0,0.1,0.0,708.0,483.0,18.0,0.0,4.0,71.0,47.1,8.8,0.5,0.0,0.0,24.0,1.5,0.1,0.0,5.2,0,0.2,2.4,69.7,5.8,1.3,5.4,1.4,29.7,2.5,0.2,0.0,0.0,0,0.0,2.7,546.0,1.0,34.0,34.0,40.0,192.0,2.0,5.0,2.0,41.0,0,4.0,76.0,5.25,2.72,1.99,19.7,0.42,0.09,0.09,1.7,2.29,2.56,2.18,9.7,0.28,0.05,0.06,1.74,1028.0,有,有
286,2024,51.0,53.2,0.1,0.1,0.0,0.8,4.3,30.7,50.6,0.3,9.1,0.0,0.0,3.3,18.1,495.0,4.0,33.0,122.0,8.0,38.0,272.0,60.0,40.4,0.0,0.0,0.0,2.8,55.5,55.4,0.0,2.5,0.0,0.0,486.0,638.0,12.0,20.0,1.0,104.0,88.7,4.8,5.0,0.0,0.8,23.8,0.0,0.3,0.0,0.0,0,0.2,1.8,73.1,6.5,2.7,7.3,0.3,28.3,2.6,0.2,0.1,6.9,0,0.1,2.1,524.0,33.0,30.0,32.0,3.0,303.0,0.0,1.0,3.0,105.0,0,0.0,28.0,5.26,2.79,2.06,22.7,0.29,0.08,0.11,1.9,4.31,2.78,2.2,23.2,0.16,0.09,0.06,0.75,1001.0,有,有
287,2024,293.0,74.3,0.0,6.5,0.0,0.9,4.2,16.6,56.5,0.0,0.0,1.8,3.5,3.2,35.4,498.0,3.0,0.0,76.0,0.0,51.0,307.0,50.6,44.8,0.6,0.0,0.3,5.0,55.5,26.2,1.7,5.3,0.0,0.0,478.0,449.0,0.0,0.0,0.0,0.0,65.9,0.0,5.2,4.2,3.0,34.6,0.0,0.2,0.0,1.8,0,0.2,0.0,38.5,4.4,11.5,0.4,0.0,14.8,0.0,0.3,0.0,0.0,0,0.0,0.0,646.0,16.0,61.0,7.0,27.0,317.0,6.0,0.0,0.0,27.0,0,0.0,8.0,5.38,2.77,2.01,21.8,0.34,0.09,0.06,2.0,5.79,1.56,1.47,23.8,0.17,0.09,0.07,1.38,1073.0,有,有
288,2024,20.0,45.8,0.2,5.9,11.5,1.5,1.8,25.2,44.9,0.3,0.0,0.0,1.5,7.5,50.7,582.0,0.0,0.0,0.0,0.0,0.0,504.0,80.8,29.2,1.8,2.2,0.5,1.2,54.2,44.8,3.7,0.0,0.0,0.0,672.0,196.0,17.0,81.0,4.0,53.0,54.5,3.3,7.6,4.4,0.8,22.3,1.5,0.1,0.1,0.0,0,0.0,8.0,39.0,1.7,4.4,4.1,3.6,12.2,0.4,0.3,0.2,11.6,0,0.0,1.7,866.0,0.0,54.0,0.0,9.0,362.0,4.0,1.0,2.0,51.0,0,3.0,0.0,5.27,2.7,2.04,22.7,0.19,0.09,0.07,2.0,4.54,2.27,2.04,16.4,0.11,0.09,0.1,1.9,1083.0,有,有
289,2024,952.0,70.8,0.1,3.6,4.0,1.2,5.6,26.3,42.3,0.2,0.0,0.1,2.9,5.4,23.7,606.0,3.0,0.0,0.0,8.0,0.0,428.0,66.8,37.8,1.4,0.0,0.0,3.1,71.1,32.0,2.0,7.2,0.0,8.0,626.0,270.0,11.0,0.0,2.0,0.0,44.6,6.1,5.1,4.4,0.8,27.7,0.6,0.0,0.0,0.0,0,0.0,0.0,73.3,0.0,5.3,5.8,0.3,13.6,0.0,0.4,0.0,11.5,0,0.4,0.0,677.0,2.0,53.0,38.0,34.0,313.0,9.0,5.0,2.0,53.0,0,2.0,0.0,5.12,2.73,2.07,20.7,0.29,0.09,0.09,1.9,5.79,2.18,2.2,17.6,0.18,0.06,0.07,1.54,1066.0,有,有
290,2024,889.0,56.3,0.0,0.0,9.4,1.0,5.1,31.7,51.8,0.4,0.4,0.0,0.5,0.0,21.7,594.0,0.0,90.0,65.0,0.0,2.0,139.0,71.3,36.2,0.4,9.1,0.0,4.6,60.3,53.7,1.5,8.4,0.1,11.0,650.0,559.0,0.0,59.0,3.0,58.0,44.8,3.9,0.0,2.5,1.1,41.3,0.0,0.0,0.0,11.2,0,0.2,0.0,62.3,2.1,4.7,4.8,0.0,30.5,1.6,0.0,0.0,0.0,0,0.0,4.8,658.0,76.0,52.0,43.0,23.0,425.0,18.0,5.0,2.0,186.0,0,5.0,86.0,5.31,2.73,2.05,20.6,0.3,0.08,0.1,1.5,4.75,2.37,1.38,15.3,0.21,0.08,0.08,1.29,1051.0,有,有
291,2024,865.0,67.7,0.2,0.7,0.0,0.2,6.1,12.4,59.5,0.3,0.0,2.7,0.0,4.6,22.6,358.0,0.0,0.0,76.0,0.0,69.0,91.0,45.9,42.6,0.3,0.0,0.2,14.0,71.8,45.6,0.6,0.0,0.0,3.5,606.0,350.0,28.0,119.0,0.0,71.0,70.9,5.3,6.6,3.5,0.0,48.9,0.9,0.3,0.0,5.4,0,0.0,4.5,69.0,4.9,4.1,6.1,1.2,21.3,1.0,0.4,0.0,7.4,0,0.4,0.0,727.0,51.0,38.0,27.0,29.0,262.0,0.0,3.0,0.0,143.0,0,6.0,116.0,5.23,2.75,2.02,22.3,0.43,0.08,0.09,2.0,5.79,2.42,1.95,24.9,0.18,0.06,0.08,1.43,1049.0,有,有
292,2024,823.0,67.8,0.0,10.7,4.4,0.0,4.9,23.3,54.8,0.3,10.6,5.7,3.5,7.0,21.7,861.0,0.0,109.0,0.0,0.0,40.0,321.0,71.1,39.9,1.3,9.9,0.0,2.4,67.5,32.1,3.0,5.8,0.0,2.3,607.0,319.0,11.0,61.0,10.0,34.0,31.1,4.4,4.6,5.3,1.5,37.9,1.5,0.3,0.0,0.0,0,0.0,0.0,52.7,2.7,7.9,0.0,2.4,25.4,2.1,0.4,0.0,13.9,0,0.2,5.3,469.0,41.0,44.0,36.0,52.0,229.0,22.0,5.0,2.0,0.0,0,0.0,68.0,5.14,2.79,2.06,22.5,0.31,0.12,0.08,2.2,5.79,2.89,2.1,14.2,0.17,0.07,0.09,1.78,1076.0,有,有
293,2024,42.0,41.4,0.4,9.1,0.0,0.4,4.9,35.6,73.9,0.6,2.2,0.0,0.0,4.4,35.7,424.0,1.0,0.0,68.0,0.0,33.0,375.0,25.1,45.0,0.0,0.0,0.2,4.5,74.3,53.6,0.2,0.0,0.1,0.0,614.0,374.0,6.0,75.0,2.0,30.0,54.9,3.1,3.8,1.7,0.0,22.3,2.1,0.0,0.2,0.0,0,0.0,4.5,76.9,7.4,6.1,2.0,0.0,17.5,2.1,0.3,0.1,0.0,0,0.1,1.3,471.0,45.0,70.0,14.0,1.0,295.0,0.0,2.0,0.0,0.0,0,4.0,0.0,4.96,2.72,2.08,22.4,0.25,0.09,0.08,2.0,5.79,2.75,2.2,21.7,0.19,0.05,0.1,1.2,999.0,有,有
294,2024,192.0,75.6,0.0,0.5,0.0,0.0,2.2,57.8,53.7,0.3,0.0,1.7,0.0,3.4,28.1,418.0,2.0,119.0,0.0,15.0,37.0,464.0,35.7,38.6,0.0,0.0,0.0,4.3,52.2,36.0,1.5,0.0,0.0,0.0,786.0,226.0,35.0,111.0,0.0,0.0,58.7,4.6,1.6,0.9,0.0,19.5,0.6,0.4,0.1,10.9,0,0.3,6.8,70.7,1.3,5.9,0.7,1.2,39.2,0.8,0.1,0.3,0.0,0,0.2,8.4,555.0,21.0,5.0,51.0,0.0,424.0,9.0,0.0,0.0,128.0,0,0.0,0.0,5.09,2.69,2.12,19.7,0.19,0.08,0.1,1.9,3.85,2.89,1.64,14.6,0.17,0.05,0.07,1.31,992.0,有,有
295,2024,725.0,45.2,0.3,0.0,17.7,0.0,2.5,51.4,55.3,0.6,11.3,2.9,1.4,0.2,63.9,567.0,0.0,52.0,56.0,7.0,8.0,437.0,71.9,38.7,1.2,0.0,0.1,0.5,46.9,30.9,2.4,9.3,0.2,6.1,524.0,414.0,13.0,153.0,3.0,50.0,80.0,5.4,5.3,6.0,0.0,25.1,2.1,0.2,0.0,2.6,0,0.0,0.0,69.8,2.1,1.7,3.6,2.7,31.2,0.0,0.0,0.0,0.0,0,0.6,0.7,785.0,25.0,0.0,62.0,16.0,257.0,0.0,1.0,0.0,54.0,0,0.0,0.0,5.19,2.78,2.07,23.5,0.38,0.08,0.06,2.4,5.79,2.29,1.26,18.1,0.16,0.04,0.07,1.87,1095.0,有,無
296,2024,996.0,57.1,0.0,11.3,2.0,0.0,0.0,36.0,40.4,0.3,0.0,12.1,2.4,8.1,23.9,486.0,0.0,65.0,104.0,1.0,64.0,402.0,55.5,46.1,0.5,0.0,0.0,0.0,64.6,39.5,2.0,0.0,0.5,0.0,805.0,494.0,25.0,0.0,0.0,40.0,72.0,2.0,6.0,7.5,1.2,13.7,0.9,0.4,0.0,0.0,0,0.2,3.9,31.6,4.4,5.6,0.0,0.1,30.4,2.7,0.0,0.0,13.2,0,0.3,0.0,768.0,1.0,120.0,32.0,0.0,265.0,12.0,7.0,2.0,4.0,0,0.0,31.0,5.23,2.74,2.09,22.6,0.34,0.09,0.09,2.0,5.74,2.0,2.2,21.5,0.17,0.07,0.06,1.81,1019.0,有,有
297,2024,700.0,71.8,0.0,2.5,9.9,0.0,6.8,17.4,58.5,0.0,4.1,3.2,5.6,4.3,36.1,331.0,0.0,62.0,75.0,1.0,80.0,339.0,49.6,28.4,0.6,0.0,0.3,7.8,39.4,55.7,4.9,2.5,0.0,2.3,647.0,464.0,7.0,0.0,0.0,78.0,59.5,0.0,6.4,0.0,1.0,30.4,0.0,0.2,0.0,2.9,0,0.3,0.0,53.3,0.0,0.0,5.4,1.0,34.8,0.9,0.1,0.0,0.0,0,0.0,0.0,690.0,53.0,26.0,40.0,0.0,410.0,9.0,2.0,1.0,81.0,0,0.0,0.0,5.19,2.75,2.04,21.8,0.25,0.09,0.1,1.8,4.86,2.87,2.2,13.1,0.26,0.09,0.05,1.83,953.0,有,有
298,2024,910.0,77.7,0.0,0.7,14.1,0.4,5.5,32.2,75.4,0.4,0.0,2.5,0.0,0.0,28.8,520.0,4.0,160.0,75.0,33.0,69.0,368.0,51.3,35.9,0.0,2.1,0.0,2.0,9.6,61.5,0.0,0.0,0.1,10.5,714.0,644.0,59.0,35.0,1.0,34.0,85.4,1.9,5.5,1.3,0.4,25.2,0.2,0.0,0.0,11.1,0,0.1,0.0,45.6,5.1,3.4,5.1,0.5,41.5,0.9,0.1,0.0,5.4,0,0.3,8.0,495.0,76.0,45.0,32.0,1.0,305.0,0.0,6.0,0.0,101.0,0,7.0,0.0,5.45,2.7,2.06,24.5,0.19,0.09,0.07,2.7,5.36,2.43,2.2,24.9,0.21,0.07,0.02,1.22,1042.0,有,無
299,2024,128.0,59.7,0.0,0.0,0.0,0.0,0.9,28.8,51.0,0.3,11.0,0.0,1.6,9.9,24.8,758.0,2.0,0.0,0.0,29.0,45.0,550.0,41.9,46.2,3.1,0.0,0.6,3.7,60.3,42.2,1.6,7.9,0.0,9.0,539.0,314.0,39.0,0.0,0.0,0.0,82.1,3.2,3.6,8.4,1.9,31.7,1.0,0.1,0.0,3.2,0,0.3,1.8,37.4,5.1,4.0,4.1,1.0,28.4,1.3,0.0,0.2,3.8,0,0.1,6.5,557.0,28.0,89.0,51.0,0.0,368.0,27.0,0.0,0.0,0.0,0,0.0,65.0,5.3,2.73,2.11,21.7,0.26,0.1,0.07,2.5,5.14,2.89,2.2,24.9,0.16,0.09,0.05,1.28,1024.0,有,有
300,2024,546.0,41.8,0.0,0.0,11.0,2.6,3.8,41.5,56.4,0.0,0.0,1.3,2.1,2.0,19.3,563.0,0.0,0.0,106.0,0.0,58.0,616.0,76.6,48.7,2.7,0.0,0.1,0.0,51.5,41.2,4.1,15.3,0.0,11.9,635.0,547.0,34.0,38.0,0.0,80.0,61.5,5.7,7.9,5.9,0.6,28.4,0.0,0.0,0.0,0.0,0,0.0,2.3,38.1,4.5,3.9,3.3,1.3,33.6,0.0,0.3,0.0,0.0,0,0.0,5.4,408.0,1.0,48.0,60.0,10.0,214.0,9.0,2.0,2.0,0.0,0,2.0,50.0,5.22,2.73,2.05,21.0,0.29,0.08,0.08,2.6,5.79,2.89,1.18,18.7,0.13,0.07,0.07,1.22,1150.0,有,有
301,2024,858.0,69.4,0.0,1.4,0.9,1.2,4.1,9.9,49.7,0.4,0.0,7.2,3.4,8.7,37.9,546.0,0.0,0.0,122.0,0.0,32.0,272.0,50.4,43.4,0.0,0.0,0.0,3.9,78.1,53.9,0.0,0.0,0.4,11.3,614.0,474.0,11.0,0.0,3.0,0.0,55.7,2.0,2.7,1.4,3.9,12.7,2.3,0.0,0.0,17.9,0,0.2,0.0,39.3,4.3,4.8,0.7,1.0,43.5,1.5,0.6,0.0,10.7,0,0.7,3.4,605.0,38.0,6.0,5.0,12.0,333.0,0.0,3.0,0.0,0.0,0,2.0,0.0,5.31,2.68,2.09,21.8,0.26,0.07,0.11,1.9,5.79,2.78,1.63,23.2,0.27,0.07,0.08,1.15,1133.0,有,有
302,2024,737.0,74.3,0.0,7.5,9.6,0.7,0.0,23.8,35.6,0.3,5.0,4.7,2.9,8.2,20.1,509.0,1.0,39.0,30.0,1.0,9.0,390.0,59.0,24.1,0.0,11.7,0.0,6.7,26.5,59.9,1.4,0.0,0.1,0.0,749.0,250.0,13.0,0.0,2.0,0.0,81.9,6.7,6.2,5.8,2.0,18.5,0.1,0.3,0.0,1.6,0,0.0,0.0,47.2,0.0,2.5,3.7,2.3,21.6,3.2,0.2,0.0,14.7,0,0.1,0.0,618.0,54.0,67.0,68.0,28.0,233.0,0.0,2.0,0.0,0.0,0,2.0,0.0,5.06,2.75,2.0,22.9,0.19,0.09,0.07,2.1,2.97,2.63,2.11,22.3,0.21,0.06,0.08,1.64,1029.0,有,有
303,2024,943.0,54.8,0.1,11.1,2.6,0.9,0.9,34.7,59.8,0.9,0.0,0.0,0.8,0.0,44.0,611.0,1.0,55.0,12.0,0.0,36.0,505.0,71.4,43.1,2.5,8.2,0.1,0.1,24.0,48.9,0.2,2.7,0.0,3.5,643.0,396.0,6.0,16.0,2.0,0.0,74.2,0.0,4.0,2.8,2.5,25.8,0.2,0.4,0.0,0.9,0,0.0,4.7,62.6,0.0,2.3,0.1,0.0,23.2,1.1,0.2,0.0,7.3,0,0.3,0.0,352.0,39.0,113.0,57.0,22.0,425.0,0.0,1.0,0.0,66.0,0,3.0,80.0,5.05,2.81,2.1,23.1,0.31,0.09,0.07,1.8,3.35,2.89,2.2,24.6,0.24,0.09,0.04,1.25,1149.0,有,有
304,2024,134.0,61.9,0.2,7.7,9.4,0.0,2.9,49.5,54.3,0.9,2.0,1.6,0.0,1.8,29.5,716.0,0.0,207.0,0.0,21.0,38.0,240.0,70.9,32.3,2.4,0.0,0.0,6.5,45.3,65.2,1.3,7.7,0.0,5.2,403.0,533.0,0.0,0.0,0.0,0.0,74.6,4.6,1.6,6.1,0.8,46.7,1.6,0.4,0.0,4.1,0,0.1,0.0,41.6,4.0,2.7,1.5,1.0,21.5,0.6,0.3,0.0,7.9,0,0.1,0.0,508.0,30.0,70.0,0.0,27.0,473.0,27.0,6.0,1.0,0.0,0,1.0,0.0,5.34,2.76,2.04,21.7,0.44,0.11,0.07,2.7,4.45,2.87,2.2,19.3,0.25,0.07,0.05,2.32,1002.0,有,有
305,2024,971.0,59.9,0.0,0.0,6.5,1.6,0.0,33.5,43.2,0.2,0.0,0.6,2.4,0.9,44.1,505.0,3.0,38.0,10.0,29.0,74.0,426.0,61.1,39.5,0.0,2.3,0.1,0.0,66.2,46.5,2.2,13.0,0.7,8.6,512.0,556.0,9.0,95.0,3.0,0.0,42.6,3.0,7.1,0.9,3.9,8.4,1.9,0.1,0.1,0.0,0,0.0,9.7,44.6,4.9,4.5,1.4,0.0,41.2,0.0,0.2,0.3,0.5,0,0.0,5.0,333.0,85.0,30.0,54.0,0.0,214.0,24.0,3.0,1.0,84.0,0,4.0,0.0,5.02,2.77,1.96,21.8,0.27,0.1,0.08,1.8,5.79,2.89,1.2,18.1,0.18,0.03,0.07,1.55,1081.0,有,有
306,2024,317.0,79.3,0.6,6.3,7.5,1.0,4.5,62.6,40.4,0.0,4.9,10.8,1.1,3.9,53.5,418.0,1.0,73.0,33.0,19.0,51.0,316.0,40.2,70.9,1.1,0.0,0.6,7.6,56.0,59.1,1.4,0.0,0.4,9.5,388.0,201.0,0.0,22.0,0.0,26.0,56.6,2.4,0.0,2.9,0.0,19.9,0.7,0.1,0.0,0.0,0,0.1,1.8,38.5,1.7,0.1,4.9,3.4,31.6,1.3,0.1,0.0,3.8,0,0.1,0.0,690.0,61.0,0.0,18.0,27.0,522.0,19.0,0.0,0.0,0.0,0,0.0,51.0,5.06,2.7,1.98,21.3,0.27,0.07,0.08,1.8,5.79,2.47,1.75,19.4,0.2,0.1,0.04,1.0,1133.0,有,有
307,2024,537.0,59.5,0.6,18.5,2.7,1.6,0.0,55.3,76.2,0.0,0.0,12.5,0.0,3.9,43.7,409.0,5.0,73.0,104.0,6.0,35.0,309.0,70.5,37.7,1.1,0.0,0.1,2.6,74.0,43.6,1.1,0.0,0.3,11.5,398.0,292.0,15.0,78.0,0.0,0.0,39.6,0.7,5.6,1.5,0.7,33.5,1.3,0.2,0.0,16.8,0,0.5,0.0,67.4,5.9,4.9,5.3,0.4,32.1,0.0,0.1,0.2,0.0,0,0.0,5.3,293.0,0.0,80.0,67.0,0.0,167.0,0.0,3.0,2.0,0.0,0,1.0,36.0,5.21,2.7,2.05,22.4,0.29,0.1,0.1,2.5,5.79,2.89,2.03,20.7,0.12,0.07,0.09,1.71,1018.0,有,有
308,2024,489.0,53.6,0.0,0.0,0.0,0.5,3.4,22.0,38.5,0.0,4.2,4.1,2.6,6.1,40.0,478.0,3.0,154.0,50.0,0.0,47.0,587.0,39.8,43.4,0.0,0.0,0.3,0.0,44.1,31.1,1.3,0.0,0.0,10.6,573.0,329.0,0.0,0.0,0.0,105.0,42.0,0.0,0.0,0.4,0.9,23.4,1.4,0.5,0.1,0.0,0,0.1,10.2,46.9,8.2,4.8,2.8,3.1,30.5,2.6,0.1,0.1,0.0,0,0.1,11.9,443.0,42.0,7.0,0.0,7.0,186.0,0.0,1.0,2.0,48.0,0,0.0,0.0,5.17,2.78,2.06,25.3,0.19,0.08,0.09,2.2,5.79,2.89,1.8,23.1,0.19,0.07,0.08,1.34,1100.0,有,無
309,2024,670.0,52.6,0.0,0.0,6.9,0.0,0.0,35.7,59.1,0.2,0.0,5.1,0.0,2.0,22.7,758.0,0.0,0.0,14.0,17.0,0.0,439.0,41.2,19.0,1.1,6.3,0.3,4.2,61.1,45.6,0.4,11.0,0.1,0.0,693.0,485.0,15.0,136.0,0.0,0.0,55.7,0.0,2.8,2.2,3.4,30.5,1.6,0.2,0.1,0.0,0,0.0,11.8,57.7,6.9,11.0,3.5,0.6,33.6,1.0,0.0,0.0,11.1,0,0.4,0.4,866.0,56.0,19.0,51.0,2.0,306.0,0.0,4.0,0.0,0.0,0,3.0,0.0,5.39,2.68,2.04,22.0,0.31,0.09,0.08,2.0,3.11,2.89,1.54,24.9,0.22,0.07,0.08,1.57,1108.0,有,有
310,2024,946.0,52.5,0.3,2.9,1.0,0.4,0.0,25.9,56.1,0.0,0.0,1.8,0.0,0.0,40.3,540.0,1.0,88.0,118.0,9.0,0.0,285.0,60.8,35.3,2.5,1.4,0.2,10.0,38.3,27.8,0.1,15.7,0.0,9.3,428.0,426.0,9.0,0.0,7.0,0.0,69.0,2.8,6.8,1.4,0.8,13.1,0.9,0.2,0.2,11.9,0,0.0,7.2,36.6,0.6,0.0,0.0,0.0,22.4,0.0,0.0,0.0,0.0,0,0.1,5.2,346.0,24.0,57.0,23.0,46.0,251.0,7.0,3.0,0.0,0.0,0,0.0,17.0,5.31,2.74,2.05,21.6,0.33,0.07,0.1,1.9,3.74,2.75,2.2,24.9,0.21,0.05,0.09,2.41,1039.0,有,有
311,2024,371.0,39.7,0.3,7.8,15.0,0.0,1.9,23.5,64.3,0.4,0.0,7.2,0.5,4.4,30.6,570.0,0.0,0.0,0.0,0.0,71.0,466.0,49.6,52.4,1.2,3.7,0.1,1.7,59.6,36.6,3.6,0.0,0.3,5.7,509.0,426.0,16.0,0.0,0.0,0.0,35.4,0.0,5.0,0.6,0.0,12.4,0.0,0.4,0.1,0.0,0,0.4,1.3,64.0,0.0,3.1,5.1,0.0,35.2,0.0,0.0,0.3,3.1,0,0.3,5.8,413.0,68.0,58.0,0.0,19.0,436.0,0.0,2.0,1.0,0.0,0,1.0,0.0,5.35,2.78,2.1,22.0,0.23,0.07,0.08,1.9,5.79,2.89,2.2,19.6,0.23,0.06,0.07,1.66,1012.0,有,有
312,2024,320.0,59.8,1.0,0.0,0.0,0.0,0.0,43.8,43.2,0.1,16.9,0.0,0.0,11.8,35.5,866.0,4.0,3.0,0.0,7.0,84.0,352.0,60.1,26.0,0.0,8.7,0.0,0.0,47.5,35.3,2.4,3.5,0.0,0.0,473.0,289.0,0.0,0.0,3.0,0.0,70.9,3.3,6.0,6.6,2.1,23.5,1.2,0.0,0.0,0.0,0,0.1,7.7,44.6,0.0,8.7,0.4,0.0,27.2,3.1,0.2,0.0,2.7,0,0.5,1.8,585.0,0.0,6.0,36.0,0.0,233.0,0.0,0.0,0.0,0.0,0,3.0,36.0,5.32,2.72,2.04,21.6,0.19,0.07,0.1,2.4,4.99,2.0,1.74,22.3,0.11,0.07,0.05,1.88,1031.0,有,有
313,2024,1072.0,68.7,0.1,2.1,0.0,1.1,0.0,43.2,53.3,0.4,7.2,0.0,0.0,7.6,45.2,526.0,0.0,160.0,41.0,0.0,72.0,380.0,38.3,26.5,2.2,8.2,0.0,9.6,54.0,39.1,0.5,4.9,0.0,8.2,398.0,319.0,0.0,19.0,1.0,89.0,51.9,5.6,6.4,5.5,0.0,19.5,2.0,0.3,0.0,0.0,0,0.1,1.0,57.1,3.4,11.6,0.0,0.8,21.3,0.3,0.3,0.0,11.1,0,0.0,0.0,675.0,1.0,39.0,74.0,0.0,380.0,40.0,5.0,0.0,0.0,0,1.0,69.0,5.46,2.74,2.02,22.6,0.44,0.08,0.07,2.2,4.46,2.48,1.87,15.3,0.19,0.1,0.07,1.55,1066.0,有,有
314,2024,481.0,71.5,0.0,3.5,1.6,0.4,2.9,46.4,46.4,0.1,3.4,4.4,0.3,0.0,21.8,507.0,4.0,34.0,91.0,27.0,17.0,455.0,60.2,42.5,1.5,1.6,0.3,6.0,79.3,35.9,1.5,0.0,0.0,3.3,599.0,630.0,11.0,47.0,0.0,0.0,42.0,0.3,0.8,2.0,0.0,40.7,1.5,0.4,0.0,2.0,0,0.1,0.0,39.0,4.0,6.8,2.4,0.8,32.8,1.7,0.1,0.2,4.4,0,0.0,0.0,765.0,0.0,55.0,43.0,0.0,133.0,27.0,4.0,1.0,117.0,0,6.0,0.0,5.1,2.76,2.1,22.0,0.38,0.09,0.06,2.3,3.72,2.36,2.2,24.9,0.11,0.02,0.1,1.43,999.0,有,有
315,2024,873.0,39.7,0.3,4.9,0.9,0.5,0.0,23.7,43.1,0.6,0.0,5.0,0.1,4.8,50.2,634.0,0.0,33.0,25.0,33.0,0.0,534.0,44.5,25.8,0.0,0.0,0.2,17.5,80.0,51.2,0.1,0.0,0.0,0.0,654.0,286.0,6.0,0.0,0.0,129.0,33.5,1.6,0.0,7.3,1.9,25.4,0.0,0.4,0.2,0.0,0,0.0,0.0,53.7,6.3,1.4,0.6,0.1,21.4,3.6,0.0,0.3,0.0,0,0.6,15.6,471.0,14.0,1.0,22.0,0.0,244.0,6.0,6.0,1.0,0.0,0,3.0,7.0,5.49,2.77,2.02,23.3,0.37,0.09,0.07,1.9,4.38,1.92,1.99,12.2,0.19,0.04,0.03,1.26,1055.0,有,有
316,2024,654.0,56.8,0.1,0.0,4.3,1.9,4.7,27.2,74.3,0.3,0.0,1.4,1.7,7.1,34.5,726.0,0.0,6.0,6.0,0.0,60.0,394.0,45.1,50.4,1.6,1.1,0.0,7.5,44.2,67.2,5.7,2.7,0.5,0.0,381.0,232.0,1.0,3.0,3.0,62.0,62.4,8.7,5.2,2.7,0.0,32.2,0.0,0.2,0.1,1.6,0,0.1,0.0,52.4,0.0,4.3,3.6,3.0,19.5,0.0,0.0,0.0,0.0,0,0.1,7.8,866.0,19.0,35.0,0.0,33.0,218.0,19.0,6.0,0.0,0.0,0,2.0,0.0,5.12,2.74,2.03,22.1,0.37,0.11,0.12,2.0,4.55,2.34,2.16,23.3,0.18,0.07,0.06,2.08,996.0,有,有
317,2024,923.0,58.1,0.0,4.4,9.5,1.4,5.1,18.6,44.7,0.0,0.0,2.2,0.1,3.1,24.7,521.0,2.0,0.0,27.0,33.0,28.0,313.0,57.1,48.3,1.2,0.0,0.2,13.6,32.8,47.7,1.2,0.1,0.0,0.9,462.0,613.0,20.0,0.0,0.0,124.0,43.6,0.8,4.3,2.9,2.9,19.0,0.0,0.0,0.2,0.0,0,0.0,0.7,57.1,6.0,4.7,5.1,3.4,25.3,3.5,0.2,0.2,0.0,0,0.5,2.8,680.0,10.0,85.0,58.0,18.0,251.0,46.0,0.0,0.0,63.0,0,2.0,39.0,5.08,2.71,1.98,21.7,0.21,0.09,0.09,2.1,3.77,2.89,1.58,14.9,0.21,0.07,0.08,1.53,1069.0,有,有
318,2024,1117.0,64.1,0.0,0.0,0.0,0.0,1.3,14.8,28.3,0.0,13.5,5.3,0.0,3.9,62.2,655.0,3.0,93.0,62.0,38.0,59.0,415.0,56.1,63.9,1.9,2.8,0.0,0.0,57.0,42.4,0.5,0.0,0.1,5.0,629.0,464.0,45.0,27.0,0.0,20.0,82.0,9.2,2.1,5.1,0.9,21.1,1.6,0.1,0.2,0.0,0,0.0,2.8,59.6,3.7,0.9,1.9,0.1,41.2,1.7,0.2,0.0,0.0,0,0.0,0.0,416.0,19.0,10.0,26.0,28.0,229.0,29.0,1.0,2.0,0.0,0,0.0,0.0,5.23,2.64,1.99,24.9,0.33,0.09,0.06,2.0,4.74,2.89,2.17,24.9,0.15,0.07,0.09,1.1,1016.0,有,有
319,2024,117.0,55.8,0.5,6.1,0.7,0.9,7.3,28.5,75.0,0.0,0.0,17.7,3.9,6.3,45.3,716.0,0.0,0.0,0.0,16.0,52.0,747.0,83.5,21.6,2.0,0.5,0.0,2.4,56.3,43.1,0.0,11.6,0.2,4.2,443.0,637.0,0.0,37.0,3.0,0.0,61.4,0.0,4.5,0.0,2.1,27.0,0.0,0.4,0.1,10.5,0,0.0,3.6,81.2,5.5,0.0,1.7,1.5,35.8,0.0,0.2,0.0,0.0,0,0.0,0.3,493.0,0.0,62.0,0.0,0.0,384.0,0.0,0.0,0.0,0.0,0,0.0,70.0,5.15,2.77,2.0,19.5,0.41,0.09,0.09,2.5,4.45,2.89,2.2,22.0,0.2,0.07,0.07,1.99,1089.0,有,有
320,2024,1127.0,63.6,0.0,0.0,1.7,0.0,2.1,40.6,64.9,0.0,0.0,0.0,1.0,3.5,50.3,814.0,1.0,77.0,34.0,12.0,55.0,398.0,73.0,36.5,3.7,0.0,0.4,12.4,39.6,48.2,0.1,8.6,0.0,0.0,699.0,641.0,8.0,105.0,0.0,56.0,48.5,0.0,5.2,5.2,0.0,17.0,0.0,0.4,0.1,3.4,0,0.3,8.6,66.0,5.4,11.7,2.1,0.0,27.8,0.0,0.0,0.2,12.2,0,0.0,0.0,422.0,0.0,44.0,34.0,11.0,246.0,12.0,0.0,2.0,32.0,0,0.0,0.0,5.25,2.77,1.97,19.6,0.19,0.08,0.08,1.9,5.79,2.54,1.99,17.7,0.22,0.09,0.07,0.81,1014.0,有,有
321,2024,818.0,49.2,0.3,0.0,7.1,0.6,2.2,38.6,26.8,0.2,0.0,2.5,1.3,0.0,33.2,537.0,2.0,0.0,41.0,7.0,45.0,491.0,43.2,14.3,0.0,2.6,0.0,3.5,49.8,22.9,0.0,17.0,0.9,0.0,515.0,466.0,22.0,88.0,1.0,60.0,62.5,2.7,3.3,0.7,0.0,30.3,0.3,0.5,0.0,0.0,0,0.1,0.0,78.0,0.2,3.5,4.8,0.0,15.1,0.1,0.3,0.1,0.0,0,0.1,12.2,460.0,30.0,6.0,52.0,0.0,433.0,3.0,3.0,2.0,1.0,0,3.0,41.0,5.23,2.73,1.97,22.3,0.27,0.09,0.1,2.4,2.6,1.82,2.2,22.1,0.25,0.1,0.04,1.11,1095.0,有,有
322,2024,574.0,51.4,0.0,0.8,6.1,0.3,4.1,44.0,49.8,0.6,8.0,0.0,0.0,8.0,35.5,858.0,1.0,14.0,105.0,3.0,62.0,318.0,59.2,54.5,0.4,0.0,0.6,5.1,63.3,57.5,2.2,0.0,0.3,6.9,801.0,338.0,3.0,55.0,0.0,0.0,58.9,4.0,4.4,2.2,0.0,23.4,0.0,0.4,0.0,8.0,0,0.4,7.5,38.9,4.1,0.0,4.0,0.6,26.8,0.4,0.2,0.1,0.0,0,0.0,10.0,531.0,0.0,70.0,48.0,0.0,309.0,15.0,2.0,0.0,244.0,0,1.0,24.0,5.39,2.73,2.05,25.0,0.34,0.1,0.06,2.0,4.76,2.61,1.63,14.8,0.25,0.08,0.1,1.28,1013.0,有,有
323,2024,822.0,33.4,0.5,2.5,0.0,0.8,2.4,33.0,28.6,0.3,6.3,0.0,0.0,1.7,46.7,725.0,0.0,0.0,0.0,44.0,8.0,204.0,70.3,44.3,0.0,0.0,0.0,9.4,65.0,51.4,0.0,0.0,0.1,3.2,324.0,379.0,7.0,0.0,0.0,0.0,39.3,0.5,8.7,2.9,0.9,10.3,0.4,0.5,0.0,0.0,0,0.2,2.5,43.8,1.0,2.9,7.4,1.1,32.9,3.2,0.3,0.2,2.0,0,0.5,0.0,642.0,31.0,50.0,84.0,16.0,438.0,5.0,0.0,0.0,77.0,0,0.0,27.0,5.31,2.77,2.01,20.7,0.34,0.09,0.08,2.3,4.69,2.57,2.15,24.9,0.17,0.08,0.01,2.17,1042.0,有,有
324,2024,816.0,45.4,0.0,0.0,7.0,0.5,7.9,54.5,54.3,0.0,4.8,2.8,0.1,0.8,26.0,569.0,5.0,8.0,29.0,0.0,1.0,620.0,57.5,32.6,0.5,0.0,0.0,0.0,79.3,72.4,0.0,0.0,0.0,0.0,361.0,230.0,20.0,0.0,0.0,226.0,71.4,0.0,4.4,1.7,1.0,29.2,1.0,0.3,0.0,16.6,0,0.0,0.0,34.9,4.0,4.7,7.3,0.0,35.4,2.5,0.1,0.0,7.7,0,0.6,0.0,503.0,36.0,25.0,41.0,1.0,221.0,1.0,1.0,0.0,0.0,0,1.0,0.0,5.09,2.76,2.08,22.1,0.19,0.08,0.08,2.1,5.28,2.84,1.48,7.6,0.21,0.07,0.08,1.08,1116.0,有,有
325,2024,1032.0,58.8,0.0,0.7,0.0,0.0,3.5,27.1,51.4,0.0,15.9,0.0,0.0,4.9,29.2,417.0,0.0,52.0,0.0,0.0,71.0,448.0,78.5,19.1,0.6,0.0,0.0,4.3,43.6,49.0,0.5,14.8,0.2,10.6,735.0,519.0,17.0,113.0,3.0,53.0,58.5,2.8,2.7,3.4,2.9,37.4,2.7,0.1,0.4,4.6,0,0.0,1.4,68.9,5.3,2.9,0.0,1.4,40.1,3.7,0.2,0.1,9.6,0,0.1,0.0,347.0,17.0,49.0,34.0,6.0,456.0,0.0,2.0,2.0,9.0,0,0.0,106.0,5.28,2.7,2.05,21.7,0.28,0.1,0.12,2.2,4.76,1.6,2.03,17.9,0.16,0.06,0.04,1.22,1037.0,有,有
326,2024,1091.0,54.4,0.4,1.4,6.2,0.0,2.7,28.9,66.2,0.3,0.0,7.5,0.0,2.9,50.9,551.0,1.0,0.0,0.0,10.0,23.0,497.0,65.3,29.6,0.9,3.7,0.1,4.8,59.6,41.9,0.3,7.2,0.0,9.7,736.0,184.0,1.0,0.0,3.0,29.0,51.1,0.5,6.8,6.8,1.4,16.3,0.6,0.1,0.0,3.5,0,0.1,7.8,55.3,5.6,0.0,5.8,3.9,19.8,1.7,0.6,0.0,9.8,0,0.1,5.9,561.0,32.0,39.0,28.0,10.0,202.0,0.0,3.0,0.0,0.0,0,0.0,90.0,5.41,2.78,2.03,21.5,0.29,0.1,0.08,2.2,5.79,2.89,0.99,24.9,0.23,0.05,0.08,1.96,1060.0,有,有
327,2024,880.0,63.2,0.0,0.0,3.7,0.0,6.0,8.2,71.7,0.1,0.0,8.2,2.0,7.4,45.3,821.0,0.0,0.0,13.0,20.0,5.0,348.0,40.4,46.7,0.0,5.8,0.0,3.7,71.6,35.4,0.0,0.0,0.0,5.6,713.0,649.0,31.0,0.0,3.0,92.0,56.8,1.2,3.2,5.9,1.3,36.0,1.7,0.0,0.0,6.2,0,0.1,15.0,86.8,4.0,0.0,1.6,1.0,38.0,1.3,0.2,0.0,0.0,0,0.5,0.0,707.0,6.0,4.0,103.0,8.0,245.0,13.0,0.0,2.0,0.0,0,0.0,16.0,5.43,2.69,2.01,22.8,0.26,0.07,0.06,2.3,5.79,2.49,2.05,24.9,0.22,0.07,0.1,1.99,1065.0,有,有
328,2024,976.0,57.9,0.2,8.6,1.6,0.0,1.6,32.2,37.7,0.0,4.2,0.0,0.8,5.7,55.0,524.0,2.0,0.0,0.0,0.0,0.0,270.0,42.7,52.7,0.4,2.1,0.0,0.2,66.7,33.5,1.4,0.0,0.5,9.4,805.0,462.0,34.0,0.0,1.0,0.0,85.0,4.5,1.6,2.1,5.1,19.4,1.2,0.4,0.0,0.0,0,0.0,0.0,62.7,4.9,3.2,6.4,0.0,25.2,4.8,0.4,0.1,0.0,0,0.4,3.0,654.0,26.0,34.0,39.0,14.0,380.0,31.0,0.0,2.0,3.0,0,2.0,0.0,5.2,2.68,2.05,22.3,0.19,0.07,0.09,2.0,5.6,1.72,2.15,24.9,0.26,0.05,0.08,1.6,1049.0,有,有
329,2024,1083.0,78.7,0.3,0.0,0.0,0.7,5.6,54.8,63.5,0.0,0.0,8.2,2.0,1.2,45.8,866.0,3.0,84.0,0.0,0.0,50.0,391.0,46.4,33.2,1.8,2.3,0.0,3.6,56.4,41.5,0.0,4.5,0.4,3.3,793.0,513.0,36.0,32.0,0.0,0.0,53.5,2.4,7.8,2.8,3.9,28.9,0.9,0.3,0.0,3.4,0,0.1,0.0,48.5,4.0,4.7,1.5,4.2,39.2,4.2,0.2,0.0,0.0,0,0.2,0.0,665.0,50.0,7.0,121.0,0.0,384.0,21.0,5.0,3.0,0.0,0,2.0,70.0,5.34,2.69,2.04,19.3,0.2,0.08,0.07,2.1,3.56,2.89,1.55,24.9,0.24,0.06,0.05,0.95,994.0,有,有
330,2024,824.0,63.8,0.0,1.9,0.0,0.9,3.8,5.0,83.0,0.0,0.0,0.0,0.8,7.5,23.2,364.0,0.0,0.0,15.0,46.0,33.0,493.0,70.9,36.5,0.9,0.0,0.0,4.0,48.5,45.2,2.5,1.3,0.0,4.2,553.0,361.0,6.0,0.0,3.0,129.0,61.3,1.7,1.0,4.7,0.0,25.9,1.0,0.3,0.2,0.0,0,0.2,4.1,59.4,5.1,5.3,8.4,1.2,23.9,0.0,0.3,0.1,7.5,0,0.6,9.4,517.0,40.0,60.0,23.0,27.0,340.0,9.0,3.0,0.0,0.0,0,6.0,43.0,5.22,2.75,2.03,22.8,0.31,0.08,0.09,2.0,5.79,2.23,1.46,22.2,0.24,0.05,0.07,2.03,1019.0,有,無
331,2024,1038.0,54.0,0.0,0.0,8.8,1.2,5.5,32.5,81.5,0.7,4.2,0.0,2.2,2.8,56.5,566.0,0.0,0.0,66.0,0.0,74.0,294.0,35.3,36.9,3.1,2.8,0.0,2.6,45.7,29.3,2.4,0.0,0.0,2.0,569.0,541.0,6.0,56.0,1.0,11.0,64.7,1.2,3.3,6.1,0.1,23.6,1.1,0.1,0.2,8.1,0,0.2,5.3,58.5,0.3,0.0,0.0,0.9,22.4,0.0,0.0,0.0,0.0,0,0.1,0.0,554.0,53.0,0.0,52.0,0.0,183.0,7.0,7.0,2.0,21.0,0,0.0,57.0,5.15,2.71,1.98,21.4,0.24,0.08,0.11,2.1,5.79,1.94,1.75,14.5,0.24,0.06,0.07,1.03,1076.0,有,有
332,2024,736.0,56.1,0.8,4.9,12.2,0.2,5.3,30.7,64.6,0.0,0.0,4.3,0.0,0.8,43.7,624.0,1.0,0.0,75.0,0.0,48.0,229.0,27.6,43.4,2.7,4.8,0.0,8.6,57.9,48.1,2.6,0.1,0.0,6.9,749.0,507.0,0.0,0.0,1.0,14.0,71.5,0.1,3.8,0.4,2.0,33.5,0.5,0.0,0.0,7.9,0,0.2,3.0,57.7,3.0,5.2,6.0,2.7,43.3,0.1,0.3,0.0,6.3,0,0.0,2.5,678.0,61.0,75.0,67.0,18.0,403.0,8.0,2.0,2.0,0.0,0,4.0,0.0,5.26,2.77,2.09,21.7,0.27,0.09,0.06,2.4,5.71,2.89,1.56,16.6,0.18,0.03,0.06,1.5,1056.0,有,有
333,2024,7.0,60.5,0.3,5.7,12.3,0.9,1.4,39.7,72.3,0.6,0.0,3.4,1.6,3.6,44.0,702.0,6.0,0.0,6.0,0.0,28.0,420.0,63.9,42.8,0.0,8.0,0.0,4.1,37.9,7.6,0.4,0.0,0.0,0.0,471.0,492.0,23.0,95.0,0.0,58.0,72.4,0.0,5.3,1.1,1.7,42.6,0.3,0.0,0.0,0.0,0,0.4,3.2,52.3,0.4,2.6,0.0,1.2,28.4,0.0,0.0,0.1,2.5,0,0.0,3.4,682.0,68.0,29.0,22.0,12.0,301.0,25.0,2.0,0.0,0.0,0,4.0,0.0,5.33,2.78,2.01,21.0,0.46,0.1,0.09,1.7,5.43,2.55,1.84,18.1,0.15,0.08,0.07,0.81,995.0,有,有
334,2024,561.0,58.5,0.3,4.8,0.0,0.7,0.0,53.3,67.6,0.3,4.5,8.9,2.1,4.8,18.9,671.0,5.0,0.0,39.0,0.0,0.0,504.0,67.6,48.9,0.2,0.0,0.6,0.0,36.4,41.5,3.8,0.0,0.4,0.0,424.0,443.0,0.0,122.0,8.0,118.0,50.5,7.3,3.3,6.6,1.3,26.6,0.0,0.0,0.0,0.0,0,0.1,0.0,49.2,3.9,8.9,0.0,0.3,17.5,3.0,0.0,0.0,0.0,0,0.4,2.8,627.0,20.0,13.0,41.0,21.0,329.0,0.0,4.0,2.0,0.0,0,0.0,60.0,5.4,2.76,2.01,25.2,0.24,0.09,0.09,2.3,5.35,2.89,2.2,16.2,0.1,0.09,0.06,1.44,1113.0,有,有
335,2024,612.0,63.4,0.2,8.0,0.0,2.3,3.6,35.9,45.0,0.1,3.0,0.0,2.5,0.0,35.8,748.0,0.0,0.0,9.0,40.0,11.0,290.0,65.2,42.1,1.3,0.0,0.0,0.0,80.3,27.8,0.0,0.0,0.3,4.4,771.0,237.0,48.0,0.0,4.0,0.0,35.3,3.7,5.6,1.5,0.6,38.9,1.0,0.0,0.0,0.0,0,0.1,0.0,54.7,2.0,1.4,4.6,0.5,29.2,0.0,0.4,0.2,0.0,0,0.4,0.0,606.0,20.0,32.0,27.0,0.0,250.0,8.0,2.0,5.0,29.0,0,0.0,0.0,5.16,2.71,2.06,22.5,0.5,0.09,0.06,2.0,5.79,2.37,2.2,19.0,0.24,0.09,0.09,1.29,1087.0,有,有
336,2024,103.0,42.4,0.5,0.0,1.8,3.6,6.2,48.7,64.1,0.0,21.1,0.9,0.0,5.5,9.2,744.0,1.0,190.0,114.0,0.0,0.0,512.0,71.7,33.6,0.0,0.0,0.1,4.0,45.0,26.1,1.2,22.4,0.3,0.0,437.0,341.0,9.0,0.0,1.0,0.0,71.6,5.4,5.0,0.0,0.1,20.9,3.3,0.2,0.0,3.5,0,0.7,9.4,36.3,0.0,8.9,0.8,2.5,23.0,0.7,0.1,0.2,0.0,0,0.0,0.0,700.0,28.0,7.0,0.0,25.0,279.0,14.0,5.0,0.0,0.0,0,6.0,0.0,5.39,2.73,2.06,24.1,0.38,0.1,0.09,1.7,3.25,2.89,2.2,13.2,0.24,0.08,0.06,1.28,1077.0,有,有
337,2024,434.0,62.0,0.0,1.0,0.8,0.0,3.9,39.6,61.3,0.2,1.0,4.7,0.9,0.6,33.6,477.0,0.0,143.0,7.0,11.0,0.0,419.0,69.6,20.7,0.0,0.0,0.0,1.1,45.7,34.3,0.9,0.0,0.0,6.3,376.0,503.0,0.0,0.0,1.0,0.0,86.2,0.2,4.0,0.0,0.4,18.8,1.0,0.6,0.0,2.1,0,0.0,0.0,73.8,1.0,0.3,0.5,2.1,33.1,0.0,0.1,0.0,6.1,0,0.0,0.0,505.0,22.0,113.0,62.0,20.0,307.0,1.0,0.0,1.0,21.0,0,2.0,63.0,5.21,2.75,2.01,21.7,0.36,0.09,0.07,2.0,3.92,1.92,2.2,17.9,0.08,0.05,0.05,1.12,1133.0,有,有
338,2024,1021.0,42.2,0.0,14.9,8.2,0.1,5.9,31.9,56.3,0.2,7.0,2.4,1.6,2.2,26.7,566.0,4.0,45.0,50.0,11.0,22.0,473.0,49.4,37.6,2.8,0.4,0.2,0.0,63.9,35.7,0.0,0.3,0.0,0.8,600.0,259.0,19.0,3.0,0.0,91.0,60.2,2.0,5.8,4.4,0.8,15.2,0.6,0.7,0.0,0.0,0,0.0,0.0,34.5,0.1,6.7,1.3,0.8,13.2,0.0,0.4,0.0,12.2,0,0.5,3.7,422.0,18.0,37.0,8.0,0.0,347.0,25.0,3.0,0.0,14.0,0,2.0,55.0,5.27,2.74,1.99,19.8,0.35,0.1,0.09,2.4,4.76,2.89,1.74,24.9,0.24,0.06,0.06,1.38,949.0,有,有
339,2024,422.0,79.7,0.1,1.1,4.8,0.6,1.5,30.9,29.7,0.4,2.6,0.8,0.5,5.9,57.4,588.0,2.0,122.0,0.0,8.0,34.0,401.0,56.7,32.7,0.6,0.0,0.0,3.1,35.8,44.5,0.0,0.0,0.0,11.4,754.0,465.0,4.0,0.0,2.0,50.0,44.4,0.0,1.7,2.4,0.2,19.1,0.0,0.0,0.0,0.0,0,0.3,0.0,66.5,6.6,4.3,3.8,1.0,35.0,1.9,0.2,0.0,5.9,0,0.0,4.1,411.0,0.0,1.0,0.0,0.0,421.0,14.0,4.0,2.0,104.0,0,0.0,81.0,5.46,2.73,1.98,20.1,0.33,0.08,0.09,2.2,2.62,2.89,1.61,24.9,0.26,0.08,0.07,1.87,989.0,有,有
340,2024,955.0,70.9,0.3,0.0,2.6,2.5,4.4,47.6,51.1,0.0,5.8,6.1,0.1,0.8,31.9,743.0,0.0,0.0,118.0,30.0,71.0,286.0,45.4,7.6,1.6,3.1,0.1,2.9,60.5,34.0,1.6,0.0,0.0,0.0,746.0,457.0,0.0,0.0,0.0,0.0,49.9,2.5,5.5,3.8,0.0,12.0,0.0,0.0,0.0,0.0,0,0.4,0.0,15.8,1.2,4.7,3.7,0.6,24.8,4.8,0.0,0.1,0.0,0,0.4,2.1,489.0,34.0,6.0,48.0,36.0,388.0,22.0,3.0,0.0,28.0,0,1.0,84.0,5.47,2.76,2.08,23.7,0.32,0.11,0.09,2.0,4.96,2.81,1.73,7.9,0.15,0.06,0.07,1.56,1063.0,有,有
341,2024,797.0,53.0,0.0,0.0,9.8,0.0,1.2,35.8,74.5,0.2,0.0,0.0,0.0,2.8,52.6,521.0,2.0,32.0,24.0,0.0,14.0,529.0,66.0,47.2,0.0,0.0,0.0,2.2,33.0,47.5,2.8,0.0,0.0,6.6,628.0,683.0,0.0,0.0,1.0,0.0,71.3,1.2,2.9,0.0,1.2,15.7,0.0,0.3,0.0,10.1,0,0.0,5.9,43.6,2.1,6.5,3.1,3.6,27.8,0.0,0.1,0.1,0.0,0,0.3,0.0,593.0,0.0,8.0,0.0,0.0,290.0,34.0,2.0,2.0,109.0,0,1.0,30.0,5.4,2.73,2.04,20.1,0.39,0.08,0.07,2.0,4.14,2.89,1.97,18.8,0.13,0.07,0.07,1.6,1123.0,有,有
342,2024,1045.0,27.5,0.0,0.0,0.0,0.6,0.0,14.9,48.3,0.2,1.2,8.0,1.5,2.1,38.0,729.0,7.0,0.0,31.0,7.0,54.0,518.0,58.1,22.0,1.8,0.0,0.0,0.3,35.6,13.7,1.7,0.0,0.2,9.0,866.0,368.0,14.0,0.0,2.0,4.0,44.0,2.2,7.0,3.6,0.4,32.4,0.6,0.0,0.0,5.3,0,0.0,2.2,44.5,6.3,4.2,2.3,3.9,12.4,3.7,0.0,0.0,2.1,0,0.6,6.2,531.0,30.0,20.0,64.0,0.0,373.0,20.0,5.0,1.0,0.0,0,1.0,65.0,5.42,2.71,2.0,22.6,0.34,0.08,0.09,1.8,4.61,2.64,1.85,22.4,0.17,0.08,0.08,1.23,1022.0,有,有
343,2024,81.0,73.5,0.0,0.0,5.0,1.1,3.2,17.2,80.5,0.0,10.0,3.9,2.8,2.2,27.6,212.0,0.0,60.0,53.0,17.0,0.0,219.0,45.8,31.1,0.8,22.9,0.0,8.9,37.3,46.0,1.4,0.0,0.2,8.6,445.0,446.0,15.0,114.0,0.0,21.0,45.0,0.0,4.7,3.8,0.4,34.4,0.0,0.0,0.1,4.7,0,0.1,5.9,77.5,2.5,4.6,5.8,2.7,43.9,0.0,0.2,0.1,4.5,0,0.2,0.0,654.0,51.0,48.0,0.0,8.0,458.0,0.0,0.0,0.0,0.0,0,0.0,55.0,5.44,2.7,2.04,23.1,0.41,0.08,0.09,2.2,4.4,2.89,1.71,24.9,0.31,0.09,0.08,1.86,1028.0,有,有
344,2024,39.0,88.0,0.4,0.0,0.0,0.6,1.1,40.9,27.3,0.0,15.0,0.0,1.8,2.2,44.2,219.0,3.0,4.0,0.0,21.0,31.0,539.0,80.5,16.1,2.4,2.6,0.0,1.1,53.9,28.6,1.5,9.5,0.6,6.7,647.0,457.0,29.0,0.0,0.0,12.0,41.7,0.0,5.4,0.4,0.6,29.2,1.6,0.1,0.1,0.0,0,0.0,7.0,58.7,1.9,5.2,1.8,1.8,23.3,0.6,0.4,0.3,10.3,0,0.1,3.4,573.0,56.0,83.0,36.0,1.0,316.0,11.0,3.0,0.0,0.0,0,8.0,132.0,5.39,2.76,1.96,22.7,0.32,0.1,0.09,2.1,5.79,1.08,2.03,17.0,0.23,0.04,0.05,1.77,1007.0,有,有
345,2024,853.0,52.4,0.0,11.7,7.7,0.9,0.0,56.4,53.2,0.7,16.0,0.0,1.2,0.0,36.1,619.0,3.0,105.0,21.0,0.0,38.0,423.0,62.4,55.1,1.1,0.0,0.0,1.0,73.5,52.7,0.0,0.0,0.0,0.0,392.0,269.0,12.0,160.0,0.0,0.0,61.6,1.9,0.0,6.6,0.8,14.1,1.9,0.1,0.2,0.8,0,0.4,6.1,44.6,3.0,4.0,4.6,2.0,33.0,3.0,0.2,0.1,0.0,0,0.0,2.2,799.0,37.0,74.0,0.0,12.0,198.0,0.0,4.0,2.0,15.0,0,5.0,0.0,5.33,2.7,2.05,23.7,0.53,0.09,0.07,2.4,4.95,1.75,1.56,23.0,0.19,0.09,0.03,1.55,951.0,有,無
346,2024,551.0,36.0,0.4,0.0,3.5,0.4,0.0,22.9,52.3,0.0,0.0,6.2,0.1,1.7,52.5,739.0,6.0,102.0,28.0,30.0,31.0,100.0,82.5,35.3,0.0,0.0,0.1,0.0,55.7,57.1,2.7,0.0,0.5,3.0,597.0,188.0,2.0,62.0,0.0,0.0,34.7,5.9,0.5,0.0,0.8,31.5,2.2,0.0,0.1,0.0,0,0.3,7.8,45.7,3.0,2.8,2.5,0.9,45.9,2.7,0.8,0.0,0.0,0,0.0,2.1,576.0,0.0,36.0,63.0,0.0,383.0,43.0,0.0,2.0,0.0,0,0.0,76.0,5.02,2.72,2.0,22.3,0.42,0.11,0.08,1.8,5.79,1.94,2.2,14.9,0.24,0.08,0.05,1.27,984.0,有,有
347,2024,375.0,29.2,0.0,3.0,1.5,1.7,3.4,53.1,51.9,0.7,2.7,10.2,5.9,3.7,19.2,755.0,0.0,44.0,0.0,21.0,69.0,354.0,54.0,46.4,0.0,3.8,0.2,5.7,33.0,42.0,1.2,0.0,0.3,0.6,535.0,572.0,42.0,9.0,0.0,0.0,56.9,0.0,0.9,3.9,0.7,23.2,0.0,0.3,0.0,9.0,0,0.0,6.2,72.0,0.6,1.6,1.5,2.9,42.2,0.9,0.3,0.0,0.0,0,0.0,4.5,741.0,11.0,40.0,39.0,7.0,167.0,7.0,2.0,1.0,34.0,0,0.0,65.0,5.33,2.73,2.07,21.6,0.25,0.09,0.08,2.0,2.16,2.16,1.99,24.9,0.24,0.06,0.09,1.56,1029.0,有,有
348,2024,40.0,59.1,0.1,9.8,0.0,3.0,1.5,34.1,36.3,0.4,8.3,9.1,0.2,0.4,40.5,592.0,2.0,3.0,0.0,0.0,73.0,254.0,36.0,38.2,0.9,7.0,0.1,3.7,73.6,50.4,2.3,1.1,0.3,8.4,741.0,459.0,33.0,42.0,4.0,0.0,64.8,4.0,13.2,3.5,0.0,21.0,0.3,0.1,0.2,0.0,0,0.0,7.6,53.0,0.0,3.8,0.3,2.8,29.6,0.0,0.4,0.0,3.0,0,0.1,3.8,866.0,0.0,66.0,45.0,7.0,551.0,0.0,3.0,4.0,42.0,0,2.0,39.0,5.19,2.76,2.03,22.9,0.26,0.09,0.06,2.3,3.34,1.56,2.2,20.6,0.13,0.08,0.07,1.34,1054.0,有,有
349,2024,332.0,54.9,0.4,5.5,0.0,0.0,3.4,27.0,58.0,0.7,6.7,4.6,0.0,3.4,33.4,492.0,5.0,0.0,105.0,29.0,87.0,404.0,63.5,28.4,2.1,0.0,0.0,2.0,40.0,31.4,0.0,1.5,0.5,0.0,374.0,496.0,6.0,0.0,2.0,0.0,51.6,0.0,6.0,2.6,2.1,45.3,0.5,0.4,0.0,0.0,0,0.5,4.6,58.1,2.6,2.1,4.2,2.9,22.5,0.7,0.0,0.2,0.0,0,0.3,8.5,803.0,35.0,85.0,9.0,17.0,281.0,0.0,3.0,0.0,17.0,0,3.0,14.0,5.25,2.72,2.05,22.6,0.37,0.08,0.09,2.3,4.32,2.89,1.98,23.7,0.13,0.06,0.07,1.52,1103.0,有,有
350,2024,278.0,43.9,0.0,0.0,0.0,0.0,4.9,39.6,45.1,0.5,0.0,0.0,0.1,0.0,56.5,740.0,1.0,0.0,0.0,2.0,34.0,346.0,44.7,29.0,0.0,11.3,0.0,10.6,59.8,23.9,0.7,3.8,0.0,0.0,554.0,278.0,8.0,0.0,2.0,63.0,68.7,1.0,0.0,7.4,2.4,47.7,1.2,0.1,0.1,0.0,0,0.0,0.0,44.2,0.0,5.9,3.0,1.8,29.2,3.1,0.1,0.1,6.8,0,0.2,0.0,501.0,88.0,1.0,18.0,0.0,279.0,31.0,3.0,0.0,68.0,0,7.0,62.0,5.36,2.73,2.07,20.9,0.28,0.08,0.08,2.0,5.79,2.15,1.72,19.7,0.18,0.05,0.03,1.88,1055.0,有,無
351,2024,372.0,53.6,0.0,12.5,8.9,2.4,3.0,31.4,44.3,0.6,0.8,4.1,3.3,0.5,29.7,663.0,3.0,101.0,0.0,16.0,9.0,307.0,59.3,49.0,1.1,0.0,0.1,7.1,42.8,39.3,2.0,0.0,0.1,3.6,543.0,186.0,0.0,66.0,3.0,38.0,66.0,0.2,0.2,2.6,1.5,19.1,0.6,0.2,0.1,0.0,0,0.4,0.0,61.6,6.1,5.7,8.3,2.1,31.8,0.3,0.2,0.0,9.7,0,0.0,4.9,635.0,31.0,24.0,0.0,10.0,226.0,29.0,5.0,0.0,47.0,0,3.0,0.0,5.28,2.73,2.09,23.8,0.33,0.09,0.1,2.0,4.06,2.89,1.99,18.9,0.15,0.03,0.05,1.64,1048.0,有,有
352,2024,259.0,82.2,0.0,0.0,0.0,0.8,9.6,42.6,45.0,0.0,0.0,0.2,0.1,6.8,43.9,421.0,0.0,0.0,6.0,30.0,75.0,231.0,70.8,34.9,2.3,0.7,0.1,10.7,64.8,51.6,2.7,1.8,0.7,9.5,501.0,517.0,17.0,70.0,5.0,76.0,53.3,0.0,6.1,1.0,2.2,17.0,0.1,0.2,0.3,0.0,0,0.3,9.8,70.0,9.1,8.2,2.3,0.5,17.9,3.4,0.0,0.0,0.8,0,0.1,7.2,459.0,19.0,84.0,31.0,28.0,355.0,41.0,4.0,1.0,0.0,0,0.0,0.0,5.27,2.74,2.03,22.8,0.22,0.09,0.08,1.9,5.79,1.39,1.52,18.5,0.12,0.09,0.07,1.17,1050.0,有,無
353,2024,775.0,59.9,0.4,2.6,0.9,2.2,3.6,47.4,80.4,0.1,14.6,8.6,0.2,4.9,33.0,413.0,0.0,0.0,127.0,0.0,39.0,389.0,63.7,49.5,0.9,4.8,0.4,0.0,48.7,65.4,0.0,0.0,0.0,13.6,866.0,490.0,37.0,0.0,0.0,0.0,32.0,3.1,0.3,2.9,0.0,30.4,0.4,0.2,0.1,12.7,0,0.1,0.0,53.0,2.5,6.7,3.0,0.0,38.5,1.2,0.0,0.0,0.0,0,0.0,1.5,529.0,0.0,31.0,72.0,2.0,273.0,0.0,2.0,0.0,0.0,0,0.0,68.0,5.2,2.72,2.07,24.0,0.19,0.08,0.07,2.2,5.46,1.58,2.2,15.9,0.1,0.08,0.07,1.46,971.0,有,有
354,2024,177.0,51.2,0.4,6.9,4.2,0.5,2.8,18.9,76.0,0.1,0.0,0.8,0.7,1.0,44.2,685.0,2.0,0.0,33.0,5.0,20.0,398.0,47.0,21.9,1.4,2.1,0.4,10.8,84.6,37.6,1.8,2.3,0.0,8.8,746.0,564.0,0.0,32.0,1.0,0.0,79.7,1.8,5.9,2.2,0.6,31.2,2.4,0.3,0.0,0.0,0,0.4,8.6,70.0,4.2,6.7,4.7,0.8,46.3,1.4,0.0,0.0,0.0,0,0.3,6.3,545.0,13.0,60.0,53.0,31.0,484.0,32.0,0.0,0.0,49.0,0,0.0,85.0,5.46,2.74,2.03,22.1,0.24,0.08,0.09,2.7,5.43,2.2,1.45,24.9,0.21,0.06,0.08,1.96,1129.0,有,有
355,2024,617.0,55.9,0.5,2.2,0.7,2.4,3.6,36.3,40.5,0.0,0.5,0.0,0.4,0.0,46.8,679.0,0.0,132.0,0.0,4.0,25.0,522.0,48.1,22.3,0.9,0.0,0.0,5.9,43.9,45.4,0.1,5.5,0.0,12.6,428.0,101.0,9.0,0.0,3.0,0.0,48.5,2.8,1.9,4.2,2.3,34.2,0.0,0.2,0.2,8.1,0,0.0,0.0,30.6,6.1,5.2,0.0,2.8,37.4,0.0,0.5,0.0,4.9,0,0.0,0.0,605.0,91.0,26.0,41.0,8.0,506.0,40.0,5.0,3.0,0.0,0,4.0,45.0,5.22,2.76,2.14,23.3,0.2,0.1,0.06,2.1,2.83,2.89,2.2,17.3,0.17,0.08,0.05,1.2,1049.0,有,有
356,2024,593.0,63.7,0.5,0.0,4.6,0.3,0.0,22.1,73.6,0.7,0.0,7.6,2.0,0.0,49.1,601.0,3.0,149.0,3.0,0.0,37.0,452.0,61.2,54.0,2.4,1.1,0.5,0.0,70.4,38.6,1.2,8.4,0.2,4.7,528.0,346.0,30.0,20.0,4.0,0.0,62.3,0.4,5.9,1.7,0.0,33.1,0.3,0.1,0.0,6.6,0,0.0,2.6,32.8,3.0,2.9,2.8,4.3,35.7,5.1,0.1,0.0,6.7,0,0.0,2.1,391.0,0.0,41.0,35.0,33.0,343.0,32.0,4.0,2.0,0.0,0,0.0,0.0,5.16,2.72,2.05,20.4,0.41,0.08,0.08,2.1,4.68,2.89,2.2,20.9,0.12,0.07,0.03,1.9,996.0,有,有
357,2024,191.0,32.8,0.5,0.0,3.0,0.4,6.5,26.5,37.8,0.0,0.0,0.0,2.5,0.0,32.2,558.0,0.0,0.0,133.0,14.0,27.0,251.0,53.7,32.3,0.7,1.0,0.0,2.8,43.7,13.8,0.0,4.6,0.0,2.4,423.0,466.0,8.0,49.0,0.0,13.0,50.4,0.0,1.2,4.2,0.6,18.3,0.8,0.3,0.0,0.0,0,0.3,10.3,37.7,0.0,9.3,0.0,0.0,31.7,3.2,0.1,0.4,10.3,0,0.1,2.8,723.0,21.0,103.0,36.0,3.0,338.0,13.0,0.0,1.0,0.0,0,0.0,0.0,5.32,2.71,2.08,23.4,0.26,0.1,0.07,2.5,4.01,1.91,2.2,13.7,0.17,0.07,0.07,1.68,1017.0,有,有
358,2024,338.0,62.5,0.2,0.0,0.4,1.1,3.3,41.4,28.3,0.2,0.0,0.0,4.8,3.2,22.9,593.0,7.0,53.0,0.0,0.0,24.0,524.0,63.7,40.0,1.6,0.0,0.1,12.7,55.6,52.5,0.5,9.3,0.1,5.9,286.0,528.0,0.0,0.0,11.0,62.0,54.1,4.4,8.6,2.2,0.0,24.7,0.3,0.0,0.0,0.0,0,0.0,18.0,41.8,2.5,6.9,4.7,0.8,24.6,0.0,0.0,0.1,9.0,0,0.1,12.2,676.0,43.0,51.0,75.0,6.0,291.0,0.0,0.0,0.0,0.0,0,7.0,0.0,5.31,2.73,1.96,21.6,0.37,0.07,0.09,1.9,5.62,2.66,1.81,17.1,0.18,0.03,0.1,2.07,1025.0,有,有
359,2024,406.0,55.3,0.0,11.8,7.4,0.0,4.1,24.9,36.1,0.0,0.7,0.8,2.3,7.7,27.5,590.0,2.0,105.0,1.0,0.0,11.0,309.0,76.6,24.3,1.6,0.0,0.0,17.1,72.3,56.6,3.4,0.0,0.0,5.4,550.0,246.0,21.0,0.0,0.0,73.0,62.2,0.6,0.0,3.9,2.0,38.1,2.6,0.1,0.1,0.4,0,0.4,0.0,61.8,8.9,1.5,1.7,1.5,26.9,1.5,0.4,0.0,0.0,0,0.2,0.0,251.0,72.0,48.0,18.0,26.0,155.0,22.0,3.0,0.0,26.0,0,1.0,133.0,5.3,2.71,2.08,22.4,0.34,0.07,0.07,1.8,5.03,2.89,2.2,18.9,0.2,0.08,0.04,1.62,1022.0,有,有
360,2024,914.0,62.1,0.6,4.5,0.0,0.8,8.8,29.5,42.2,0.3,0.0,14.7,0.4,2.4,25.6,633.0,2.0,33.0,67.0,3.0,0.0,167.0,49.6,48.8,0.8,0.0,0.3,0.0,28.1,36.3,0.0,3.0,0.0,0.3,575.0,437.0,13.0,106.0,3.0,8.0,67.8,3.0,4.3,0.5,3.7,26.9,0.7,0.0,0.2,0.0,0,0.1,0.0,75.5,0.0,7.3,6.6,0.4,31.1,0.0,0.3,0.0,0.9,0,0.2,8.7,430.0,0.0,34.0,65.0,0.0,560.0,11.0,1.0,0.0,0.0,0,1.0,0.0,5.04,2.76,2.07,23.5,0.3,0.08,0.1,2.3,5.74,2.61,2.2,20.1,0.15,0.07,0.07,0.68,995.0,有,有
361,2024,555.0,61.3,0.0,13.1,3.7,3.8,3.7,43.9,75.6,0.1,1.3,0.0,0.6,6.1,49.0,447.0,0.0,105.0,89.0,27.0,31.0,629.0,32.8,29.3,1.7,0.0,0.1,0.0,52.2,44.2,1.0,1.1,0.4,4.9,650.0,533.0,16.0,0.0,0.0,0.0,56.1,3.4,2.2,0.0,1.5,25.2,2.0,0.1,0.1,0.0,0,0.2,0.0,69.3,0.0,7.1,3.6,1.8,35.6,0.0,0.2,0.1,0.0,0,0.0,5.1,407.0,66.0,38.0,15.0,16.0,311.0,0.0,3.0,0.0,33.0,0,5.0,37.0,5.27,2.69,2.08,22.7,0.19,0.08,0.07,2.4,5.79,2.69,2.11,22.1,0.17,0.08,0.06,1.91,1006.0,有,有
362,2024,200.0,51.6,0.6,0.0,0.0,1.5,4.9,41.4,45.0,0.6,11.0,0.0,0.0,7.1,33.0,422.0,6.0,0.0,67.0,0.0,41.0,522.0,56.3,29.0,3.4,0.0,0.2,4.2,66.3,56.7,1.2,13.7,0.0,9.1,413.0,647.0,29.0,125.0,0.0,38.0,52.3,1.5,6.6,2.9,0.8,42.2,0.6,0.4,0.3,6.6,0,0.8,12.2,67.0,5.8,5.6,2.1,1.0,40.3,1.2,0.0,0.0,1.4,0,0.6,0.0,592.0,71.0,18.0,45.0,18.0,254.0,17.0,1.0,3.0,40.0,0,2.0,6.0,5.39,2.72,2.1,21.1,0.31,0.08,0.08,1.9,5.79,2.46,2.2,12.3,0.19,0.07,0.07,1.15,1023.0,有,有
363,2024,303.0,33.4,0.5,0.6,10.0,1.0,4.7,45.0,61.1,0.5,7.2,0.0,0.9,1.7,37.2,526.0,0.0,116.0,78.0,34.0,0.0,274.0,59.6,43.7,2.6,19.7,0.0,0.0,35.1,37.5,0.3,0.0,0.4,11.1,631.0,183.0,33.0,0.0,0.0,87.0,22.1,0.0,2.9,1.7,0.5,27.5,0.4,0.3,0.1,5.9,0,0.1,0.0,66.0,0.0,8.1,0.0,1.1,27.8,1.5,0.5,0.0,0.6,0,0.1,0.0,656.0,83.0,41.0,65.0,0.0,214.0,1.0,1.0,2.0,131.0,0,4.0,92.0,5.25,2.77,1.97,23.9,0.33,0.09,0.08,2.0,4.06,2.89,2.2,23.4,0.2,0.07,0.03,1.77,1062.0,有,有
364,2024,413.0,29.0,0.2,0.0,0.0,1.1,5.3,21.5,57.2,0.3,9.5,6.2,2.3,3.8,25.3,281.0,0.0,0.0,29.0,22.0,66.0,534.0,73.5,51.3,1.5,19.2,0.6,1.8,46.2,43.9,1.5,0.0,0.0,11.0,639.0,642.0,36.0,0.0,0.0,0.0,64.8,4.7,3.0,4.5,1.3,24.4,1.6,0.4,0.0,0.0,0,0.3,8.0,69.4,0.0,1.6,2.9,3.3,41.2,0.0,0.4,0.1,0.0,0,0.1,0.1,390.0,56.0,50.0,21.0,0.0,277.0,0.0,5.0,0.0,65.0,0,4.0,75.0,5.21,2.73,2.0,20.7,0.31,0.06,0.07,2.6,5.79,2.89,2.2,21.2,0.2,0.09,0.06,1.2,1057.0,有,有
365,2024,575.0,56.6,0.0,2.3,8.5,2.9,1.5,32.1,60.9,0.0,5.2,5.7,0.5,6.2,8.1,251.0,0.0,45.0,12.0,2.0,57.0,339.0,59.9,23.8,2.1,0.0,0.5,0.0,7.5,27.8,2.7,0.0,0.3,11.5,614.0,671.0,0.0,0.0,0.0,51.0,53.9,6.5,0.0,0.0,0.5,16.2,0.0,0.0,0.2,0.0,0,0.1,4.9,73.1,1.6,8.3,2.3,0.0,15.6,1.8,0.0,0.0,3.2,0,0.2,5.7,694.0,0.0,61.0,32.0,10.0,358.0,0.0,4.0,0.0,0.0,0,0.0,56.0,5.19,2.7,2.05,24.0,0.19,0.09,0.09,1.8,2.56,2.37,2.2,21.5,0.23,0.08,0.04,2.04,1046.0,有,有
366,2024,1078.0,61.2,0.0,0.0,8.4,1.3,0.0,27.8,43.8,0.0,0.9,15.0,2.0,5.4,30.7,638.0,0.0,136.0,44.0,20.0,94.0,412.0,40.1,41.0,0.9,0.0,0.8,1.6,34.4,18.7,2.5,0.0,0.7,1.1,436.0,542.0,18.0,0.0,1.0,43.0,50.0,5.3,3.2,3.1,0.5,28.6,0.1,0.2,0.1,3.2,0,0.0,0.0,61.5,1.1,0.3,3.9,1.6,41.3,1.2,0.3,0.2,11.6,0,0.2,0.0,644.0,44.0,94.0,38.0,9.0,434.0,35.0,4.0,0.0,110.0,0,1.0,97.0,5.18,2.74,2.11,22.0,0.19,0.06,0.09,1.9,4.72,2.89,1.86,19.2,0.22,0.07,0.05,1.46,1063.0,有,無
367,2024,194.0,55.3,0.2,0.0,7.9,1.9,2.5,13.9,35.0,0.4,4.5,11.7,1.4,4.9,28.6,816.0,5.0,0.0,83.0,0.0,29.0,338.0,66.3,30.0,0.6,4.7,0.6,9.5,86.8,47.8,0.0,1.5,0.2,1.7,424.0,144.0,0.0,61.0,1.0,170.0,73.0,1.0,5.4,4.9,0.2,29.8,3.3,0.2,0.0,0.0,0,0.0,0.0,56.5,3.8,6.2,5.1,1.5,20.3,0.0,0.0,0.0,0.0,0,0.2,0.0,418.0,39.0,40.0,14.0,0.0,354.0,0.0,1.0,1.0,81.0,0,0.0,0.0,5.03,2.71,2.04,22.2,0.19,0.08,0.08,2.0,4.76,2.43,1.59,10.8,0.2,0.05,0.07,1.76,1007.0,有,有
368,2024,218.0,23.3,0.6,0.0,2.7,1.1,0.0,47.8,40.8,0.1,2.6,0.0,3.1,0.0,27.5,475.0,0.0,0.0,24.0,0.0,44.0,361.0,49.2,38.0,1.5,0.0,0.3,0.0,12.7,34.2,0.0,7.9,0.0,0.0,706.0,509.0,17.0,122.0,2.0,14.0,26.6,3.8,6.8,3.1,1.5,16.1,0.0,0.1,0.1,0.0,0,0.4,0.0,73.8,6.6,5.1,0.0,1.0,25.7,1.6,0.3,0.2,3.4,0,0.0,0.0,773.0,14.0,24.0,27.0,22.0,266.0,54.0,0.0,0.0,36.0,0,0.0,61.0,5.26,2.76,2.03,23.6,0.25,0.09,0.08,1.6,3.05,2.89,2.2,24.9,0.19,0.06,0.09,1.7,1057.0,有,有
369,2024,65.0,68.0,0.0,3.3,0.0,1.4,1.0,18.9,58.0,0.0,0.0,0.0,0.0,5.0,43.4,666.0,0.0,0.0,61.0,12.0,79.0,618.0,67.1,20.4,0.0,0.0,0.0,11.2,65.8,37.9,2.7,0.0,0.3,4.0,549.0,528.0,17.0,45.0,1.0,0.0,46.8,4.5,5.8,2.6,2.0,27.0,0.0,0.2,0.0,0.0,0,0.0,5.4,77.7,3.8,10.3,5.2,1.7,15.5,0.0,0.5,0.0,6.6,0,0.0,0.0,386.0,72.0,25.0,25.0,0.0,304.0,41.0,0.0,5.0,0.0,0,0.0,17.0,5.29,2.73,2.11,22.1,0.42,0.09,0.11,2.2,3.58,2.6,2.02,15.6,0.18,0.1,0.04,1.41,1065.0,有,有
370,2024,554.0,62.7,0.0,0.0,18.6,1.5,0.0,40.2,59.7,0.0,1.5,3.7,0.5,2.5,34.0,529.0,0.0,0.0,18.0,28.0,47.0,395.0,47.9,39.2,0.0,0.0,0.4,4.9,58.6,31.4,0.0,0.0,0.5,4.5,622.0,419.0,0.0,0.0,0.0,12.0,78.4,0.0,0.0,4.3,1.3,4.6,1.6,0.4,0.0,13.9,0,0.2,0.0,23.1,3.9,4.8,5.7,1.0,34.6,2.9,0.5,0.0,6.2,0,0.4,1.6,656.0,95.0,55.0,0.0,6.0,346.0,15.0,5.0,0.0,212.0,0,0.0,0.0,5.32,2.73,2.03,24.5,0.24,0.09,0.09,2.4,5.79,2.76,1.47,17.5,0.11,0.09,0.05,0.99,1130.0,有,有
371,2024,123.0,56.6,0.3,6.3,5.4,0.5,3.2,43.5,22.5,0.1,12.6,10.5,2.1,3.9,41.0,595.0,0.0,34.0,37.0,39.0,87.0,329.0,58.5,34.9,2.9,6.5,0.0,4.1,44.1,54.9,0.6,2.3,0.6,3.1,397.0,433.0,12.0,57.0,0.0,21.0,85.4,1.7,4.1,1.6,0.0,35.0,3.0,0.2,0.2,18.9,0,0.0,0.0,58.6,0.0,4.5,4.5,3.6,42.2,0.6,0.0,0.1,0.0,0,0.2,2.9,512.0,44.0,38.0,12.0,23.0,332.0,12.0,2.0,0.0,66.0,0,0.0,0.0,5.27,2.73,2.1,21.4,0.37,0.06,0.07,2.3,5.79,2.89,2.2,24.9,0.2,0.08,0.09,1.41,1080.0,有,有
372,2024,179.0,64.5,0.0,3.3,0.7,0.0,4.3,49.4,66.7,0.0,5.9,1.1,0.0,4.3,60.1,620.0,0.0,0.0,21.0,9.0,21.0,492.0,82.9,73.1,0.0,5.4,0.2,2.1,50.9,52.0,0.0,0.0,0.0,1.2,711.0,289.0,28.0,193.0,0.0,0.0,73.1,0.0,8.9,4.4,0.0,21.6,1.5,0.9,0.0,0.0,0,0.1,12.3,48.6,8.3,8.6,2.9,2.0,22.2,1.2,0.5,0.0,0.8,0,0.8,0.0,425.0,26.0,0.0,0.0,23.0,306.0,10.0,4.0,1.0,110.0,0,5.0,16.0,5.3,2.74,2.07,23.4,0.23,0.11,0.06,2.3,5.79,2.61,2.1,15.2,0.17,0.04,0.07,1.36,995.0,有,無
373,2024,964.0,65.2,0.3,0.0,1.7,1.3,5.7,30.4,31.3,0.0,0.0,9.5,3.2,7.7,38.7,531.0,5.0,0.0,44.0,26.0,26.0,256.0,61.7,24.9,1.6,0.0,0.1,0.0,51.8,46.8,0.0,9.2,0.0,10.2,596.0,249.0,0.0,31.0,3.0,36.0,69.9,1.0,1.7,0.0,1.5,15.9,0.0,0.6,0.0,0.8,0,0.0,10.8,54.3,2.6,3.7,7.1,0.0,29.3,3.1,0.0,0.0,8.0,0,1.1,1.9,557.0,77.0,2.0,28.0,5.0,229.0,17.0,0.0,0.0,38.0,0,0.0,0.0,5.29,2.73,2.0,24.0,0.19,0.08,0.07,2.1,5.79,2.44,1.94,16.4,0.24,0.07,0.05,2.15,988.0,有,有
374,2024,367.0,32.4,0.0,7.4,3.3,0.5,0.0,16.8,43.3,0.0,0.0,7.1,0.1,4.7,39.9,713.0,1.0,115.0,7.0,50.0,0.0,517.0,40.3,23.9,1.7,3.6,0.3,2.7,56.0,55.3,3.0,11.1,0.4,10.6,615.0,649.0,29.0,132.0,1.0,38.0,79.4,0.2,3.7,6.8,1.9,16.5,1.1,0.0,0.0,0.0,0,0.1,2.8,86.8,3.1,6.2,3.1,0.0,39.7,1.0,0.1,0.1,4.3,0,0.3,0.0,540.0,33.0,21.0,7.0,5.0,209.0,8.0,1.0,1.0,76.0,0,4.0,21.0,5.03,2.69,2.08,21.9,0.19,0.06,0.09,2.3,4.29,2.7,2.2,16.3,0.23,0.05,0.07,1.25,955.0,有,有
375,2024,94.0,42.1,0.6,0.0,0.0,0.8,4.4,29.3,66.1,0.0,0.0,4.7,0.0,4.3,30.9,387.0,0.0,0.0,27.0,40.0,17.0,295.0,58.8,19.0,1.1,0.0,0.1,8.5,82.7,45.2,2.4,13.3,0.9,0.0,517.0,404.0,0.0,16.0,0.0,0.0,79.9,4.8,7.2,0.0,1.3,13.8,0.0,0.0,0.2,0.0,0,0.0,0.0,55.9,4.8,7.0,0.0,0.6,34.6,0.0,0.5,0.1,2.8,0,0.0,5.4,687.0,38.0,36.0,88.0,9.0,515.0,0.0,0.0,1.0,113.0,0,0.0,23.0,5.3,2.72,2.01,21.0,0.46,0.08,0.08,2.3,4.84,1.11,2.0,20.2,0.2,0.08,0.09,1.37,1027.0,有,有
376,2024,786.0,45.0,0.1,2.8,4.8,0.1,4.5,39.6,60.8,0.3,18.2,10.0,0.1,6.0,48.9,579.0,6.0,11.0,0.0,18.0,73.0,522.0,39.8,38.7,1.7,3.2,0.1,7.6,48.6,61.7,1.7,0.0,0.3,0.0,307.0,475.0,40.0,0.0,3.0,9.0,51.0,2.9,0.0,1.6,0.0,31.7,1.5,0.0,0.0,0.0,0,0.0,3.4,75.7,3.9,6.7,0.9,0.6,31.1,0.2,0.0,0.2,1.9,0,0.0,0.0,647.0,0.0,0.0,0.0,19.0,103.0,3.0,0.0,0.0,64.0,0,4.0,0.0,5.32,2.7,2.04,21.5,0.3,0.1,0.08,1.5,5.79,2.21,2.07,22.1,0.27,0.07,0.05,1.87,1052.0,有,有
377,2024,881.0,70.8,0.0,9.5,0.0,0.0,4.0,61.4,40.1,0.6,10.0,6.3,0.2,5.0,49.5,555.0,3.0,31.0,86.0,42.0,0.0,642.0,77.1,47.6,0.8,10.0,0.4,9.2,54.5,31.7,1.9,0.0,0.0,0.0,589.0,285.0,0.0,0.0,0.0,0.0,78.9,5.5,0.0,5.2,1.4,28.7,0.0,0.2,0.0,0.0,0,0.1,5.5,30.2,3.4,2.4,2.3,2.0,34.9,0.0,0.0,0.4,0.0,0,0.3,4.0,529.0,11.0,50.0,16.0,20.0,222.0,0.0,0.0,0.0,0.0,0,5.0,0.0,5.38,2.68,2.05,21.8,0.46,0.1,0.07,2.2,5.32,2.89,1.77,24.9,0.28,0.07,0.09,1.13,1145.0,有,有
378,2024,274.0,48.9,0.1,0.0,8.6,0.0,1.5,52.1,47.6,0.3,0.0,4.2,0.0,2.2,38.3,263.0,4.0,84.0,0.0,0.0,84.0,439.0,78.0,50.3,0.9,2.6,0.0,0.0,57.7,32.2,2.9,0.0,0.0,0.0,504.0,244.0,6.0,0.0,0.0,16.0,57.7,3.7,0.3,3.4,0.0,33.5,0.9,0.0,0.0,10.8,0,0.5,7.8,44.8,4.0,2.5,6.0,1.6,30.2,2.2,0.1,0.2,0.0,0,0.0,4.6,519.0,0.0,30.0,63.0,34.0,224.0,24.0,5.0,0.0,130.0,0,0.0,31.0,5.61,2.68,2.06,23.1,0.22,0.08,0.1,2.2,5.37,2.86,2.18,16.0,0.23,0.08,0.09,1.94,1015.0,有,有
379,2024,225.0,52.0,0.1,8.9,0.5,0.0,3.5,43.7,53.2,0.5,5.1,5.0,0.0,0.0,24.1,343.0,4.0,98.0,76.0,19.0,40.0,399.0,33.7,35.9,1.1,9.2,0.1,9.1,53.1,42.7,1.4,0.0,0.0,6.8,253.0,150.0,1.0,0.0,0.0,0.0,66.4,6.8,8.6,4.6,0.3,28.6,0.0,0.4,0.0,2.2,0,0.1,0.0,56.2,4.4,0.0,3.8,0.0,27.9,1.9,0.2,0.2,6.4,0,0.1,3.9,535.0,33.0,51.0,30.0,35.0,299.0,0.0,1.0,0.0,47.0,0,3.0,0.0,5.28,2.73,2.07,23.9,0.44,0.09,0.1,1.9,4.87,2.89,2.2,22.2,0.1,0.08,0.05,1.49,1091.0,有,有
380,2024,1099.0,80.3,0.3,0.0,7.1,0.0,0.0,12.1,56.2,0.0,0.0,6.8,0.0,1.5,41.2,409.0,0.0,19.0,43.0,5.0,37.0,368.0,43.1,39.3,2.1,0.0,0.3,0.0,60.6,26.5,2.3,0.0,0.2,2.0,604.0,283.0,0.0,113.0,6.0,123.0,74.4,0.0,4.9,3.5,0.0,36.8,0.0,0.0,0.1,0.0,0,0.0,0.0,61.8,4.8,1.2,8.0,2.5,13.1,1.5,0.5,0.1,4.1,0,0.2,0.2,818.0,10.0,21.0,62.0,21.0,128.0,0.0,4.0,1.0,17.0,0,0.0,51.0,5.14,2.77,2.07,22.8,0.4,0.08,0.11,2.3,2.9,2.38,1.86,22.9,0.25,0.06,0.06,1.14,1025.0,有,有
381,2024,601.0,73.3,0.0,9.1,14.0,0.4,8.6,35.5,74.5,0.2,11.3,0.2,2.9,3.6,54.3,582.0,1.0,16.0,40.0,13.0,76.0,538.0,71.5,36.0,2.8,0.0,0.0,11.5,64.7,46.3,0.0,0.0,0.5,3.4,832.0,386.0,2.0,0.0,1.0,81.0,45.9,4.6,2.0,4.0,1.1,18.3,1.7,0.1,0.1,8.3,0,0.5,0.0,57.9,2.2,0.8,2.3,2.4,18.3,3.8,0.3,0.3,0.0,0,0.0,0.0,606.0,28.0,3.0,33.0,29.0,214.0,15.0,1.0,0.0,0.0,0,0.0,25.0,5.37,2.72,2.05,23.1,0.25,0.07,0.09,2.2,5.79,2.54,1.81,20.3,0.18,0.06,0.08,0.89,1076.0,有,有
382,2024,1026.0,71.4,0.1,0.0,3.0,1.2,0.0,20.5,40.2,0.0,0.0,0.0,0.7,14.0,61.0,627.0,3.0,16.0,36.0,14.0,34.0,531.0,63.1,48.7,0.5,0.0,0.0,8.7,55.9,38.5,2.3,1.6,0.0,15.4,690.0,508.0,28.0,110.0,0.0,31.0,62.1,0.0,0.3,2.6,0.9,32.2,0.0,0.1,0.1,11.7,0,0.2,8.5,41.8,1.5,6.4,0.2,1.8,43.9,0.0,0.4,0.2,4.0,0,0.0,14.1,866.0,36.0,78.0,28.0,0.0,182.0,16.0,2.0,0.0,0.0,0,5.0,54.0,5.06,2.76,2.06,23.9,0.19,0.08,0.1,2.1,5.79,2.89,2.2,24.9,0.25,0.08,0.05,1.42,1017.0,有,有
383,2024,699.0,14.9,0.2,4.9,11.5,0.0,1.9,19.0,38.5,0.0,2.6,6.6,2.5,0.0,21.5,552.0,3.0,0.0,0.0,23.0,47.0,393.0,54.8,48.6,0.0,0.0,0.0,13.5,76.1,33.3,0.1,0.0,0.0,2.2,863.0,713.0,17.0,0.0,0.0,81.0,51.5,0.0,1.2,9.7,1.0,34.7,1.8,0.1,0.1,4.1,0,0.6,0.0,59.2,2.4,1.9,6.8,1.5,22.2,0.0,0.5,0.5,0.0,0,0.3,0.0,558.0,87.0,53.0,0.0,0.0,466.0,46.0,3.0,0.0,0.0,0,5.0,28.0,5.31,2.73,2.09,24.4,0.33,0.07,0.07,2.0,5.74,1.85,1.73,16.9,0.21,0.09,0.03,1.45,985.0,有,有
384,2024,577.0,78.2,0.1,0.8,9.2,0.0,5.5,26.7,67.9,0.1,0.0,6.3,1.8,0.0,27.0,392.0,3.0,95.0,108.0,11.0,54.0,611.0,64.2,5.4,1.2,0.0,0.1,0.0,55.4,45.9,2.1,0.0,0.7,4.7,675.0,292.0,26.0,0.0,1.0,45.0,53.8,0.7,1.3,0.0,2.0,34.0,1.2,0.0,0.1,0.0,0,0.0,19.0,78.5,2.2,5.7,2.8,1.2,44.8,3.2,0.2,0.2,8.2,0,0.8,0.0,497.0,26.0,65.0,82.0,29.0,282.0,13.0,7.0,0.0,3.0,0,0.0,0.0,5.12,2.7,2.06,21.0,0.44,0.13,0.07,2.0,5.79,2.89,2.06,13.1,0.25,0.09,0.08,2.18,1055.0,有,有
385,2024,125.0,57.7,0.3,0.0,0.0,2.5,5.9,50.3,34.7,0.3,1.1,0.0,0.0,4.8,34.5,611.0,2.0,2.0,32.0,0.0,0.0,474.0,36.9,27.7,0.0,0.0,0.2,0.0,66.1,46.7,2.1,7.7,0.0,5.0,487.0,564.0,1.0,0.0,2.0,0.0,64.5,6.2,5.5,2.3,0.0,37.8,2.7,0.0,0.2,0.0,0,0.0,5.1,79.1,9.2,6.5,1.2,0.0,38.4,2.8,0.4,0.3,2.9,0,0.0,1.0,855.0,78.0,75.0,44.0,6.0,330.0,0.0,2.0,0.0,1.0,0,0.0,54.0,5.33,2.76,2.02,23.8,0.19,0.11,0.1,2.4,4.77,2.35,1.9,24.9,0.26,0.05,0.1,0.58,1032.0,有,有
386,2024,708.0,55.6,0.0,25.2,0.3,2.4,1.4,29.6,49.1,0.0,0.0,0.0,0.0,2.0,39.5,381.0,0.0,0.0,50.0,34.0,37.0,327.0,74.0,30.4,1.7,0.0,0.4,3.4,55.9,30.6,1.8,0.0,0.2,4.1,363.0,229.0,6.0,0.0,6.0,0.0,59.7,5.5,5.0,5.8,0.5,15.8,0.2,0.0,0.1,3.4,0,0.0,4.2,39.6,2.5,0.3,0.7,1.8,21.7,0.0,0.0,0.3,6.8,0,0.1,4.4,784.0,13.0,0.0,66.0,21.0,316.0,13.0,0.0,0.0,0.0,0,0.0,0.0,5.23,2.79,1.99,21.2,0.35,0.08,0.09,2.1,5.79,1.48,2.2,22.9,0.28,0.07,0.07,1.93,996.0,有,有
387,2024,354.0,38.4,0.0,0.0,0.0,1.7,1.4,42.8,86.8,0.4,8.5,8.3,0.0,5.7,54.5,384.0,0.0,0.0,90.0,9.0,42.0,540.0,69.0,32.7,1.6,7.4,0.4,4.1,71.7,19.4,3.5,1.5,0.2,2.2,511.0,329.0,25.0,113.0,3.0,22.0,75.6,4.4,4.3,4.2,3.0,33.9,1.7,0.1,0.0,0.0,0,0.0,9.4,43.2,7.1,7.7,3.4,2.3,33.4,2.6,0.5,0.1,5.4,0,0.1,5.0,447.0,28.0,41.0,51.0,18.0,235.0,27.0,0.0,0.0,27.0,0,0.0,115.0,5.18,2.7,2.09,22.0,0.28,0.1,0.08,2.7,3.38,2.46,2.07,24.0,0.05,0.09,0.07,1.45,1068.0,有,有
388,2024,287.0,80.1,0.4,6.6,0.9,0.8,0.0,37.6,53.0,0.0,0.0,4.1,1.8,3.4,50.4,352.0,1.0,78.0,81.0,21.0,56.0,406.0,37.1,45.3,0.7,0.0,0.0,12.3,58.2,39.0,0.0,0.2,0.3,0.0,625.0,467.0,0.0,0.0,8.0,13.0,77.8,3.8,10.4,2.4,0.0,40.9,0.1,0.1,0.0,3.9,0,0.5,4.5,56.9,0.2,2.9,0.0,1.9,31.7,0.8,0.0,0.1,0.0,0,0.0,6.0,495.0,41.0,36.0,82.0,0.0,289.0,0.0,0.0,0.0,26.0,0,5.0,0.0,5.43,2.76,2.01,22.5,0.4,0.1,0.09,2.3,5.79,2.55,2.2,22.2,0.13,0.1,0.08,1.47,1057.0,有,無
389,2024,832.0,78.8,0.1,8.1,8.2,1.9,0.0,26.8,56.8,0.0,5.5,6.0,2.6,1.2,33.7,671.0,8.0,0.0,59.0,0.0,0.0,476.0,66.9,25.9,1.8,15.1,0.3,5.9,41.6,48.0,2.6,10.6,0.5,2.6,704.0,326.0,33.0,0.0,8.0,0.0,56.4,4.4,7.0,2.8,1.2,31.2,0.0,0.1,0.1,0.0,0,0.4,13.5,28.9,4.2,2.8,0.9,0.0,40.1,2.5,0.0,0.0,0.8,0,0.7,3.7,565.0,36.0,13.0,22.0,35.0,203.0,4.0,4.0,0.0,0.0,0,0.0,103.0,5.16,2.76,2.07,22.0,0.36,0.1,0.08,1.8,4.33,2.89,2.2,24.9,0.18,0.06,0.05,1.45,1086.0,有,有
390,2024,716.0,52.1,0.0,10.4,1.2,0.0,4.2,31.8,47.3,0.3,2.3,2.9,1.1,3.8,50.3,691.0,4.0,16.0,0.0,12.0,34.0,180.0,56.9,55.1,0.0,0.0,0.1,3.2,71.8,36.4,2.9,10.3,0.2,3.3,651.0,265.0,27.0,0.0,0.0,0.0,59.2,4.7,5.1,0.0,0.2,21.1,2.0,0.6,0.0,5.4,0,0.0,10.5,37.8,5.5,4.4,0.0,0.2,32.6,1.5,0.2,0.3,0.0,0,0.3,2.8,500.0,23.0,0.0,0.0,24.0,302.0,18.0,0.0,1.0,65.0,0,7.0,50.0,5.16,2.74,2.09,22.2,0.21,0.08,0.1,2.4,4.2,2.89,1.58,22.1,0.21,0.08,0.05,1.6,1032.0,有,有
391,2024,657.0,54.2,0.1,0.0,5.8,0.0,7.6,38.4,30.8,0.1,14.0,0.0,0.0,2.8,39.4,624.0,2.0,22.0,7.0,44.0,35.0,456.0,58.2,39.3,1.7,0.0,0.2,0.0,43.0,43.1,2.9,4.1,0.0,0.4,810.0,580.0,18.0,83.0,3.0,54.0,44.6,5.7,1.4,2.6,3.4,19.0,1.0,0.0,0.0,8.6,0,0.0,2.7,70.7,3.9,1.0,1.1,0.0,34.3,0.0,0.3,0.1,18.9,0,0.1,0.2,508.0,42.0,53.0,7.0,18.0,334.0,0.0,4.0,0.0,0.0,0,2.0,106.0,5.34,2.8,2.05,24.4,0.19,0.09,0.1,2.1,4.61,2.71,2.2,24.9,0.13,0.07,0.09,1.32,1063.0,有,有
392,2024,44.0,38.3,0.3,8.3,13.0,0.0,4.1,53.0,69.7,0.2,0.0,0.0,2.8,6.0,36.6,530.0,4.0,105.0,59.0,7.0,56.0,518.0,61.6,36.0,1.5,10.9,0.2,2.5,72.3,47.3,1.3,8.0,0.5,0.0,693.0,310.0,0.0,49.0,0.0,23.0,88.7,5.2,4.6,6.1,1.5,16.7,3.2,0.1,0.0,11.3,0,0.2,0.0,48.5,5.2,7.3,4.2,1.3,37.7,1.4,0.2,0.1,0.0,0,0.0,7.4,792.0,35.0,46.0,13.0,0.0,390.0,0.0,4.0,1.0,68.0,0,1.0,0.0,5.64,2.77,1.97,20.5,0.19,0.08,0.08,1.9,5.64,1.85,2.2,20.7,0.29,0.11,0.05,1.18,1095.0,有,有
393,2024,474.0,52.1,0.1,0.0,9.6,0.0,4.7,54.5,56.5,0.8,5.3,5.7,1.3,6.7,33.0,579.0,0.0,0.0,15.0,24.0,128.0,257.0,74.3,43.5,0.5,0.0,0.0,5.7,65.7,37.1,2.5,0.0,0.4,4.0,717.0,486.0,0.0,30.0,2.0,34.0,54.6,5.5,0.4,2.0,0.0,18.6,0.0,0.5,0.3,0.0,0,0.0,0.0,62.4,2.8,2.7,5.1,2.4,16.7,1.4,0.1,0.0,1.2,0,0.1,0.0,442.0,44.0,44.0,6.0,0.0,195.0,16.0,5.0,0.0,48.0,0,0.0,53.0,5.22,2.76,1.99,21.5,0.34,0.08,0.07,1.8,5.79,2.63,1.17,18.1,0.17,0.07,0.06,1.8,1010.0,有,有
394,2024,229.0,63.7,0.1,0.0,15.0,2.4,0.0,28.8,73.6,0.0,0.0,1.4,1.0,4.0,29.3,710.0,5.0,0.0,0.0,7.0,41.0,468.0,58.1,46.3,0.1,5.4,0.0,7.0,62.9,42.0,0.5,0.0,0.3,1.0,412.0,395.0,25.0,0.0,0.0,129.0,55.3,0.0,0.0,4.0,3.2,34.5,0.6,0.2,0.0,4.3,0,0.0,18.1,32.8,2.6,0.0,2.4,0.3,25.9,0.0,0.0,0.1,0.0,0,0.0,0.0,725.0,59.0,21.0,13.0,6.0,365.0,12.0,2.0,0.0,0.0,0,1.0,134.0,5.39,2.79,2.05,21.0,0.33,0.11,0.09,2.2,5.41,2.89,1.93,24.7,0.2,0.09,0.1,1.08,1029.0,有,有
395,2024,469.0,36.4,0.2,0.0,0.4,0.0,6.8,31.7,75.6,0.0,9.5,11.5,1.2,2.7,39.7,587.0,0.0,0.0,51.0,38.0,44.0,487.0,50.9,51.3,0.0,1.2,0.1,0.0,35.5,34.2,0.9,0.0,0.5,0.0,609.0,498.0,0.0,0.0,1.0,0.0,56.0,2.5,6.0,2.7,1.0,21.1,0.2,0.0,0.0,0.0,0,0.1,0.0,35.2,6.0,4.1,3.2,0.5,24.6,0.2,0.5,0.1,0.0,0,0.3,4.4,477.0,48.0,55.0,14.0,9.0,444.0,5.0,5.0,1.0,106.0,0,3.0,0.0,5.27,2.77,1.98,23.6,0.35,0.07,0.11,2.2,4.43,2.89,1.73,14.2,0.21,0.05,0.04,1.25,1017.0,有,有
396,2024,272.0,62.8,0.0,9.5,0.0,3.1,4.0,35.0,49.3,0.0,0.0,0.0,0.0,1.7,34.5,866.0,0.0,5.0,9.0,0.0,45.0,467.0,44.0,35.1,1.4,0.0,0.4,1.1,51.6,40.0,3.2,6.9,0.0,6.7,612.0,604.0,0.0,0.0,1.0,22.0,56.5,0.0,0.0,4.2,0.2,20.7,0.0,0.0,0.0,0.0,0,0.0,1.2,58.6,1.5,2.7,4.6,1.2,37.3,2.4,0.3,0.0,0.0,0,0.2,8.3,542.0,28.0,55.0,36.0,12.0,385.0,12.0,3.0,1.0,20.0,0,0.0,40.0,5.14,2.71,2.05,21.6,0.23,0.07,0.1,2.2,5.79,2.71,1.62,24.9,0.15,0.08,0.05,1.67,1013.0,有,有
397,2024,112.0,62.0,0.0,1.4,4.2,1.4,3.2,42.6,78.4,1.0,0.0,1.3,4.3,6.0,45.1,396.0,3.0,127.0,31.0,15.0,83.0,330.0,48.8,37.4,0.0,0.0,0.0,5.1,53.7,45.7,0.6,7.9,0.6,0.0,258.0,549.0,0.0,13.0,0.0,87.0,60.9,9.2,6.5,4.4,4.1,32.8,0.7,0.5,0.1,0.0,0,0.0,4.6,61.0,7.6,0.7,7.4,0.2,40.1,4.7,0.6,0.1,2.6,0,0.0,0.0,462.0,7.0,15.0,25.0,33.0,109.0,17.0,3.0,0.0,0.0,0,5.0,0.0,5.25,2.78,2.06,22.2,0.27,0.08,0.1,2.4,5.08,2.89,1.65,22.1,0.16,0.06,0.05,2.01,1017.0,有,有
398,2024,969.0,61.8,0.0,0.0,0.0,0.2,5.9,13.5,51.7,0.6,0.0,7.0,0.0,1.0,29.9,678.0,0.0,56.0,114.0,13.0,30.0,354.0,58.7,48.6,0.0,15.4,0.0,7.6,55.9,48.4,1.4,4.8,0.2,0.0,548.0,465.0,40.0,0.0,0.0,51.0,50.8,0.0,8.1,0.0,0.0,20.8,0.6,0.7,0.0,0.0,0,0.2,0.0,56.1,3.9,4.5,5.8,1.0,35.1,0.0,0.4,0.3,6.1,0,0.3,0.0,860.0,57.0,75.0,27.0,0.0,200.0,27.0,4.0,2.0,0.0,0,0.0,0.0,5.11,2.69,2.04,22.0,0.3,0.08,0.1,1.9,5.79,1.6,2.2,17.3,0.3,0.08,0.08,1.44,1037.0,有,有
399,2024,599.0,47.5,0.0,0.0,4.2,0.6,0.0,20.8,50.3,0.0,0.0,0.0,1.7,4.5,33.8,757.0,10.0,27.0,67.0,18.0,101.0,345.0,66.2,25.3,0.5,8.0,0.5,0.0,37.2,53.9,4.7,0.0,0.2,0.2,307.0,608.0,3.0,0.0,5.0,98.0,59.0,4.0,2.9,4.5,1.6,21.6,2.0,0.3,0.0,4.5,0,0.0,0.0,73.8,4.5,7.6,4.7,0.6,38.5,0.1,0.2,0.0,1.8,0,0.1,1.4,624.0,36.0,42.0,40.0,18.0,293.0,9.0,4.0,0.0,13.0,0,5.0,0.0,5.34,2.78,2.05,22.6,0.19,0.1,0.09,2.2,4.09,2.89,1.95,24.4,0.19,0.09,0.08,1.91,1014.0,有,有
400,2024,182.0,55.8,0.0,2.3,6.8,0.0,1.6,40.1,51.4,0.3,0.0,9.1,1.3,5.5,32.4,622.0,2.0,168.0,57.0,6.0,16.0,591.0,50.2,37.6,0.0,12.7,0.6,0.0,60.9,38.2,2.1,5.9,0.0,0.0,610.0,408.0,24.0,0.0,0.0,20.0,41.5,3.3,0.7,2.5,1.5,18.2,0.0,0.2,0.1,0.0,0,0.0,3.6,49.8,5.2,6.4,4.7,3.0,37.1,0.8,0.0,0.0,2.3,0,0.1,0.0,536.0,9.0,17.0,0.0,4.0,395.0,0.0,1.0,0.0,140.0,0,4.0,0.0,5.31,2.76,2.05,22.5,0.42,0.1,0.08,2.2,3.98,2.59,2.2,19.5,0.16,0.08,0.09,1.7,998.0,有,有
401,2024,390.0,54.8,0.1,0.0,8.7,1.8,4.5,63.3,64.1,0.0,6.1,0.0,2.5,2.6,40.5,698.0,0.0,0.0,82.0,15.0,75.0,462.0,74.8,25.9,3.5,10.0,0.2,0.0,42.6,29.1,1.2,0.0,0.8,3.8,624.0,376.0,0.0,0.0,2.0,57.0,37.1,0.0,1.1,4.5,0.5,35.4,0.0,0.6,0.2,0.1,0,0.4,2.7,50.5,6.5,4.0,6.0,0.3,34.2,0.0,0.1,0.1,0.0,0,0.3,0.0,499.0,58.0,83.0,71.0,0.0,309.0,0.0,1.0,0.0,96.0,0,3.0,0.0,5.12,2.7,2.01,22.2,0.32,0.07,0.06,2.0,3.07,2.22,1.74,14.0,0.13,0.04,0.08,1.87,1034.0,有,有
402,2024,283.0,36.9,0.0,6.7,1.5,0.5,1.8,37.6,40.1,0.3,3.3,0.3,0.0,0.0,22.8,524.0,2.0,90.0,81.0,26.0,133.0,286.0,47.5,38.2,1.1,2.8,0.0,0.0,62.6,45.3,1.1,2.7,0.1,13.1,681.0,495.0,1.0,48.0,5.0,37.0,82.6,3.5,4.0,2.0,2.9,25.3,1.8,0.3,0.0,0.0,0,0.1,7.0,32.4,2.2,0.0,6.0,0.9,30.3,3.0,0.1,0.0,0.0,0,0.2,0.2,421.0,26.0,35.0,13.0,15.0,126.0,0.0,4.0,2.0,0.0,0,0.0,0.0,5.42,2.74,2.06,23.8,0.2,0.08,0.08,2.2,4.75,2.89,2.03,24.6,0.27,0.06,0.06,0.85,1028.0,有,有
403,2024,1009.0,64.4,0.2,2.0,0.0,1.7,0.0,42.4,40.9,0.6,0.0,10.2,3.2,8.0,34.0,525.0,4.0,82.0,0.0,10.0,75.0,613.0,36.8,35.7,2.5,0.0,0.4,5.2,11.7,25.7,0.0,0.0,0.0,0.0,712.0,437.0,15.0,1.0,2.0,0.0,58.0,3.1,1.1,4.4,1.7,25.9,0.2,0.5,0.1,8.7,0,0.5,0.0,71.9,5.3,1.0,3.6,1.1,27.9,3.6,0.2,0.1,3.0,0,0.0,0.0,674.0,29.0,52.0,33.0,0.0,381.0,0.0,2.0,3.0,88.0,0,2.0,67.0,5.29,2.7,2.05,22.6,0.34,0.08,0.08,2.3,3.45,2.22,2.08,24.6,0.24,0.04,0.06,2.16,983.0,有,有
404,2024,164.0,43.3,0.0,9.8,0.0,0.4,7.1,21.4,34.2,0.5,7.1,0.0,0.0,1.8,33.4,650.0,1.0,42.0,0.0,15.0,16.0,553.0,41.7,42.2,1.5,0.7,0.0,9.8,37.8,28.8,0.0,2.4,0.2,0.0,551.0,641.0,0.0,0.0,0.0,83.0,62.8,4.1,6.6,3.7,1.7,28.4,0.0,0.3,0.3,0.0,0,0.0,8.6,52.7,1.2,0.0,8.4,0.7,29.0,1.9,0.0,0.2,0.0,0,0.5,6.8,368.0,57.0,84.0,0.0,13.0,300.0,33.0,8.0,3.0,64.0,0,0.0,0.0,5.21,2.71,1.99,21.8,0.25,0.09,0.1,2.5,5.2,2.89,1.63,24.9,0.17,0.04,0.06,1.37,1072.0,有,有
405,2024,291.0,72.0,0.0,1.1,2.5,2.0,6.6,63.7,59.6,0.0,15.5,0.0,1.0,2.3,19.1,620.0,0.0,82.0,49.0,9.0,5.0,63.0,58.1,5.4,0.7,10.8,0.6,1.6,53.7,37.5,3.1,8.5,0.4,6.1,317.0,309.0,0.0,0.0,3.0,0.0,47.4,4.7,0.6,0.0,0.0,35.6,0.0,0.5,0.0,0.3,0,0.0,6.8,51.9,1.2,3.2,0.1,0.3,20.2,3.5,0.4,0.0,0.4,0,0.2,0.3,424.0,0.0,82.0,48.0,34.0,301.0,0.0,4.0,0.0,0.0,0,0.0,0.0,5.46,2.76,1.98,23.2,0.33,0.09,0.09,1.6,4.6,2.7,1.18,23.8,0.16,0.06,0.06,1.04,1081.0,有,有
406,2024,894.0,56.0,0.3,0.0,0.0,0.0,5.5,34.5,42.6,0.0,2.5,5.7,2.5,9.5,26.4,450.0,2.0,29.0,0.0,1.0,0.0,573.0,58.4,30.9,1.5,0.0,0.0,7.5,42.8,22.1,0.0,0.0,0.0,0.0,705.0,292.0,0.0,81.0,0.0,68.0,88.7,7.6,7.7,4.8,1.1,13.3,0.0,0.2,0.0,4.9,0,0.4,0.0,46.8,5.7,5.1,5.2,0.5,23.0,1.2,0.0,0.0,5.5,0,0.0,9.1,547.0,53.0,0.0,113.0,0.0,294.0,17.0,3.0,0.0,0.0,0,1.0,0.0,5.28,2.74,2.0,21.0,0.45,0.07,0.08,2.2,5.38,2.0,1.52,22.4,0.19,0.08,0.11,1.14,1017.0,有,有
407,2024,552.0,82.9,0.0,0.0,6.0,2.0,5.4,48.0,33.9,0.0,0.0,4.3,2.6,2.5,19.4,175.0,0.0,0.0,111.0,15.0,0.0,542.0,49.2,24.9,1.0,0.0,0.6,14.3,52.5,27.4,1.4,5.3,0.0,0.0,431.0,514.0,0.0,39.0,0.0,0.0,88.1,0.0,0.7,0.0,0.0,19.2,1.4,0.0,0.0,5.4,0,0.1,8.8,59.4,8.1,1.9,0.9,0.0,39.2,3.3,0.0,0.0,0.0,0,0.4,3.4,389.0,0.0,49.0,25.0,0.0,262.0,40.0,4.0,0.0,33.0,0,0.0,0.0,5.45,2.72,2.05,24.3,0.29,0.08,0.09,2.3,1.51,2.89,1.94,18.3,0.17,0.06,0.08,1.86,1090.0,有,有
408,2024,739.0,49.8,0.4,0.0,0.0,0.0,0.3,33.3,56.3,0.0,0.0,11.8,0.0,2.3,17.5,421.0,0.0,0.0,0.0,23.0,44.0,359.0,45.7,34.5,1.0,0.0,0.2,0.7,55.2,55.4,2.7,6.9,0.0,5.7,605.0,601.0,28.0,91.0,3.0,0.0,35.8,1.3,3.5,1.3,3.0,28.4,2.0,0.3,0.1,0.0,0,0.4,0.0,40.1,2.6,1.2,4.0,0.0,22.5,0.5,0.0,0.0,5.1,0,0.2,1.4,726.0,13.0,16.0,33.0,5.0,167.0,25.0,6.0,2.0,0.0,0,4.0,0.0,5.14,2.74,2.08,22.2,0.26,0.08,0.07,1.7,4.49,2.89,2.2,24.9,0.22,0.07,0.06,1.92,1028.0,有,有
409,2024,567.0,46.2,0.1,4.1,5.6,0.0,6.3,39.6,72.5,0.8,7.4,6.5,1.0,4.5,39.2,683.0,5.0,80.0,0.0,25.0,34.0,443.0,63.1,36.8,2.8,5.1,0.0,5.1,38.0,41.7,2.5,0.0,0.3,6.7,459.0,386.0,24.0,35.0,4.0,47.0,67.1,2.5,2.9,0.5,1.0,23.1,0.2,0.5,0.1,0.0,0,0.0,0.0,57.5,2.3,3.4,1.4,1.7,36.8,0.4,0.3,0.1,3.5,0,0.0,1.9,632.0,20.0,34.0,17.0,10.0,278.0,27.0,2.0,4.0,0.0,0,7.0,0.0,5.25,2.72,2.04,24.7,0.28,0.09,0.08,2.5,5.65,2.89,2.2,21.2,0.21,0.07,0.06,0.79,1100.0,有,有
410,2024,453.0,51.4,0.0,3.3,0.0,0.4,3.7,48.9,40.2,0.3,0.0,0.8,1.0,2.4,38.2,781.0,2.0,0.0,0.0,10.0,87.0,478.0,36.5,42.6,0.0,0.0,0.0,9.7,42.4,47.6,2.9,0.0,0.2,13.9,507.0,340.0,7.0,0.0,1.0,61.0,86.5,8.8,6.8,6.0,0.2,35.1,0.0,0.4,0.0,0.0,0,0.3,1.7,74.8,2.3,4.3,4.3,0.6,41.9,2.2,0.1,0.0,1.5,0,0.0,7.8,551.0,32.0,54.0,25.0,0.0,389.0,10.0,1.0,4.0,15.0,0,0.0,0.0,5.11,2.79,2.04,21.5,0.21,0.09,0.08,2.3,1.99,2.32,2.16,14.9,0.26,0.05,0.04,1.64,1068.0,有,有
411,2024,45.0,53.0,0.0,2.0,13.5,1.4,2.4,29.2,55.1,0.4,9.9,1.3,1.8,1.0,36.5,548.0,4.0,89.0,90.0,41.0,69.0,420.0,42.0,48.4,1.0,0.0,0.0,0.0,39.6,31.9,2.6,2.8,0.2,0.0,664.0,563.0,34.0,119.0,0.0,68.0,60.1,2.7,3.9,4.4,0.5,6.6,0.7,0.2,0.0,13.5,0,0.0,0.0,29.8,1.4,5.6,0.0,0.0,29.2,1.9,0.0,0.1,0.0,0,0.1,6.2,733.0,0.0,50.0,0.0,25.0,456.0,8.0,4.0,4.0,37.0,0,7.0,16.0,5.39,2.76,2.05,21.7,0.25,0.09,0.08,2.3,5.08,2.71,1.04,19.1,0.27,0.09,0.06,1.7,1044.0,有,無
412,2024,640.0,24.5,0.0,7.7,0.0,2.0,3.4,38.5,47.5,0.3,2.6,16.6,0.0,4.6,29.5,746.0,7.0,64.0,81.0,0.0,78.0,331.0,77.4,31.9,2.8,5.7,0.0,4.9,44.3,41.2,0.1,0.0,0.3,3.4,649.0,675.0,0.0,84.0,0.0,0.0,28.3,3.0,2.6,1.3,0.3,27.8,0.0,0.0,0.0,15.3,0,0.6,0.0,42.9,3.6,4.5,0.0,1.6,38.4,2.4,0.2,0.0,5.3,0,0.3,0.0,708.0,42.0,39.0,63.0,9.0,360.0,16.0,5.0,0.0,2.0,0,2.0,58.0,5.11,2.74,2.03,25.7,0.19,0.09,0.09,2.4,4.95,1.78,2.18,23.9,0.22,0.06,0.05,1.35,1089.0,有,有
413,2024,501.0,46.3,0.1,0.0,0.9,0.0,4.8,24.8,33.3,0.0,3.5,5.3,0.0,5.4,38.8,564.0,0.0,0.0,82.0,10.0,12.0,458.0,72.6,38.1,1.2,1.9,0.4,0.0,32.1,35.9,2.3,9.7,0.5,1.1,711.0,577.0,13.0,0.0,0.0,129.0,67.4,6.1,2.2,1.5,0.0,14.6,1.9,0.0,0.0,0.0,0,0.0,3.5,74.2,5.8,2.1,5.9,0.3,27.8,1.0,0.3,0.0,0.0,0,0.1,9.2,503.0,67.0,62.0,24.0,3.0,195.0,12.0,5.0,0.0,137.0,0,7.0,45.0,5.23,2.69,2.04,20.2,0.19,0.09,0.09,2.2,4.2,2.89,1.41,24.9,0.25,0.06,0.05,1.76,1046.0,有,有
414,2024,1096.0,38.4,0.1,0.0,0.0,1.5,10.0,41.8,52.0,0.1,0.0,10.3,1.2,1.2,32.3,680.0,4.0,0.0,54.0,0.0,5.0,187.0,71.0,38.5,1.3,0.0,0.2,12.3,43.5,46.3,0.5,0.0,0.0,0.0,655.0,417.0,0.0,0.0,3.0,36.0,52.8,5.3,9.6,1.4,1.2,31.5,2.8,0.2,0.0,9.4,0,0.6,12.4,54.1,2.0,5.3,6.7,1.6,24.3,0.4,0.2,0.0,0.0,0,0.2,7.8,498.0,40.0,104.0,55.0,30.0,436.0,20.0,1.0,1.0,0.0,0,0.0,0.0,5.3,2.68,2.07,23.1,0.31,0.08,0.08,2.1,2.72,2.11,2.2,20.6,0.15,0.09,0.1,1.12,1049.0,有,有
415,2024,203.0,50.7,0.0,10.7,13.7,0.9,0.0,19.4,64.4,0.0,0.0,6.1,0.1,1.6,29.3,358.0,0.0,0.0,58.0,24.0,5.0,424.0,67.0,39.9,1.3,0.0,0.2,8.2,46.9,59.7,0.5,1.7,0.5,0.0,497.0,421.0,16.0,54.0,2.0,138.0,68.1,2.3,4.4,0.4,1.7,31.3,0.7,0.3,0.0,3.8,0,0.5,8.4,55.7,2.4,5.9,4.1,1.1,34.1,0.9,0.0,0.0,0.0,0,0.2,1.5,535.0,40.0,3.0,0.0,1.0,180.0,13.0,3.0,5.0,27.0,0,2.0,74.0,5.31,2.72,2.02,19.2,0.34,0.08,0.07,1.9,5.74,2.78,2.2,16.8,0.15,0.04,0.07,1.8,1092.0,有,有
416,2024,313.0,43.0,0.0,7.1,3.6,0.7,5.3,23.8,75.6,0.0,6.4,2.1,0.0,2.8,38.5,576.0,2.0,94.0,14.0,20.0,42.0,338.0,49.5,22.1,1.2,5.8,0.0,1.1,55.1,44.5,0.0,9.9,0.0,6.8,772.0,515.0,37.0,79.0,5.0,119.0,40.3,6.9,6.9,9.3,1.3,32.4,0.0,0.3,0.2,4.8,0,0.0,5.4,52.4,1.6,4.6,4.4,1.9,34.1,0.0,0.0,0.2,6.8,0,0.4,7.2,450.0,51.0,15.0,0.0,0.0,336.0,0.0,2.0,0.0,0.0,0,8.0,0.0,5.25,2.75,2.01,24.0,0.37,0.08,0.07,2.3,5.79,2.89,1.92,24.9,0.26,0.05,0.05,1.62,1040.0,有,有
417,2024,1020.0,60.5,0.2,0.0,7.6,0.0,5.7,33.4,65.2,0.3,4.8,0.5,1.4,1.2,29.4,824.0,0.0,0.0,0.0,40.0,25.0,174.0,46.8,36.8,1.7,5.9,0.0,7.0,44.0,16.7,0.0,8.5,0.4,13.2,598.0,337.0,0.0,0.0,4.0,11.0,88.7,4.6,0.0,4.8,0.9,25.8,0.0,0.6,0.2,0.0,0,0.0,0.0,75.5,0.9,1.2,6.7,0.3,29.1,1.4,0.5,0.4,12.1,0,0.4,11.4,648.0,0.0,0.0,42.0,0.0,288.0,0.0,8.0,3.0,90.0,0,0.0,80.0,5.43,2.78,2.02,23.2,0.34,0.07,0.08,2.0,4.48,2.45,1.37,19.2,0.19,0.07,0.1,1.57,998.0,有,有
418,2024,439.0,71.8,0.4,4.3,0.0,1.0,0.0,31.9,26.3,0.5,0.0,0.0,1.5,4.9,20.4,651.0,0.0,0.0,0.0,5.0,0.0,605.0,65.5,48.3,1.7,0.0,0.3,0.0,61.2,40.7,1.7,0.0,0.5,0.0,774.0,411.0,0.0,128.0,0.0,23.0,51.0,0.0,6.8,1.6,1.1,32.5,0.8,0.1,0.0,6.4,0,0.5,14.1,35.4,4.6,8.3,0.2,1.2,42.7,1.9,0.0,0.2,12.5,0,0.6,0.5,591.0,78.0,49.0,3.0,33.0,230.0,0.0,4.0,2.0,0.0,0,2.0,25.0,5.29,2.77,1.98,22.7,0.26,0.11,0.1,1.9,5.55,2.89,1.67,24.4,0.22,0.08,0.1,1.61,1116.0,有,有
419,2024,877.0,63.6,0.2,6.0,13.2,2.0,2.9,26.6,51.7,0.4,0.0,5.1,0.9,1.1,35.0,602.0,0.0,0.0,97.0,39.0,56.0,455.0,36.7,52.1,3.0,4.6,0.1,10.7,56.1,54.5,1.1,8.0,0.3,0.0,515.0,523.0,0.0,0.0,8.0,37.0,69.3,3.5,6.1,4.0,2.3,23.0,1.6,0.0,0.1,3.5,0,0.1,4.0,58.3,6.4,5.2,3.0,2.5,24.1,1.7,0.1,0.0,2.2,0,0.2,8.6,479.0,0.0,84.0,49.0,39.0,237.0,40.0,5.0,1.0,73.0,0,0.0,83.0,5.5,2.71,2.03,23.0,0.46,0.11,0.1,1.9,4.78,2.54,1.57,17.2,0.21,0.04,0.08,1.74,1093.0,有,有
420,2024,781.0,50.4,0.0,3.3,0.0,2.5,3.6,35.4,56.2,0.1,1.1,2.5,0.0,4.8,35.6,416.0,0.0,0.0,0.0,12.0,18.0,629.0,60.3,42.0,0.4,3.2,0.0,3.1,35.0,28.9,1.7,0.0,0.3,0.0,339.0,384.0,15.0,8.0,3.0,0.0,58.2,4.6,0.8,2.0,0.9,35.4,0.5,0.1,0.0,1.9,0,0.2,5.4,61.0,0.0,0.1,1.9,0.0,38.8,0.0,0.5,0.2,12.2,0,0.3,6.0,325.0,75.0,58.0,8.0,0.0,229.0,23.0,2.0,0.0,0.0,0,0.0,75.0,5.33,2.74,2.02,22.4,0.28,0.1,0.1,2.0,3.72,1.75,1.58,24.9,0.16,0.07,0.09,1.69,1059.0,有,有
421,2024,646.0,61.5,0.0,8.5,8.1,0.0,7.9,46.9,61.2,0.0,0.0,0.0,1.7,4.1,32.8,487.0,3.0,69.0,52.0,0.0,21.0,469.0,28.3,42.3,0.0,0.0,0.0,4.0,79.5,14.8,1.1,0.0,0.1,6.9,247.0,635.0,3.0,63.0,0.0,0.0,69.7,4.8,4.8,0.8,1.0,28.6,0.0,0.3,0.1,7.0,0,0.0,0.0,52.7,1.8,2.3,2.7,1.9,50.9,0.0,0.2,0.2,5.4,0,0.2,3.1,687.0,13.0,0.0,34.0,18.0,498.0,36.0,3.0,0.0,0.0,0,1.0,50.0,5.37,2.75,2.07,21.2,0.29,0.09,0.08,2.4,3.49,2.39,1.99,20.2,0.22,0.06,0.04,0.97,1060.0,有,有
422,2024,486.0,60.8,0.1,0.0,11.7,1.0,6.0,42.6,51.1,0.3,14.4,2.4,2.9,1.2,18.0,625.0,2.0,0.0,30.0,25.0,48.0,554.0,51.0,52.3,0.2,0.4,0.4,0.0,47.8,20.0,3.0,0.0,0.2,13.5,866.0,553.0,0.0,0.0,0.0,112.0,61.4,2.7,4.4,3.7,0.0,21.5,2.1,0.3,0.0,14.5,0,0.2,11.0,40.6,0.0,4.3,0.0,0.3,22.5,0.3,0.0,0.2,0.0,0,0.0,1.7,630.0,35.0,8.0,15.0,32.0,464.0,15.0,4.0,0.0,61.0,0,0.0,55.0,5.48,2.77,2.0,22.0,0.41,0.09,0.07,1.8,4.42,2.23,1.26,24.9,0.13,0.07,0.07,1.98,1000.0,有,有
423,2024,929.0,65.3,0.7,0.0,11.2,0.1,0.0,48.0,53.2,0.0,8.1,0.8,1.3,0.0,46.8,553.0,0.0,68.0,44.0,4.0,0.0,415.0,70.1,31.6,0.5,0.0,0.0,0.0,68.3,42.6,0.0,0.0,0.1,2.6,801.0,378.0,14.0,0.0,2.0,102.0,49.6,6.7,0.5,4.9,1.5,22.2,1.4,0.0,0.3,0.0,0,0.3,3.0,39.8,5.7,10.1,3.3,0.0,27.2,1.1,0.2,0.0,0.8,0,0.6,0.0,702.0,0.0,0.0,18.0,15.0,487.0,0.0,0.0,1.0,0.0,0,2.0,0.0,5.16,2.77,1.98,20.1,0.3,0.1,0.07,2.4,4.63,2.23,2.2,24.9,0.18,0.04,0.06,1.49,1052.0,有,有
424,2024,560.0,36.0,0.6,2.5,3.8,0.0,3.7,37.5,46.4,0.0,0.0,2.9,3.2,3.3,49.6,605.0,0.0,0.0,64.0,14.0,0.0,314.0,50.6,14.8,0.0,8.6,0.0,0.7,53.0,44.4,4.1,0.0,0.0,1.7,583.0,531.0,28.0,109.0,2.0,0.0,62.4,6.5,0.0,3.7,0.1,33.8,0.0,0.4,0.0,6.8,0,0.4,5.7,50.3,4.4,2.8,3.4,2.8,32.2,3.0,0.0,0.0,0.0,0,0.0,2.2,517.0,53.0,100.0,0.0,0.0,384.0,24.0,2.0,5.0,196.0,0,0.0,96.0,5.24,2.7,2.12,22.9,0.43,0.1,0.08,2.3,5.65,2.55,2.2,24.1,0.25,0.05,0.06,1.69,1067.0,有,有
425,2024,961.0,60.3,0.0,13.0,0.0,2.1,4.6,51.3,68.1,0.0,0.0,2.7,0.0,9.0,50.1,831.0,0.0,154.0,132.0,29.0,71.0,492.0,69.1,40.2,0.0,2.9,0.0,0.7,69.7,22.9,2.1,0.0,0.2,0.3,564.0,489.0,6.0,83.0,2.0,37.0,41.3,4.3,6.8,5.9,2.1,26.3,0.0,0.3,0.1,0.0,0,0.3,0.0,66.2,2.3,7.4,0.2,3.3,32.0,1.3,0.0,0.2,0.0,0,0.8,0.0,496.0,16.0,119.0,30.0,0.0,215.0,6.0,1.0,3.0,20.0,0,10.0,0.0,5.28,2.73,2.01,21.5,0.33,0.1,0.08,1.8,4.66,1.91,1.44,22.8,0.13,0.02,0.08,1.42,1082.0,有,有
426,2024,649.0,65.4,0.0,6.0,0.0,1.2,2.4,30.6,51.6,0.0,2.5,4.5,1.5,0.6,22.3,492.0,9.0,91.0,33.0,2.0,42.0,292.0,62.2,33.9,0.2,3.0,0.0,0.2,57.9,34.7,0.0,0.9,0.3,5.9,541.0,402.0,14.0,0.0,6.0,7.0,51.9,9.1,2.1,3.0,1.9,11.9,0.0,0.8,0.3,0.0,0,0.0,0.0,53.6,6.6,3.9,4.0,0.0,24.0,2.4,0.4,0.0,4.9,0,0.5,0.0,445.0,51.0,102.0,0.0,37.0,174.0,0.0,2.0,0.0,137.0,0,0.0,16.0,5.2,2.68,2.0,22.2,0.43,0.09,0.08,2.1,4.01,2.89,1.47,21.8,0.26,0.06,0.04,2.01,1121.0,有,有
427,2024,471.0,69.8,0.3,15.2,0.7,0.3,3.6,33.1,53.2,0.0,0.0,4.4,1.1,0.0,36.4,866.0,0.0,62.0,56.0,37.0,45.0,259.0,41.8,36.4,0.5,0.0,0.0,5.0,45.8,24.7,0.0,3.5,0.5,4.4,623.0,405.0,0.0,21.0,5.0,105.0,67.5,2.5,7.7,3.8,1.5,20.4,2.3,0.0,0.3,8.2,0,0.5,5.8,51.1,4.3,6.5,1.4,2.1,25.0,1.6,0.5,0.1,0.0,0,0.7,1.6,757.0,63.0,73.0,74.0,23.0,297.0,10.0,0.0,2.0,0.0,0,2.0,0.0,5.2,2.74,2.06,22.6,0.38,0.1,0.06,2.1,5.79,2.18,1.7,22.2,0.19,0.03,0.07,0.97,1100.0,有,有
428,2024,1027.0,57.8,0.0,0.2,8.1,0.2,2.9,21.4,34.4,0.0,1.4,0.0,4.6,3.0,58.1,795.0,0.0,0.0,4.0,50.0,59.0,481.0,57.6,28.4,0.5,0.0,0.2,2.8,65.7,59.9,1.4,4.3,0.1,4.5,525.0,468.0,38.0,0.0,5.0,57.0,79.4,6.4,5.3,0.0,0.0,12.9,0.0,0.3,0.3,0.0,0,0.0,2.9,58.7,0.0,4.1,3.3,2.8,24.4,0.0,0.0,0.1,0.0,0,0.1,3.5,446.0,0.0,85.0,68.0,1.0,253.0,0.0,1.0,0.0,0.0,0,8.0,17.0,5.21,2.76,2.06,21.3,0.25,0.09,0.11,2.1,3.92,2.89,2.2,16.5,0.18,0.07,0.07,1.02,1034.0,有,有
429,2024,582.0,52.5,0.0,10.0,10.7,0.7,7.0,52.2,73.3,0.1,0.0,7.8,0.0,0.0,46.2,363.0,5.0,193.0,0.0,36.0,63.0,489.0,63.5,35.8,0.8,2.5,0.0,13.2,29.7,41.9,1.5,5.1,0.2,0.0,475.0,465.0,0.0,0.0,5.0,139.0,52.6,0.9,0.0,1.8,0.0,33.8,0.0,0.3,0.0,0.0,0,0.1,4.1,66.6,4.0,3.9,5.1,3.3,22.7,2.8,0.3,0.0,0.0,0,0.7,4.5,635.0,29.0,71.0,23.0,31.0,234.0,0.0,2.0,2.0,79.0,0,1.0,7.0,5.12,2.68,2.05,20.7,0.33,0.08,0.09,1.6,5.49,2.89,2.0,20.3,0.27,0.05,0.07,1.72,1013.0,有,有
430,2024,960.0,69.9,0.0,11.1,2.8,0.0,5.0,16.0,69.3,0.2,1.4,0.3,0.0,9.0,56.5,472.0,5.0,51.0,45.0,0.0,66.0,407.0,33.6,44.4,0.5,0.0,0.2,15.1,59.9,48.3,0.1,0.0,0.0,9.2,585.0,378.0,45.0,0.0,0.0,124.0,42.3,9.3,2.6,1.8,0.8,29.5,0.8,0.0,0.2,0.0,0,0.0,0.0,42.1,1.5,4.0,1.9,4.2,17.9,0.9,0.0,0.0,5.4,0,0.2,10.9,503.0,49.0,51.0,0.0,0.0,431.0,25.0,2.0,0.0,0.0,0,5.0,80.0,5.22,2.79,2.02,21.3,0.33,0.09,0.08,1.9,5.34,2.01,1.86,20.9,0.25,0.08,0.09,1.07,1007.0,有,有
431,2024,798.0,67.2,0.6,6.1,0.0,1.2,11.2,38.3,48.3,0.0,0.0,0.0,3.0,1.4,30.7,516.0,4.0,47.0,0.0,17.0,6.0,441.0,32.4,47.0,1.4,0.0,0.0,5.1,37.2,62.2,1.4,13.9,0.0,4.2,710.0,553.0,24.0,13.0,3.0,0.0,49.6,1.6,6.8,0.2,0.0,18.0,0.0,0.0,0.0,0.0,0,0.3,0.0,48.0,4.0,4.7,2.3,2.3,29.7,0.0,0.5,0.0,0.0,0,0.1,6.0,376.0,36.0,58.0,42.0,25.0,390.0,14.0,4.0,0.0,0.0,0,0.0,52.0,5.13,2.77,1.99,23.3,0.24,0.1,0.09,2.2,4.26,2.89,2.2,18.3,0.14,0.06,0.05,1.1,1041.0,有,有
432,2024,1054.0,62.1,0.0,9.8,19.2,0.0,0.6,9.2,51.7,0.7,0.0,5.1,4.6,3.4,44.0,413.0,1.0,36.0,0.0,22.0,0.0,530.0,64.5,24.8,0.8,2.5,0.0,0.0,54.5,23.6,2.2,4.7,0.4,8.6,754.0,368.0,17.0,35.0,3.0,123.0,65.7,0.1,6.7,1.5,3.1,18.2,1.4,0.1,0.0,0.0,0,0.0,3.7,46.8,2.2,5.1,5.0,0.4,7.2,0.8,0.6,0.2,1.9,0,0.0,0.0,573.0,43.0,46.0,57.0,0.0,342.0,31.0,7.0,0.0,0.0,0,5.0,98.0,5.18,2.69,2.03,20.2,0.32,0.08,0.08,1.9,3.17,2.27,1.69,17.6,0.26,0.09,0.05,1.14,1028.0,有,無
433,2024,485.0,44.5,0.3,10.4,2.5,0.0,3.5,49.1,62.3,0.1,0.0,0.0,3.3,3.5,31.0,699.0,1.0,0.0,0.0,22.0,53.0,186.0,60.9,46.0,1.2,0.1,0.0,16.9,40.9,47.7,3.6,4.5,0.0,7.1,837.0,327.0,34.0,3.0,0.0,39.0,56.9,0.7,2.5,3.8,0.1,26.6,1.4,0.1,0.0,5.4,0,0.0,6.9,59.5,4.2,5.2,0.3,3.1,29.3,0.0,0.1,0.1,2.7,0,0.0,1.0,667.0,0.0,56.0,30.0,0.0,246.0,4.0,1.0,0.0,92.0,0,3.0,44.0,5.16,2.79,2.01,21.8,0.21,0.08,0.11,1.7,4.69,2.69,1.95,20.1,0.21,0.07,0.06,0.92,1034.0,有,有
434,2024,1094.0,68.5,0.2,13.0,0.0,1.2,7.5,27.0,46.2,0.1,0.3,0.0,4.1,0.0,51.1,745.0,4.0,21.0,75.0,9.0,71.0,414.0,28.1,25.8,1.3,10.3,0.5,0.0,68.2,45.5,0.0,9.0,0.3,2.2,349.0,365.0,3.0,121.0,1.0,0.0,66.7,0.0,0.7,0.0,2.5,15.0,0.0,0.2,0.1,2.8,0,0.1,5.4,56.4,6.9,2.5,1.0,1.5,13.1,0.0,0.0,0.0,0.0,0,0.0,21.1,678.0,1.0,79.0,27.0,10.0,212.0,34.0,0.0,1.0,25.0,0,3.0,27.0,5.3,2.67,2.04,23.9,0.25,0.07,0.08,1.9,5.22,2.89,2.12,17.5,0.23,0.07,0.06,1.68,1089.0,有,有
435,2024,325.0,59.9,0.4,1.6,3.3,0.0,0.2,44.1,81.4,0.0,11.5,4.9,0.0,4.6,34.9,227.0,4.0,0.0,88.0,20.0,61.0,597.0,45.1,37.4,1.8,0.4,0.0,4.5,48.1,47.4,2.4,5.4,0.6,8.9,626.0,398.0,3.0,53.0,1.0,18.0,76.1,8.5,1.6,3.4,3.4,13.6,1.1,0.3,0.0,3.0,0,0.0,3.0,37.8,7.5,0.0,4.4,2.8,33.8,0.1,0.5,0.1,0.0,0,0.0,0.0,577.0,12.0,48.0,57.0,0.0,436.0,46.0,0.0,0.0,23.0,0,1.0,6.0,5.18,2.73,2.06,21.5,0.24,0.07,0.11,2.3,4.34,2.89,1.89,24.5,0.12,0.05,0.09,2.0,1099.0,有,有
436,2024,1007.0,59.9,0.3,0.1,1.5,0.6,4.5,51.0,54.0,0.0,0.0,11.8,0.0,3.7,52.0,507.0,5.0,98.0,66.0,13.0,0.0,212.0,50.6,44.8,0.7,2.0,0.4,0.0,63.1,39.1,0.0,1.5,0.2,6.4,591.0,327.0,17.0,108.0,0.0,0.0,58.2,1.4,0.2,6.9,2.2,14.4,0.7,0.4,0.0,10.8,0,0.2,7.7,40.7,7.3,8.7,0.0,0.8,42.7,2.3,0.0,0.1,0.0,0,0.0,1.3,741.0,0.0,64.0,38.0,25.0,332.0,8.0,3.0,0.0,74.0,0,1.0,0.0,5.07,2.73,2.04,22.5,0.29,0.09,0.09,2.1,5.3,2.03,2.2,17.5,0.16,0.07,0.1,1.72,1069.0,有,有
437,2024,675.0,26.4,0.1,6.2,12.9,1.9,6.1,48.5,50.0,0.3,0.0,6.6,0.7,3.1,45.1,465.0,2.0,38.0,6.0,7.0,52.0,276.0,43.9,69.2,1.6,17.2,0.4,0.0,59.6,30.5,3.5,0.0,0.2,0.0,549.0,550.0,22.0,24.0,0.0,0.0,60.5,0.2,0.0,1.8,2.0,21.8,0.0,0.5,0.0,3.3,0,0.0,2.5,73.8,0.0,0.0,4.7,0.0,28.9,0.0,0.1,0.0,6.2,0,0.7,3.2,830.0,41.0,57.0,13.0,4.0,349.0,12.0,2.0,1.0,0.0,0,0.0,39.0,5.37,2.75,1.97,22.6,0.31,0.1,0.09,2.3,5.79,2.89,1.67,20.9,0.13,0.09,0.06,1.23,1056.0,有,有
438,2024,319.0,62.2,0.0,0.0,6.1,1.2,2.4,49.1,61.0,0.1,2.4,0.8,2.5,0.0,44.3,491.0,6.0,20.0,54.0,35.0,0.0,532.0,50.2,16.0,0.0,1.5,0.2,11.3,62.8,37.6,1.0,0.0,0.0,0.0,866.0,450.0,17.0,0.0,7.0,100.0,55.2,4.4,0.0,5.2,0.0,31.1,0.0,0.6,0.2,6.9,0,0.0,1.4,72.1,1.8,5.4,0.0,2.4,30.6,1.1,0.6,0.1,0.7,0,0.0,7.0,723.0,48.0,1.0,15.0,0.0,357.0,6.0,1.0,0.0,14.0,0,4.0,22.0,5.27,2.78,2.09,21.6,0.2,0.09,0.09,1.7,3.5,2.89,1.82,19.4,0.2,0.06,0.08,0.74,1037.0,有,有
439,2024,430.0,73.3,0.0,2.1,3.5,0.0,2.0,41.7,27.5,0.2,10.7,0.0,0.0,2.5,37.7,222.0,4.0,146.0,0.0,3.0,25.0,287.0,88.7,24.1,2.1,7.5,0.4,10.9,46.8,31.9,2.6,0.0,0.0,3.9,646.0,480.0,35.0,6.0,1.0,77.0,57.9,1.3,0.1,0.0,0.7,29.1,0.6,0.0,0.0,3.3,0,0.0,2.5,37.4,2.3,5.9,3.5,0.0,25.1,0.0,0.0,0.1,0.4,0,0.2,0.0,727.0,72.0,6.0,0.0,21.0,382.0,16.0,0.0,0.0,0.0,0,9.0,0.0,5.4,2.76,1.96,24.0,0.25,0.1,0.09,1.9,5.79,1.89,2.2,20.7,0.18,0.03,0.08,0.67,1017.0,有,有
440,2024,714.0,43.3,0.0,4.2,6.9,0.2,0.4,49.5,86.8,0.1,0.0,0.0,0.0,5.4,33.6,651.0,2.0,0.0,49.0,0.0,51.0,398.0,12.9,40.0,2.4,10.5,0.3,10.6,40.7,48.9,0.0,13.5,0.0,6.0,755.0,380.0,6.0,0.0,4.0,35.0,69.8,1.3,3.9,3.7,0.0,19.7,0.0,0.5,0.0,0.1,0,0.3,0.0,39.4,1.0,3.4,2.3,1.3,37.3,1.2,0.2,0.0,0.0,0,0.0,5.7,802.0,2.0,46.0,0.0,29.0,334.0,19.0,1.0,4.0,53.0,0,5.0,0.0,5.17,2.8,1.92,22.1,0.3,0.07,0.08,2.5,5.63,2.41,1.95,24.3,0.23,0.09,0.06,1.69,1165.0,有,有
441,2024,883.0,53.4,0.4,4.9,2.5,0.6,5.9,28.2,40.1,0.6,0.0,0.0,0.0,5.6,22.9,518.0,2.0,0.0,129.0,24.0,26.0,235.0,45.4,44.2,2.0,4.6,0.0,9.9,47.8,32.2,0.0,11.6,0.0,5.3,714.0,474.0,1.0,0.0,0.0,52.0,49.9,0.6,6.7,7.5,2.1,29.8,0.5,0.0,0.0,5.3,0,0.1,7.6,67.2,0.0,2.8,3.4,0.0,37.4,0.0,0.0,0.0,3.3,0,0.3,0.0,866.0,16.0,56.0,31.0,6.0,245.0,43.0,0.0,0.0,0.0,0,3.0,20.0,5.31,2.78,2.03,21.5,0.39,0.09,0.09,2.1,3.32,2.64,1.44,20.9,0.33,0.07,0.09,1.48,1040.0,有,有
442,2024,1046.0,46.2,0.0,0.0,0.0,0.3,4.2,30.7,57.0,0.0,10.5,7.2,0.3,7.1,24.0,432.0,0.0,0.0,30.0,16.0,56.0,143.0,48.2,24.7,3.0,0.0,0.5,0.0,53.0,48.4,2.4,6.9,0.0,6.3,289.0,474.0,13.0,39.0,7.0,0.0,49.6,6.1,9.8,1.7,1.5,31.8,0.0,1.0,0.0,6.2,0,0.1,0.0,62.1,7.1,6.1,8.0,1.7,30.8,0.8,0.0,0.2,0.0,0,0.4,0.0,687.0,0.0,33.0,37.0,17.0,144.0,4.0,4.0,3.0,0.0,0,0.0,0.0,5.3,2.74,2.01,21.7,0.33,0.09,0.08,2.1,4.18,2.08,1.51,21.9,0.27,0.08,0.05,1.28,1112.0,有,有
443,2024,534.0,52.3,0.3,4.1,0.0,1.8,0.5,42.2,46.1,0.0,0.0,4.3,0.8,0.0,42.9,617.0,0.0,41.0,0.0,2.0,21.0,376.0,57.6,43.5,1.0,0.0,0.3,0.0,45.7,43.5,2.4,8.4,0.0,7.2,310.0,268.0,0.0,40.0,7.0,74.0,72.3,3.7,6.3,5.0,1.4,41.1,1.1,0.2,0.0,5.4,0,0.1,0.0,78.0,0.6,3.4,4.0,0.0,23.8,0.0,0.0,0.3,1.9,0,0.0,0.0,572.0,63.0,89.0,9.0,20.0,473.0,10.0,0.0,2.0,0.0,0,3.0,38.0,5.13,2.77,2.03,21.6,0.39,0.11,0.11,2.5,4.48,2.89,2.12,23.6,0.26,0.09,0.07,0.84,1005.0,有,有
444,2024,673.0,64.9,0.2,5.9,9.9,0.9,6.7,37.5,10.6,0.3,0.0,5.5,4.2,5.8,32.0,773.0,0.0,0.0,44.0,9.0,24.0,148.0,77.6,36.7,2.1,0.0,0.0,5.8,49.6,50.4,0.0,0.0,0.6,11.2,430.0,282.0,11.0,0.0,0.0,0.0,44.3,1.9,5.9,1.8,2.5,25.2,0.5,0.0,0.1,11.0,0,0.0,0.0,66.7,5.3,1.7,2.4,0.5,19.7,2.0,0.3,0.0,0.0,0,0.0,17.4,393.0,21.0,33.0,54.0,17.0,346.0,1.0,2.0,0.0,0.0,0,0.0,75.0,5.15,2.72,2.13,20.1,0.19,0.13,0.09,1.6,4.28,1.85,1.99,21.9,0.09,0.06,0.08,1.89,1054.0,有,有
445,2024,333.0,65.1,0.0,2.9,0.0,0.9,2.3,40.6,45.2,0.0,0.4,3.5,0.9,2.1,39.0,546.0,3.0,0.0,13.0,0.0,27.0,469.0,44.1,31.8,0.8,0.0,0.1,6.2,42.9,45.7,0.0,22.0,0.2,0.0,765.0,391.0,0.0,0.0,6.0,0.0,46.1,3.7,1.8,7.5,0.1,34.8,0.1,0.0,0.1,0.0,0,0.1,0.0,68.1,0.0,3.1,5.5,0.5,30.6,1.3,0.1,0.0,6.5,0,0.2,3.0,620.0,41.0,0.0,43.0,0.0,561.0,24.0,4.0,0.0,0.0,0,0.0,0.0,5.29,2.76,2.05,21.8,0.31,0.09,0.08,2.5,4.53,2.89,1.54,24.9,0.12,0.06,0.04,1.54,1061.0,有,有
446,2024,252.0,63.2,0.3,8.6,6.3,0.7,7.8,6.9,70.1,0.3,9.4,0.0,2.8,7.1,37.6,714.0,4.0,0.0,0.0,13.0,54.0,490.0,67.2,48.3,0.4,0.0,0.3,0.5,33.5,43.0,0.0,0.0,0.0,6.0,454.0,581.0,2.0,0.0,0.0,0.0,84.8,0.0,4.5,5.6,2.3,27.5,0.6,0.5,0.1,0.6,0,0.7,0.0,39.1,2.8,3.0,0.0,1.5,20.7,1.7,0.4,0.0,13.1,0,0.2,4.9,730.0,19.0,80.0,18.0,41.0,316.0,25.0,1.0,1.0,0.0,0,0.0,0.0,5.31,2.7,2.03,24.3,0.36,0.08,0.09,2.1,3.91,1.7,1.95,22.0,0.18,0.04,0.03,1.64,1115.0,有,有
447,2024,76.0,63.1,0.2,11.1,0.3,0.0,1.0,30.0,62.8,0.3,0.0,0.0,1.1,0.4,47.3,441.0,2.0,0.0,0.0,0.0,17.0,260.0,69.1,30.0,0.0,4.8,0.0,13.6,64.9,39.3,1.2,0.0,0.0,4.1,402.0,346.0,20.0,0.0,3.0,85.0,66.9,7.7,0.0,0.0,2.8,12.2,1.2,0.0,0.0,13.6,0,0.0,9.3,69.3,2.4,1.1,2.3,0.0,30.1,0.0,0.0,0.1,9.1,0,0.1,7.4,627.0,118.0,70.0,39.0,6.0,179.0,39.0,0.0,2.0,0.0,0,0.0,0.0,5.19,2.73,1.97,21.1,0.27,0.06,0.09,1.7,5.48,2.64,2.05,20.6,0.21,0.04,0.09,1.59,1080.0,有,有
448,2024,825.0,65.6,0.0,0.0,0.0,0.4,1.6,40.0,46.1,0.2,5.2,7.9,2.3,0.0,43.2,471.0,2.0,0.0,71.0,0.0,79.0,375.0,51.7,16.8,1.8,0.1,0.0,2.2,40.6,55.4,0.3,8.6,0.1,2.9,263.0,221.0,0.0,113.0,0.0,98.0,88.7,2.3,3.5,6.1,0.0,19.1,1.9,0.0,0.2,13.5,0,0.0,0.0,45.1,1.8,1.9,3.7,0.6,40.7,0.5,0.1,0.1,3.7,0,1.1,0.0,665.0,4.0,75.0,49.0,32.0,289.0,0.0,8.0,1.0,78.0,0,2.0,100.0,5.64,2.74,2.04,22.4,0.38,0.07,0.1,2.0,4.71,2.69,2.13,24.9,0.15,0.1,0.06,1.35,1134.0,有,有
449,2024,679.0,40.3,0.0,0.0,0.0,1.6,5.6,15.2,73.6,0.0,0.4,0.0,0.7,4.3,30.6,655.0,4.0,0.0,0.0,46.0,67.0,305.0,60.7,28.1,0.0,10.8,0.4,5.5,48.3,67.4,0.0,5.1,0.1,12.0,527.0,688.0,1.0,0.0,6.0,15.0,88.7,3.9,0.0,2.8,1.6,38.0,0.0,0.2,0.0,3.6,0,0.0,8.1,31.4,2.1,2.9,5.5,0.0,26.8,4.3,0.1,0.0,5.9,0,0.3,3.6,714.0,96.0,48.0,16.0,0.0,115.0,7.0,0.0,0.0,0.0,0,6.0,18.0,4.96,2.7,2.07,24.9,0.34,0.08,0.09,2.2,5.7,2.45,1.62,18.1,0.09,0.06,0.1,1.6,1180.0,有,有
450,2024,270.0,37.1,0.0,0.0,3.0,0.0,6.0,44.2,56.7,0.0,15.6,7.7,1.1,0.2,42.6,330.0,0.0,72.0,0.0,7.0,70.0,306.0,49.4,27.7,0.7,0.0,0.0,4.9,30.3,59.9,0.0,0.0,0.0,15.9,215.0,481.0,24.0,45.0,2.0,202.0,27.7,6.9,6.4,0.0,1.0,28.4,3.1,0.3,0.2,0.0,0,0.3,5.8,12.4,7.2,4.1,2.7,0.0,33.6,0.0,0.3,0.0,3.3,0,0.0,7.9,185.0,49.0,45.0,44.0,0.0,326.0,8.0,0.0,3.0,30.0,0,0.0,34.0,5.12,2.66,2.0,22.4,0.19,0.11,0.1,2.2,4.39,2.77,2.2,18.8,0.19,0.08,0.08,0.72,1020.0,有,有
451,2024,52.0,37.3,0.6,0.0,5.7,0.0,0.0,35.4,36.0,0.0,8.0,5.4,1.5,4.8,15.3,608.0,0.0,0.0,90.0,0.0,53.0,362.0,72.5,26.8,0.0,0.0,0.0,0.0,68.7,47.4,0.0,0.0,0.9,5.5,818.0,282.0,19.0,55.0,0.0,70.0,53.0,7.0,7.6,2.8,0.0,30.8,2.1,0.3,0.3,6.4,0,0.3,9.3,79.8,5.7,9.8,7.8,2.7,2.1,0.0,0.5,0.0,0.0,0,0.2,10.4,352.0,0.0,69.0,52.0,0.0,409.0,5.0,5.0,2.0,44.0,0,11.0,106.0,5.07,2.79,2.0,20.8,0.52,0.11,0.1,1.9,5.2,2.89,2.2,12.0,0.25,0.09,0.06,1.35,1122.0,有,有
452,2024,450.0,33.9,0.4,0.0,1.4,0.9,3.6,13.7,64.0,0.3,2.4,1.4,0.8,3.0,23.0,457.0,1.0,103.0,73.0,24.0,60.0,465.0,76.9,23.2,0.0,2.9,0.7,5.5,69.3,50.1,0.0,0.0,0.0,0.5,496.0,238.0,9.0,34.0,7.0,74.0,77.6,2.5,7.4,0.0,1.7,47.0,0.0,0.0,0.1,1.6,0,0.4,5.1,53.0,1.5,2.1,3.1,0.6,23.4,3.3,0.0,0.1,0.0,0,0.2,0.0,562.0,43.0,29.0,41.0,21.0,501.0,0.0,4.0,1.0,11.0,0,1.0,39.0,5.25,2.74,1.99,21.0,0.33,0.08,0.11,2.0,5.23,2.82,1.87,20.0,0.21,0.07,0.06,1.86,1055.0,有,有
453,2024,1029.0,88.7,0.8,6.7,0.0,0.0,5.5,34.3,69.9,0.0,0.0,3.3,0.2,6.1,23.5,528.0,0.0,118.0,66.0,30.0,7.0,601.0,59.0,47.7,2.4,0.0,0.4,0.0,41.5,55.2,3.3,8.2,0.3,0.0,566.0,253.0,22.0,0.0,0.0,50.0,54.2,6.6,7.3,0.7,3.2,35.6,1.1,0.3,0.0,0.1,0,0.1,1.3,35.9,3.7,1.7,0.0,1.4,31.5,0.0,0.4,0.0,0.0,0,0.5,0.0,633.0,81.0,73.0,60.0,0.0,491.0,26.0,3.0,0.0,0.0,0,4.0,103.0,5.13,2.73,2.05,21.4,0.42,0.1,0.1,2.0,4.58,2.28,2.2,24.9,0.14,0.07,0.07,1.86,1040.0,有,有
454,2024,892.0,77.0,0.2,0.7,2.1,0.7,1.2,13.0,82.0,0.4,5.1,9.3,0.0,3.3,12.3,779.0,1.0,104.0,0.0,0.0,62.0,689.0,55.3,10.3,0.0,5.2,0.0,7.2,60.8,47.7,1.1,0.0,0.5,1.0,537.0,490.0,4.0,42.0,5.0,28.0,67.9,0.0,0.0,0.7,1.0,29.0,0.0,0.2,0.0,0.0,0,0.1,6.4,52.6,2.6,0.9,4.0,0.0,29.9,0.6,0.4,0.0,0.0,0,0.0,0.0,422.0,44.0,3.0,41.0,0.0,322.0,0.0,2.0,5.0,48.0,0,2.0,9.0,5.17,2.69,2.04,20.1,0.32,0.08,0.09,2.3,5.6,2.55,1.68,14.3,0.2,0.07,0.06,1.66,1081.0,有,有
455,2024,863.0,63.1,0.4,0.0,22.1,1.5,5.6,28.3,74.4,0.0,0.0,0.0,0.0,1.4,37.3,530.0,4.0,0.0,12.0,38.0,31.0,425.0,49.6,30.1,1.9,0.0,0.3,17.8,69.0,20.1,2.4,5.9,0.2,1.7,464.0,141.0,0.0,111.0,2.0,25.0,70.9,4.1,7.8,4.1,3.9,25.0,0.5,0.3,0.0,0.0,0,0.0,10.2,67.5,0.0,0.0,5.5,0.0,20.0,2.9,0.1,0.0,6.0,0,0.3,7.2,546.0,47.0,67.0,53.0,0.0,261.0,12.0,1.0,0.0,0.0,0,4.0,0.0,5.3,2.72,2.04,23.1,0.2,0.09,0.09,1.9,3.03,2.89,2.2,15.9,0.14,0.07,0.07,1.64,1010.0,有,有
456,2024,773.0,44.0,0.2,1.2,1.6,0.8,0.7,33.1,59.1,0.0,16.2,0.0,1.0,3.5,60.9,517.0,0.0,0.0,0.0,7.0,64.0,331.0,50.4,23.8,1.8,2.3,0.4,0.0,47.0,31.5,2.6,7.9,0.7,7.4,798.0,276.0,0.0,152.0,3.0,16.0,56.1,7.1,6.3,1.0,2.1,33.4,1.5,0.1,0.0,12.9,0,0.0,5.6,70.5,5.2,0.0,2.0,2.8,33.5,0.6,0.0,0.2,2.7,0,0.0,5.3,866.0,43.0,81.0,5.0,0.0,147.0,3.0,0.0,1.0,0.0,0,0.0,50.0,5.53,2.77,2.06,23.4,0.4,0.08,0.08,1.9,5.79,2.89,1.36,24.0,0.23,0.06,0.07,1.41,1029.0,有,有
457,2024,777.0,64.3,0.0,0.0,0.8,0.0,4.0,42.8,46.6,0.3,10.3,0.0,2.1,3.1,36.6,528.0,4.0,0.0,0.0,2.0,68.0,560.0,50.6,33.9,0.0,0.0,0.5,0.0,60.1,45.5,0.6,0.0,0.3,10.9,866.0,489.0,26.0,9.0,0.0,4.0,66.9,0.0,3.4,3.1,1.0,36.4,0.1,0.3,0.0,15.2,0,0.0,1.3,55.7,6.4,5.8,3.2,0.7,24.3,0.3,0.3,0.0,4.1,0,0.5,2.9,866.0,20.0,51.0,13.0,0.0,329.0,0.0,5.0,0.0,0.0,0,2.0,34.0,5.41,2.79,2.01,22.1,0.3,0.08,0.11,1.4,3.48,2.15,1.99,24.9,0.22,0.06,0.06,1.41,1029.0,有,有
458,2024,507.0,58.0,0.0,3.8,1.7,1.3,4.6,37.2,83.9,0.2,0.0,6.5,0.0,6.7,46.7,529.0,3.0,0.0,5.0,59.0,44.0,651.0,56.0,45.6,0.2,0.0,0.0,6.9,45.2,46.2,0.0,0.0,0.1,0.0,251.0,303.0,0.0,65.0,6.0,0.0,65.2,7.2,2.6,2.0,0.0,12.3,0.8,0.1,0.1,0.0,0,0.0,0.0,49.5,0.0,4.3,3.6,0.8,13.7,2.9,0.4,0.0,0.0,0,0.1,1.7,839.0,52.0,11.0,27.0,15.0,250.0,27.0,1.0,0.0,0.0,0,0.0,0.0,5.11,2.77,2.1,22.6,0.28,0.09,0.08,2.5,4.44,1.92,1.99,24.9,0.16,0.07,0.05,1.29,1059.0,有,有
459,2024,915.0,52.6,0.3,12.9,0.0,0.0,2.8,24.4,73.3,0.2,5.2,4.9,0.0,5.8,48.7,670.0,0.0,197.0,98.0,0.0,95.0,99.0,59.9,32.1,0.0,6.0,0.0,0.0,54.9,37.9,1.2,8.3,0.2,0.0,635.0,782.0,7.0,32.0,1.0,93.0,88.7,0.5,0.0,0.6,1.8,24.5,1.3,0.3,0.0,0.0,0,0.0,3.4,81.3,2.4,4.6,1.0,2.2,28.1,1.8,0.1,0.1,2.5,0,0.0,0.5,585.0,34.0,46.0,22.0,25.0,192.0,0.0,4.0,0.0,187.0,0,0.0,6.0,5.3,2.74,2.06,19.7,0.36,0.09,0.1,2.0,5.76,2.62,2.2,24.9,0.25,0.09,0.07,1.31,1052.0,有,有
460,2024,631.0,58.5,0.4,9.7,3.2,1.8,4.8,23.9,25.1,0.3,3.2,4.1,0.0,2.8,28.9,518.0,3.0,0.0,6.0,32.0,48.0,595.0,65.9,41.4,0.4,0.0,0.2,2.0,41.3,42.5,3.0,0.0,0.1,0.0,551.0,67.0,26.0,0.0,0.0,115.0,36.1,0.6,0.0,2.5,0.8,24.2,0.0,0.0,0.0,7.8,0,0.0,3.7,65.1,4.6,4.1,6.7,3.4,46.1,3.0,0.0,0.0,5.6,0,0.1,5.7,776.0,45.0,18.0,40.0,15.0,354.0,5.0,7.0,0.0,0.0,0,0.0,0.0,5.15,2.71,2.1,21.0,0.27,0.09,0.1,2.1,5.79,2.33,2.2,13.6,0.13,0.08,0.07,1.61,1043.0,有,有
461,2024,54.0,48.0,0.6,0.0,5.3,1.0,6.1,54.5,48.3,0.4,0.0,1.4,0.0,0.5,36.9,441.0,4.0,0.0,10.0,13.0,72.0,376.0,52.9,36.7,1.2,0.0,0.1,11.4,55.0,36.5,1.2,5.7,0.2,6.7,517.0,185.0,31.0,129.0,0.0,12.0,31.2,0.0,3.9,9.1,0.6,26.1,0.6,0.0,0.2,0.0,0,0.0,0.2,53.9,0.5,4.7,4.8,1.0,20.8,2.5,0.5,0.0,0.0,0,0.0,5.9,775.0,0.0,112.0,11.0,23.0,344.0,0.0,2.0,0.0,0.0,0,0.0,74.0,5.06,2.7,2.0,23.3,0.19,0.1,0.07,2.6,5.25,2.89,2.12,19.7,0.09,0.07,0.07,2.02,1080.0,有,有
462,2024,222.0,35.2,0.0,0.0,0.0,0.9,5.3,34.7,55.3,0.1,1.5,0.0,0.8,2.4,24.1,866.0,6.0,0.0,5.0,24.0,43.0,527.0,53.4,39.2,1.1,0.0,0.6,0.0,54.5,60.6,1.1,0.0,0.1,0.0,664.0,341.0,3.0,0.0,3.0,0.0,60.7,8.4,8.4,4.7,0.7,19.9,0.9,0.6,0.0,14.7,0,0.0,0.4,55.2,2.0,2.9,4.1,0.7,27.5,0.0,0.3,0.0,0.0,0,0.0,4.7,491.0,62.0,0.0,0.0,5.0,296.0,0.0,4.0,2.0,25.0,0,0.0,86.0,5.16,2.71,2.05,21.4,0.31,0.08,0.09,2.5,4.99,2.01,2.2,18.7,0.18,0.07,0.06,1.03,1018.0,有,有
463,2024,1077.0,65.9,0.1,0.0,6.0,1.0,2.2,27.8,67.5,0.3,18.5,3.8,4.4,2.9,47.4,439.0,1.0,0.0,25.0,32.0,0.0,373.0,43.1,53.7,2.7,8.8,0.0,9.8,13.2,29.3,2.7,0.0,0.2,0.0,730.0,231.0,5.0,44.0,0.0,0.0,61.7,2.5,0.0,3.1,1.4,29.3,1.8,0.4,0.2,0.0,0,0.7,0.0,69.7,4.7,1.9,5.5,1.5,34.2,0.0,0.5,0.0,1.9,0,0.4,0.1,537.0,59.0,54.0,0.0,0.0,336.0,14.0,4.0,0.0,13.0,0,2.0,45.0,5.31,2.68,2.05,24.3,0.22,0.1,0.1,1.9,5.79,2.75,2.2,14.5,0.07,0.08,0.06,1.31,1096.0,有,有
464,2024,1033.0,55.6,0.0,7.1,0.0,1.0,8.7,34.7,70.5,0.3,1.4,4.2,1.2,1.2,38.4,795.0,4.0,0.0,0.0,21.0,30.0,299.0,37.4,51.1,3.0,10.2,0.1,1.6,65.3,12.1,2.1,1.4,0.0,0.0,756.0,554.0,26.0,50.0,0.0,53.0,68.9,4.9,2.2,1.5,2.2,22.6,0.0,0.0,0.0,0.0,0,0.0,0.0,39.5,4.7,4.2,1.0,0.9,32.7,2.3,0.5,0.1,11.6,0,0.0,8.8,659.0,31.0,55.0,21.0,0.0,292.0,0.0,0.0,3.0,0.0,0,0.0,0.0,5.29,2.71,2.01,21.6,0.38,0.06,0.07,2.1,4.97,2.78,2.16,21.9,0.18,0.06,0.07,1.16,978.0,有,有
465,2024,1087.0,65.2,0.0,8.8,3.8,0.0,9.7,15.3,33.2,0.0,18.2,0.0,1.2,6.6,40.8,640.0,0.0,32.0,0.0,13.0,1.0,279.0,61.0,33.7,0.0,1.2,0.4,0.0,72.7,47.3,1.3,0.7,0.0,16.2,517.0,305.0,52.0,0.0,0.0,87.0,45.1,0.0,3.3,3.4,2.5,32.4,1.8,0.2,0.1,7.0,0,0.1,1.0,57.6,5.3,9.4,5.6,2.7,20.6,0.7,0.5,0.0,7.0,0,0.4,4.7,798.0,75.0,37.0,24.0,7.0,258.0,9.0,1.0,1.0,79.0,0,0.0,0.0,5.2,2.75,2.04,20.2,0.41,0.06,0.09,2.3,3.46,2.3,1.09,24.9,0.14,0.06,0.05,1.76,1036.0,有,有
466,2024,529.0,84.3,0.2,0.0,5.1,0.5,0.1,41.1,64.3,0.0,9.5,0.5,1.3,10.0,46.5,663.0,0.0,0.0,91.0,28.0,43.0,258.0,46.9,52.9,0.0,0.8,0.2,0.3,47.4,50.3,3.4,11.9,0.7,0.0,713.0,386.0,6.0,0.0,2.0,0.0,60.3,0.0,6.5,4.4,2.8,39.6,1.0,0.2,0.1,0.0,0,0.0,2.4,71.0,6.5,3.8,1.5,0.0,14.6,0.6,0.1,0.2,0.0,0,0.0,6.8,613.0,0.0,8.0,40.0,7.0,267.0,0.0,2.0,0.0,0.0,0,7.0,54.0,5.26,2.8,2.03,24.7,0.2,0.1,0.12,1.8,5.32,2.3,2.2,24.9,0.13,0.08,0.08,1.56,956.0,有,有
467,2024,512.0,52.2,0.2,0.7,0.0,0.0,7.2,31.8,26.7,0.0,0.0,8.6,0.0,2.8,41.3,648.0,0.0,0.0,40.0,2.0,31.0,399.0,45.3,35.2,0.4,0.3,0.1,10.2,70.1,54.3,0.0,7.1,0.2,0.0,333.0,231.0,35.0,13.0,2.0,0.0,62.1,0.0,5.9,3.4,0.0,27.8,0.8,0.3,0.0,0.0,0,0.4,3.3,60.2,2.4,6.3,4.4,0.0,16.6,0.6,0.5,0.0,0.0,0,0.0,0.0,438.0,85.0,71.0,53.0,12.0,358.0,0.0,5.0,0.0,33.0,0,0.0,39.0,5.39,2.72,2.08,24.0,0.24,0.07,0.09,1.9,5.79,2.1,1.95,22.2,0.22,0.09,0.05,1.06,1055.0,有,有
468,2024,170.0,40.1,0.5,0.0,0.0,0.2,3.0,44.1,56.1,0.3,1.5,3.3,0.0,1.1,15.0,575.0,0.0,16.0,14.0,0.0,18.0,348.0,53.3,44.2,2.1,0.0,0.3,5.2,61.9,52.5,0.0,0.0,0.2,3.3,755.0,409.0,28.0,0.0,5.0,46.0,88.7,3.6,0.6,1.9,1.1,25.0,0.9,0.0,0.0,0.0,0,0.0,15.5,65.8,6.0,4.3,6.6,3.3,35.2,0.7,0.2,0.0,11.3,0,0.0,0.0,457.0,41.0,130.0,6.0,3.0,336.0,0.0,0.0,0.0,69.0,0,0.0,47.0,5.32,2.75,2.0,23.5,0.27,0.1,0.09,2.3,5.79,1.41,2.2,15.4,0.17,0.04,0.08,2.52,1087.0,有,有
469,2024,180.0,72.8,0.3,10.3,18.5,0.3,3.8,21.1,47.4,0.2,0.0,3.0,2.5,0.0,16.6,793.0,0.0,0.0,0.0,2.0,31.0,285.0,68.1,37.8,3.8,1.6,0.5,5.8,39.9,45.3,1.0,15.9,0.3,5.9,512.0,690.0,0.0,63.0,2.0,66.0,57.4,0.0,0.5,1.7,1.7,33.0,0.0,0.4,0.0,2.1,0,0.3,11.3,62.3,4.0,0.7,5.1,0.0,18.5,1.1,0.0,0.1,8.4,0,0.0,3.8,528.0,64.0,0.0,42.0,23.0,260.0,0.0,3.0,0.0,0.0,0,1.0,23.0,5.27,2.64,2.0,23.0,0.28,0.09,0.09,2.2,5.79,1.69,1.68,18.4,0.17,0.08,0.05,1.22,1033.0,有,有
470,2024,665.0,57.3,0.0,7.5,0.0,0.6,0.0,39.4,74.5,0.5,7.0,4.1,1.7,4.1,41.7,695.0,0.0,0.0,0.0,0.0,0.0,363.0,59.9,37.6,0.0,11.9,0.4,0.0,41.5,7.9,2.4,7.2,0.3,12.5,674.0,367.0,6.0,22.0,2.0,0.0,60.8,0.5,8.2,4.2,4.2,31.6,2.7,0.2,0.1,3.1,0,0.6,0.0,52.7,4.1,1.1,1.4,0.7,48.0,0.0,0.0,0.2,0.0,0,0.1,4.7,668.0,6.0,33.0,47.0,0.0,165.0,0.0,2.0,0.0,0.0,0,0.0,0.0,5.24,2.72,2.07,22.5,0.26,0.08,0.09,2.3,4.39,2.46,1.75,20.9,0.25,0.11,0.05,1.86,1056.0,有,有
471,2024,73.0,65.6,0.0,1.3,1.0,0.0,8.2,14.5,56.0,0.2,0.0,8.5,1.8,0.0,17.0,502.0,1.0,0.0,22.0,27.0,84.0,271.0,48.3,41.9,0.1,11.3,0.0,0.0,63.7,38.8,0.8,9.4,0.3,8.6,427.0,551.0,4.0,132.0,7.0,85.0,55.7,0.9,0.9,5.4,1.7,35.4,1.6,0.0,0.1,4.5,0,0.4,0.0,48.5,0.0,2.9,3.6,0.0,26.4,4.0,0.1,0.0,7.6,0,0.2,7.1,362.0,14.0,36.0,61.0,15.0,79.0,30.0,0.0,2.0,26.0,0,6.0,0.0,5.1,2.77,2.04,20.6,0.33,0.08,0.08,2.4,5.79,1.72,2.01,14.4,0.12,0.07,0.07,1.39,1112.0,有,有
472,2024,764.0,66.3,0.3,4.9,4.8,1.5,8.1,44.4,63.8,0.3,0.0,1.1,2.2,0.1,37.8,706.0,4.0,0.0,0.0,30.0,22.0,658.0,39.5,30.1,0.0,0.0,0.0,0.8,44.3,46.4,1.5,4.5,0.0,6.2,611.0,463.0,36.0,97.0,0.0,81.0,26.9,0.4,0.9,2.8,3.8,23.3,0.0,0.2,0.1,0.0,0,0.0,4.5,48.5,0.0,7.4,1.9,0.0,19.8,1.6,0.6,0.0,0.0,0,0.4,9.4,641.0,56.0,58.0,0.0,18.0,222.0,17.0,4.0,0.0,67.0,0,0.0,53.0,5.28,2.74,1.96,21.6,0.37,0.09,0.09,1.7,5.39,2.89,2.2,5.5,0.23,0.08,0.09,1.52,1093.0,有,有
473,2024,618.0,60.3,0.2,3.9,0.0,1.0,0.0,44.3,63.7,0.0,0.0,2.3,0.0,1.2,37.8,672.0,5.0,237.0,92.0,35.0,31.0,352.0,35.4,44.2,0.5,0.3,0.2,5.0,53.3,43.5,3.0,0.0,0.0,12.3,686.0,501.0,0.0,0.0,0.0,76.0,43.7,1.0,6.5,2.1,1.0,36.5,2.9,0.0,0.2,0.7,0,0.1,16.4,72.1,4.1,3.7,0.0,2.2,31.1,0.9,0.5,0.0,0.0,0,0.0,6.2,512.0,22.0,76.0,15.0,6.0,234.0,0.0,1.0,0.0,0.0,0,0.0,0.0,5.44,2.74,2.0,23.1,0.32,0.1,0.09,2.4,5.79,2.89,2.15,24.3,0.25,0.04,0.06,0.63,1137.0,有,有
474,2024,605.0,21.7,0.0,7.7,8.1,0.4,6.3,42.7,53.1,0.0,0.0,11.5,0.5,5.4,58.3,569.0,0.0,86.0,111.0,0.0,0.0,369.0,71.6,43.0,1.8,0.0,0.0,0.0,43.3,41.4,0.5,0.0,0.2,0.0,645.0,361.0,0.0,0.0,0.0,0.0,52.4,2.2,1.9,0.5,0.0,17.1,0.0,0.1,0.0,0.0,0,0.0,10.1,36.4,0.6,2.5,1.7,1.8,31.7,1.4,0.5,0.0,0.0,0,0.0,4.0,607.0,26.0,19.0,40.0,2.0,215.0,3.0,4.0,1.0,1.0,0,2.0,0.0,5.39,2.73,2.15,22.9,0.19,0.08,0.07,2.4,4.87,2.57,1.55,19.3,0.14,0.08,0.05,1.28,1053.0,有,有
475,2024,477.0,52.3,0.3,6.6,7.9,0.4,0.3,61.2,54.5,0.0,4.9,11.7,4.8,4.9,59.9,483.0,0.0,0.0,28.0,7.0,0.0,529.0,36.5,29.4,1.3,11.3,0.0,5.2,58.6,60.3,0.0,0.0,0.1,5.6,647.0,598.0,34.0,0.0,2.0,89.0,67.8,3.2,2.1,2.8,1.9,19.5,1.5,0.2,0.0,0.0,0,0.0,0.0,58.5,0.0,3.0,1.6,0.0,28.0,0.0,0.6,0.0,0.0,0,0.2,0.0,760.0,0.0,21.0,13.0,39.0,220.0,14.0,0.0,0.0,43.0,0,1.0,0.0,5.47,2.73,2.12,20.4,0.26,0.1,0.09,2.4,4.01,2.63,1.6,13.7,0.17,0.09,0.1,1.62,1033.0,有,有
476,2024,532.0,53.2,0.0,2.9,0.5,1.3,3.7,31.3,64.8,0.1,14.8,0.9,0.4,9.2,16.6,613.0,0.0,0.0,103.0,21.0,24.0,374.0,70.2,31.0,0.5,0.0,0.0,2.6,65.9,48.6,0.9,0.0,0.0,8.9,473.0,199.0,31.0,0.0,3.0,34.0,66.3,0.1,9.1,4.5,1.2,28.8,1.6,0.2,0.1,15.9,0,0.2,4.6,47.2,3.3,7.2,1.1,0.0,35.0,1.3,0.0,0.2,9.5,0,0.1,0.0,504.0,17.0,4.0,33.0,0.0,283.0,20.0,3.0,3.0,0.0,0,0.0,0.0,5.34,2.65,2.06,20.7,0.29,0.08,0.12,2.5,4.75,2.89,1.86,24.9,0.14,0.06,0.07,1.19,954.0,有,有
477,2024,428.0,76.1,0.0,5.7,4.8,0.0,0.0,20.2,47.4,0.2,6.8,3.8,0.0,3.0,40.6,821.0,0.0,0.0,16.0,0.0,81.0,493.0,47.9,53.9,1.3,24.8,0.4,2.5,66.7,37.5,0.6,0.0,0.0,4.7,699.0,651.0,33.0,157.0,0.0,3.0,63.1,0.0,2.9,5.1,0.6,15.7,2.1,0.0,0.0,0.0,0,0.4,0.0,61.1,2.1,4.0,3.3,3.9,26.6,2.0,0.2,0.4,16.7,0,0.3,1.8,355.0,48.0,0.0,46.0,0.0,305.0,1.0,1.0,4.0,54.0,0,3.0,6.0,5.22,2.71,2.04,22.5,0.19,0.08,0.06,2.3,5.79,2.09,2.2,24.9,0.23,0.06,0.08,1.26,996.0,有,有
478,2024,202.0,63.5,0.1,0.0,0.0,0.0,1.0,52.2,45.7,0.0,1.8,0.2,2.9,5.4,15.8,317.0,0.0,0.0,24.0,1.0,71.0,453.0,26.3,5.4,0.4,0.0,0.1,11.6,66.9,27.7,1.4,0.0,0.0,1.6,485.0,531.0,4.0,146.0,2.0,0.0,68.2,8.5,1.4,3.4,1.3,15.3,0.0,0.5,0.0,14.7,0,0.5,0.0,61.7,4.6,0.8,0.5,2.4,32.7,2.3,0.3,0.0,0.0,0,0.2,2.8,733.0,87.0,32.0,32.0,0.0,261.0,0.0,0.0,2.0,0.0,0,3.0,0.0,5.38,2.79,2.06,21.2,0.19,0.09,0.1,1.8,2.55,2.19,1.97,24.9,0.22,0.06,0.08,2.09,1120.0,有,有
479,2024,650.0,71.2,0.9,0.0,0.0,0.0,2.1,43.7,41.6,0.1,0.0,0.0,0.6,4.5,49.9,597.0,7.0,0.0,58.0,13.0,0.0,380.0,88.7,53.7,1.8,4.3,0.0,0.0,77.0,21.7,3.1,0.0,0.4,4.7,439.0,637.0,46.0,23.0,0.0,34.0,74.1,4.8,1.3,4.5,0.0,33.6,0.0,0.0,0.0,14.9,0,0.0,0.0,37.2,2.8,5.8,10.5,4.8,29.4,1.6,0.0,0.0,3.6,0,0.0,6.5,632.0,15.0,46.0,5.0,18.0,226.0,12.0,5.0,0.0,0.0,0,0.0,93.0,5.22,2.77,2.07,22.7,0.38,0.06,0.09,2.4,2.28,2.25,1.45,20.8,0.17,0.07,0.05,1.37,1045.0,有,有
480,2024,966.0,59.1,0.0,0.0,0.0,1.7,4.1,29.2,64.1,0.5,16.5,9.3,0.0,5.6,42.0,473.0,2.0,129.0,132.0,25.0,118.0,513.0,52.5,50.1,1.6,2.5,0.1,5.8,66.9,57.2,0.0,11.2,0.0,0.0,569.0,626.0,61.0,0.0,5.0,52.0,35.8,6.1,2.4,2.4,2.4,37.1,0.3,0.0,0.0,9.9,0,0.0,1.7,49.6,5.6,0.8,4.1,1.3,31.9,0.9,0.0,0.2,0.0,0,0.7,0.5,786.0,67.0,111.0,48.0,26.0,271.0,42.0,1.0,0.0,0.0,0,0.0,0.0,5.42,2.73,2.07,21.6,0.42,0.09,0.1,1.9,5.79,2.81,2.2,20.1,0.21,0.06,0.04,1.15,1065.0,有,有
481,2024,91.0,64.9,0.0,0.6,0.2,2.0,7.8,61.3,73.2,0.2,15.2,0.7,0.0,2.3,40.1,718.0,1.0,7.0,101.0,0.0,0.0,454.0,69.6,41.4,0.7,0.0,0.0,1.5,40.7,32.3,1.2,8.4,0.0,0.0,423.0,372.0,37.0,3.0,2.0,22.0,45.6,8.9,0.0,0.0,0.0,38.1,0.6,0.2,0.0,9.5,0,0.7,0.0,45.9,1.3,10.0,0.6,0.5,28.6,1.0,0.4,0.0,13.7,0,0.1,8.0,343.0,45.0,67.0,83.0,2.0,230.0,0.0,0.0,1.0,0.0,0,1.0,0.0,5.13,2.71,1.99,22.4,0.19,0.1,0.07,1.9,5.18,2.55,1.22,24.9,0.22,0.08,0.06,1.7,1114.0,有,有
482,2024,750.0,73.0,0.6,0.0,7.2,2.6,2.6,15.9,41.4,0.4,0.0,0.0,2.0,1.6,30.5,644.0,2.0,0.0,0.0,14.0,72.0,214.0,88.7,38.5,2.5,0.2,0.0,14.9,23.6,28.9,0.1,11.9,0.0,3.3,752.0,496.0,6.0,35.0,0.0,0.0,72.7,2.7,3.1,0.0,0.8,17.4,1.5,0.8,0.0,4.8,0,0.4,0.2,52.4,7.2,2.5,9.5,1.4,9.9,1.4,0.5,0.2,1.3,0,0.1,0.0,580.0,41.0,102.0,76.0,20.0,294.0,3.0,4.0,4.0,0.0,0,5.0,16.0,5.27,2.73,2.02,22.9,0.42,0.07,0.07,1.4,4.67,2.89,1.44,24.9,0.15,0.07,0.08,1.33,1155.0,有,有
483,2024,131.0,63.2,0.3,0.0,1.6,0.8,0.0,25.3,42.0,0.0,2.1,3.5,0.0,0.0,51.7,770.0,0.0,59.0,45.0,0.0,15.0,206.0,51.2,42.8,0.0,12.1,0.2,0.0,32.6,35.9,1.9,3.7,0.0,0.0,410.0,406.0,20.0,166.0,6.0,48.0,48.6,5.2,4.0,3.3,2.3,22.7,2.1,0.0,0.0,0.0,0,0.0,9.1,46.3,3.9,3.3,1.1,0.0,39.3,0.4,0.0,0.0,0.0,0,0.0,10.7,537.0,0.0,38.0,25.0,28.0,202.0,13.0,3.0,1.0,55.0,0,0.0,104.0,5.39,2.76,2.04,19.5,0.26,0.06,0.08,2.0,5.79,2.89,1.94,19.3,0.21,0.07,0.07,1.44,1084.0,有,有
484,2024,135.0,56.8,0.3,0.1,8.5,1.3,6.4,36.8,54.3,0.2,2.2,3.9,0.0,9.0,32.8,607.0,0.0,191.0,83.0,0.0,0.0,500.0,81.7,22.8,0.6,0.0,0.2,6.6,64.2,53.5,0.0,0.0,0.0,0.0,593.0,472.0,32.0,97.0,8.0,11.0,73.7,0.8,7.8,0.0,0.0,16.6,2.1,0.0,0.0,0.0,0,0.4,2.3,64.3,3.7,2.4,0.8,3.8,27.7,3.1,0.0,0.0,0.0,0,0.4,0.5,531.0,17.0,43.0,18.0,10.0,402.0,17.0,2.0,1.0,102.0,0,4.0,62.0,5.31,2.77,2.04,23.8,0.35,0.08,0.09,2.3,5.79,2.89,2.2,17.9,0.25,0.08,0.07,1.31,1098.0,有,有
485,2024,351.0,71.3,0.0,5.1,2.2,0.0,0.3,20.6,48.2,0.2,3.3,0.0,0.0,4.0,42.3,668.0,1.0,32.0,0.0,4.0,51.0,439.0,54.5,35.2,0.3,7.0,0.0,6.2,54.2,32.9,0.0,12.6,0.1,0.0,462.0,329.0,0.0,0.0,0.0,56.0,75.5,5.7,3.4,3.5,0.0,23.0,1.3,0.5,0.1,3.8,0,0.2,0.0,56.4,2.1,5.9,5.6,1.9,27.3,0.6,0.0,0.0,0.0,0,0.3,1.7,403.0,20.0,93.0,69.0,0.0,221.0,0.0,3.0,3.0,0.0,0,0.0,6.0,5.11,2.73,2.08,22.5,0.5,0.11,0.07,2.1,5.79,2.52,1.95,23.1,0.16,0.05,0.07,1.28,1031.0,有,有
486,2024,717.0,69.0,0.2,0.0,0.6,0.0,4.0,28.5,65.8,0.0,24.0,1.4,0.0,6.8,42.7,729.0,0.0,0.0,0.0,0.0,38.0,376.0,27.7,33.0,0.2,6.6,0.7,3.0,39.2,34.3,2.5,3.4,0.5,10.3,314.0,275.0,20.0,78.0,5.0,27.0,58.8,0.0,4.6,3.8,0.3,22.8,2.0,0.5,0.0,4.9,0,0.4,0.0,56.7,6.5,2.2,6.6,2.1,23.1,2.1,0.0,0.1,0.4,0,0.2,2.0,353.0,81.0,43.0,13.0,2.0,301.0,2.0,0.0,2.0,23.0,0,5.0,58.0,5.13,2.76,2.07,23.6,0.46,0.09,0.07,2.2,5.1,2.73,1.63,13.6,0.24,0.07,0.07,1.36,1107.0,有,有
487,2024,411.0,62.5,0.1,7.4,10.3,0.0,0.0,38.7,33.6,0.2,4.6,3.9,1.4,3.1,36.9,315.0,4.0,0.0,0.0,0.0,31.0,492.0,58.9,29.6,2.8,0.0,0.2,8.4,29.3,28.8,2.8,0.0,0.0,1.6,617.0,522.0,0.0,25.0,9.0,32.0,61.9,4.6,1.1,8.3,1.1,24.5,0.0,0.3,0.0,0.0,0,0.0,0.0,79.3,6.0,5.3,2.1,4.1,31.1,1.1,0.2,0.0,0.0,0,0.0,2.1,744.0,45.0,32.0,24.0,10.0,384.0,13.0,3.0,0.0,0.0,0,0.0,0.0,5.26,2.7,2.12,21.4,0.19,0.1,0.1,2.2,3.25,2.89,2.02,14.5,0.14,0.1,0.05,1.48,965.0,有,有
488,2024,271.0,54.1,0.0,7.0,0.0,0.3,7.6,37.9,59.4,0.0,5.8,0.9,0.4,7.8,60.9,508.0,5.0,116.0,20.0,20.0,3.0,384.0,73.8,55.0,0.0,3.2,0.0,0.0,55.4,56.0,2.2,0.0,0.2,1.4,535.0,198.0,0.0,0.0,4.0,0.0,66.3,0.0,2.5,5.9,1.3,30.9,0.1,0.0,0.0,3.5,0,0.1,5.6,56.7,1.1,5.9,2.5,1.7,24.2,2.9,0.3,0.1,9.4,0,0.0,4.5,649.0,0.0,83.0,12.0,22.0,89.0,10.0,0.0,0.0,0.0,0,1.0,0.0,5.42,2.75,2.0,24.3,0.26,0.1,0.06,2.4,5.33,2.5,1.75,19.6,0.26,0.04,0.06,1.03,1026.0,有,有
489,2024,113.0,66.3,0.5,8.3,0.0,3.7,3.3,8.3,58.4,0.1,0.0,4.4,0.3,3.2,41.6,347.0,0.0,19.0,0.0,7.0,48.0,208.0,41.0,37.2,1.6,0.0,0.0,2.0,64.5,48.9,0.0,0.0,0.4,3.8,723.0,185.0,0.0,24.0,5.0,41.0,65.1,2.8,4.0,0.0,1.1,33.4,1.4,0.4,0.2,7.9,0,0.3,2.1,56.7,0.0,3.5,3.0,0.5,20.7,0.4,0.7,0.0,0.0,0,0.0,3.1,674.0,80.0,22.0,21.0,34.0,302.0,0.0,1.0,3.0,161.0,0,4.0,25.0,5.37,2.69,1.99,22.5,0.34,0.09,0.06,2.0,3.05,2.89,2.09,16.6,0.21,0.07,0.05,0.98,1029.0,有,有
490,2024,199.0,67.7,0.0,9.3,0.0,0.0,2.9,20.3,61.9,0.0,3.4,12.7,0.0,0.0,31.2,667.0,3.0,0.0,61.0,10.0,56.0,441.0,75.8,55.2,2.1,0.0,0.0,4.4,47.8,57.4,3.0,14.0,0.0,0.0,624.0,667.0,8.0,0.0,3.0,24.0,48.6,5.9,5.2,6.9,1.3,28.6,2.1,0.2,0.2,8.7,0,0.4,5.5,56.2,8.8,7.3,2.9,1.5,13.0,0.9,0.5,0.1,3.3,0,0.0,2.3,419.0,47.0,0.0,17.0,0.0,277.0,26.0,1.0,0.0,45.0,0,1.0,0.0,4.96,2.71,1.95,24.5,0.19,0.09,0.09,2.1,3.49,2.45,1.58,13.6,0.18,0.04,0.08,1.8,1060.0,有,有
491,2024,461.0,60.9,0.5,0.0,5.5,0.9,0.0,27.4,81.8,0.0,0.0,0.6,5.6,2.8,59.8,843.0,4.0,14.0,0.0,23.0,33.0,165.0,45.7,32.2,0.8,10.0,0.0,8.8,55.3,38.1,3.1,9.9,0.0,0.0,624.0,379.0,16.0,0.0,1.0,0.0,52.9,4.0,5.6,3.3,0.0,29.9,0.0,0.3,0.0,16.1,0,0.0,0.0,66.8,0.0,6.4,5.7,2.7,21.4,0.0,0.2,0.1,1.9,0,0.0,1.5,421.0,0.0,54.0,22.0,16.0,384.0,0.0,0.0,2.0,0.0,0,0.0,160.0,5.4,2.75,2.09,21.4,0.24,0.1,0.07,1.9,5.79,2.68,2.03,24.9,0.19,0.03,0.07,1.46,1000.0,有,有
492,2024,1050.0,41.7,0.0,0.0,3.5,1.1,8.5,68.3,61.9,0.3,1.4,0.0,0.1,1.2,47.9,378.0,5.0,155.0,69.0,38.0,41.0,244.0,53.3,34.2,0.1,0.0,0.0,3.7,37.2,50.8,0.0,6.1,0.0,0.0,457.0,317.0,36.0,0.0,5.0,0.0,69.9,1.4,7.5,0.0,1.5,31.4,1.8,0.5,0.0,4.2,0,0.1,9.8,65.1,2.3,1.7,3.5,1.2,43.8,0.0,0.2,0.0,0.0,0,0.3,9.0,365.0,0.0,42.0,74.0,0.0,491.0,28.0,5.0,0.0,97.0,0,0.0,0.0,5.32,2.75,2.01,22.4,0.21,0.11,0.09,2.2,5.79,2.89,1.5,23.6,0.22,0.06,0.11,1.36,1042.0,有,有
493,2024,624.0,56.6,0.2,7.7,14.0,1.5,1.9,43.6,61.0,0.1,9.4,0.0,2.7,0.8,43.6,470.0,4.0,0.0,0.0,0.0,56.0,333.0,46.9,42.7,2.3,5.7,0.0,4.3,56.5,39.1,2.5,0.0,0.0,8.9,719.0,225.0,34.0,45.0,2.0,30.0,62.1,5.9,3.9,4.2,2.0,29.5,1.9,0.3,0.0,0.0,0,0.0,0.1,42.7,2.4,0.0,3.3,1.9,37.1,2.2,0.0,0.1,0.0,0,0.6,1.4,489.0,61.0,56.0,43.0,22.0,131.0,1.0,0.0,0.0,72.0,0,2.0,0.0,5.13,2.72,1.98,23.5,0.42,0.09,0.07,2.2,5.79,2.89,1.91,17.9,0.17,0.07,0.09,1.78,1122.0,有,有
494,2024,277.0,60.1,0.0,0.0,2.2,0.0,1.2,27.8,10.7,0.8,6.0,0.0,0.7,5.4,44.5,523.0,0.0,56.0,111.0,13.0,22.0,392.0,48.7,49.4,0.2,0.0,0.1,0.0,40.0,47.7,0.4,0.0,0.0,11.8,627.0,297.0,0.0,0.0,0.0,22.0,53.1,5.4,2.2,7.5,0.7,28.5,1.4,0.3,0.0,9.9,0,0.3,9.2,62.4,4.5,4.4,6.3,0.5,23.6,0.0,0.1,0.3,0.0,0,0.6,1.0,657.0,46.0,85.0,45.0,10.0,154.0,28.0,2.0,1.0,43.0,0,0.0,0.0,5.22,2.72,2.07,22.9,0.2,0.09,0.08,1.6,4.82,2.86,2.07,18.9,0.11,0.09,0.05,1.25,1003.0,有,有
495,2024,755.0,58.0,0.0,0.0,2.2,1.0,3.7,26.7,52.0,0.0,0.0,3.9,1.6,3.6,28.1,747.0,6.0,129.0,83.0,0.0,59.0,554.0,57.6,14.3,0.0,0.0,0.0,12.0,45.9,57.9,1.9,0.0,0.1,7.8,599.0,317.0,0.0,52.0,0.0,0.0,74.2,0.5,5.4,4.0,0.7,28.2,0.0,0.2,0.1,0.8,0,0.2,0.0,33.9,0.7,0.0,4.9,3.2,31.2,3.0,0.2,0.3,1.3,0,0.1,0.0,770.0,1.0,18.0,14.0,0.0,418.0,0.0,0.0,0.0,0.0,0,5.0,12.0,5.41,2.69,1.99,23.3,0.25,0.08,0.07,2.1,4.65,2.89,1.8,16.5,0.17,0.09,0.06,1.75,1104.0,有,有
496,2024,804.0,39.7,0.5,5.4,0.0,0.9,2.5,43.1,54.3,0.0,2.8,5.4,0.0,4.0,21.2,412.0,0.0,0.0,0.0,0.0,0.0,419.0,61.8,36.4,2.0,5.7,0.1,0.0,63.1,48.9,0.5,20.6,0.0,0.6,623.0,731.0,0.0,0.0,2.0,7.0,61.7,4.0,9.8,2.9,1.1,29.8,1.3,0.1,0.2,0.0,0,0.0,0.0,69.1,3.5,0.0,2.9,1.8,34.4,1.9,0.0,0.0,0.0,0,0.0,2.3,558.0,23.0,0.0,8.0,0.0,17.0,0.0,5.0,1.0,0.0,0,0.0,16.0,5.46,2.71,2.04,23.7,0.19,0.08,0.08,1.4,5.79,2.17,1.65,24.9,0.21,0.06,0.08,1.39,1044.0,有,有
497,2024,949.0,88.7,0.0,0.0,0.0,2.3,0.8,22.4,50.0,0.3,0.0,3.4,1.9,2.3,37.0,656.0,0.0,151.0,0.0,25.0,74.0,471.0,78.0,39.1,0.0,0.0,0.0,0.0,59.0,29.7,0.4,0.0,0.1,7.5,774.0,479.0,10.0,103.0,1.0,0.0,42.7,1.5,6.6,0.0,1.7,18.4,0.0,0.5,0.1,0.0,0,0.0,10.5,53.6,0.0,5.2,3.6,3.1,39.1,0.0,0.3,0.0,5.3,0,0.4,0.0,690.0,2.0,48.0,94.0,25.0,149.0,21.0,2.0,3.0,0.0,0,6.0,31.0,5.05,2.72,2.04,22.3,0.35,0.09,0.07,1.9,3.96,2.89,1.92,20.2,0.17,0.07,0.07,1.21,1145.0,有,有
498,2024,647.0,56.3,0.1,3.0,2.6,0.0,0.0,31.0,47.8,0.2,0.0,0.0,0.5,3.0,31.8,695.0,2.0,0.0,3.0,1.0,12.0,552.0,70.4,47.2,0.0,0.0,0.4,0.0,67.8,37.6,1.9,0.0,0.0,4.0,553.0,578.0,0.0,89.0,0.0,0.0,88.7,0.0,4.9,2.0,0.0,22.4,0.0,0.2,0.0,0.0,0,0.0,5.3,42.9,8.3,3.1,7.4,2.1,33.8,1.6,0.0,0.0,4.8,0,0.0,7.0,546.0,88.0,65.0,28.0,14.0,416.0,20.0,0.0,0.0,96.0,0,7.0,0.0,5.33,2.72,2.1,20.4,0.27,0.08,0.1,2.4,5.42,2.04,1.34,18.0,0.19,0.08,0.06,1.93,1077.0,有,有
499,2024,671.0,61.5,0.3,10.6,1.8,0.0,3.0,21.5,68.6,0.0,2.7,7.1,0.8,1.2,42.1,690.0,0.0,68.0,77.0,8.0,0.0,231.0,55.8,13.9,1.7,0.0,0.2,1.9,37.5,20.0,1.8,0.0,0.0,0.1,751.0,51.0,46.0,0.0,5.0,24.0,62.9,0.0,6.2,0.0,1.2,26.3,0.5,0.0,0.0,0.0,0,0.0,7.1,47.3,1.0,0.5,0.0,0.5,36.3,1.8,0.4,0.1,0.0,0,0.4,9.7,659.0,2.0,0.0,43.0,0.0,328.0,21.0,0.0,0.0,0.0,0,2.0,118.0,5.27,2.75,2.09,22.4,0.41,0.06,0.08,2.1,5.27,2.82,2.0,24.8,0.2,0.03,0.09,2.15,1068.0,有,有
500,2024,1044.0,78.3,0.2,9.4,3.8,0.1,0.0,21.8,39.1,0.2,1.5,5.1,2.6,2.7,42.0,617.0,0.0,131.0,61.0,0.0,0.0,597.0,74.4,30.7,0.0,9.2,0.1,0.0,33.3,68.7,2.2,0.7,0.2,0.0,465.0,391.0,28.0,7.0,0.0,42.0,47.0,1.9,4.2,4.9,1.1,19.6,1.6,0.2,0.1,0.0,0,0.7,3.2,23.3,5.1,3.1,4.6,3.5,31.8,4.5,0.1,0.2,0.0,0,0.0,0.0,532.0,21.0,23.0,7.0,54.0,492.0,25.0,4.0,1.0,47.0,0,4.0,102.0,5.35,2.77,2.05,22.8,0.31,0.09,0.09,2.3,4.89,2.42,2.03,18.5,0.23,0.04,0.07,1.38,1042.0,有,有
501,2024,275.0,52.6,0.2,3.0,0.0,1.8,1.5,43.7,66.8,0.2,0.0,3.9,2.2,5.6,25.4,596.0,2.0,22.0,103.0,20.0,0.0,318.0,57.8,13.5,3.4,0.0,0.0,7.0,56.0,26.7,1.0,7.1,0.4,0.0,486.0,684.0,5.0,78.0,2.0,51.0,78.1,3.7,4.1,3.8,1.2,21.3,0.6,0.0,0.0,0.0,0,0.2,3.7,71.4,1.5,4.7,0.0,0.0,36.0,0.0,0.0,0.4,2.0,0,0.4,0.0,408.0,0.0,50.0,0.0,23.0,215.0,0.0,0.0,1.0,49.0,0,0.0,0.0,5.19,2.72,1.98,20.8,0.41,0.07,0.09,2.2,5.19,2.15,1.8,23.1,0.15,0.05,0.08,1.14,1060.0,有,有
502,2024,208.0,40.6,0.0,0.0,0.0,0.6,0.0,60.8,52.3,0.1,2.0,7.2,0.0,7.7,25.6,656.0,2.0,92.0,38.0,21.0,57.0,419.0,69.6,36.0,1.2,0.0,0.5,4.0,68.4,34.2,0.4,0.0,0.0,0.0,615.0,531.0,21.0,0.0,1.0,124.0,51.8,0.6,1.7,0.0,1.2,14.4,0.0,0.3,0.2,0.0,0,0.4,11.5,86.8,7.8,1.9,4.6,1.5,32.4,3.0,0.5,0.1,0.0,0,0.0,6.3,393.0,35.0,47.0,52.0,15.0,299.0,0.0,0.0,1.0,8.0,0,6.0,30.0,5.22,2.7,2.08,25.3,0.26,0.08,0.1,2.4,5.79,2.85,0.95,16.6,0.21,0.05,0.1,2.13,1020.0,有,有
503,2024,1076.0,51.4,0.2,1.8,9.9,2.7,0.0,35.9,30.3,0.3,5.8,4.7,0.1,7.0,44.3,656.0,2.0,2.0,108.0,1.0,62.0,406.0,62.3,25.3,0.7,2.2,0.0,7.4,76.6,53.4,0.0,11.6,0.4,2.6,482.0,365.0,12.0,65.0,7.0,14.0,71.3,7.0,0.0,4.1,3.4,23.0,3.9,0.3,0.1,5.0,0,0.0,8.4,69.3,4.4,4.9,2.0,0.6,25.5,1.1,0.2,0.0,9.0,0,0.6,0.0,866.0,26.0,45.0,79.0,32.0,311.0,0.0,7.0,0.0,0.0,0,3.0,31.0,5.26,2.69,2.05,23.3,0.19,0.1,0.09,2.2,4.76,2.89,1.79,20.0,0.14,0.06,0.07,1.03,1026.0,有,有
504,2024,388.0,85.4,0.4,0.0,1.3,0.0,2.8,25.3,19.4,0.0,0.0,2.3,0.0,10.6,35.0,676.0,4.0,0.0,57.0,15.0,42.0,211.0,54.1,32.4,2.5,3.3,0.0,6.6,69.3,33.3,0.0,2.7,0.0,0.0,804.0,307.0,16.0,0.0,0.0,32.0,53.8,0.0,3.5,6.5,2.4,31.6,0.2,0.1,0.0,14.2,0,0.1,6.0,67.8,0.0,3.6,3.0,2.3,22.8,0.8,0.1,0.0,0.0,0,0.2,7.9,527.0,29.0,73.0,0.0,21.0,319.0,54.0,0.0,3.0,80.0,0,0.0,8.0,5.12,2.71,2.06,20.2,0.28,0.1,0.08,2.2,3.57,2.26,1.61,21.0,0.25,0.05,0.09,1.16,1108.0,有,有
505,2024,258.0,47.5,0.2,0.0,5.8,0.2,3.1,33.0,47.7,0.2,0.0,0.0,2.6,5.7,39.9,641.0,0.0,0.0,56.0,1.0,30.0,654.0,30.9,57.2,1.1,3.9,0.4,10.4,56.1,51.8,1.0,0.2,0.6,0.0,496.0,251.0,31.0,22.0,0.0,53.0,47.9,1.4,5.5,4.5,0.1,26.8,3.0,0.2,0.0,4.2,0,0.0,10.0,33.4,2.1,0.8,3.5,2.7,38.9,2.8,0.6,0.0,0.5,0,0.2,6.7,695.0,39.0,8.0,68.0,1.0,356.0,0.0,2.0,3.0,0.0,0,0.0,47.0,5.34,2.74,2.04,24.3,0.25,0.1,0.08,2.1,4.8,1.97,1.79,24.2,0.21,0.09,0.09,1.88,1033.0,有,有
506,2024,1053.0,53.5,0.0,11.7,0.0,0.0,6.3,37.1,68.0,0.0,2.0,3.4,1.8,4.6,5.9,498.0,0.0,175.0,0.0,17.0,51.0,423.0,60.1,43.7,0.7,18.9,0.2,0.0,43.9,35.2,4.4,0.0,0.1,3.7,561.0,608.0,0.0,0.0,3.0,0.0,44.9,1.0,3.2,3.5,0.4,14.6,0.0,0.5,0.0,6.0,0,0.3,6.7,43.1,3.6,3.1,2.2,1.6,28.0,4.4,0.7,0.1,2.3,0,0.3,0.1,366.0,5.0,69.0,62.0,0.0,284.0,3.0,2.0,0.0,2.0,0,0.0,37.0,5.28,2.81,2.0,20.4,0.38,0.09,0.09,2.4,4.65,2.65,1.0,17.3,0.19,0.08,0.09,1.13,1021.0,有,有
507,2024,1017.0,53.6,0.0,0.0,0.0,0.0,6.0,12.5,84.3,0.0,0.0,7.9,0.0,0.0,41.8,579.0,0.0,90.0,93.0,28.0,48.0,249.0,62.5,26.4,1.7,9.8,0.5,10.0,44.7,27.7,0.0,0.0,0.2,4.6,571.0,594.0,18.0,0.0,2.0,0.0,47.3,1.4,8.6,4.2,0.0,13.9,1.4,0.3,0.0,6.9,0,0.3,6.8,44.5,6.0,7.5,0.0,0.0,26.6,2.1,0.0,0.0,0.0,0,0.0,5.9,598.0,56.0,30.0,26.0,7.0,378.0,0.0,4.0,1.0,0.0,0,0.0,93.0,5.41,2.69,2.0,21.1,0.2,0.07,0.09,2.5,4.44,2.3,1.9,19.7,0.26,0.09,0.08,0.97,1035.0,有,有
508,2024,503.0,65.0,0.0,0.0,0.0,2.2,3.3,23.6,43.7,0.1,0.0,0.3,0.0,0.0,4.3,311.0,4.0,103.0,43.0,25.0,49.0,372.0,55.4,41.2,0.5,16.7,0.0,0.0,86.8,57.0,0.0,0.0,0.0,9.2,623.0,603.0,0.0,71.0,1.0,0.0,77.1,3.7,5.1,2.8,1.5,33.3,0.0,0.4,0.0,7.1,0,0.2,2.0,66.3,0.0,0.2,3.2,3.0,23.0,0.0,0.0,0.3,0.0,0,0.0,5.0,451.0,15.0,56.0,36.0,21.0,448.0,33.0,1.0,0.0,13.0,0,0.0,150.0,5.08,2.69,2.01,23.0,0.37,0.09,0.08,1.5,5.34,2.89,1.82,24.9,0.15,0.08,0.09,0.94,1058.0,有,有
509,2024,1000.0,65.5,0.0,6.0,0.0,0.9,8.8,25.0,67.5,0.0,0.0,9.8,0.0,2.6,42.8,366.0,0.0,8.0,0.0,43.0,87.0,384.0,54.8,24.5,0.5,8.5,0.0,6.8,52.0,53.7,1.7,0.6,0.4,4.6,812.0,598.0,0.0,142.0,4.0,83.0,64.5,6.0,6.1,5.6,0.3,5.5,0.7,0.6,0.0,5.5,0,0.0,9.3,59.5,4.5,2.6,3.9,0.0,32.3,0.0,0.1,0.0,0.0,0,0.0,7.3,319.0,106.0,0.0,15.0,4.0,219.0,17.0,0.0,0.0,0.0,0,0.0,0.0,5.19,2.76,1.95,23.7,0.38,0.08,0.08,2.2,3.37,2.89,1.42,24.9,0.09,0.1,0.07,0.82,1063.0,有,有
510,2024,369.0,64.4,0.1,9.5,0.0,0.8,10.5,23.1,57.4,0.0,0.0,7.2,1.6,2.7,50.4,815.0,1.0,19.0,86.0,18.0,0.0,337.0,81.5,30.7,0.8,0.0,0.1,5.3,49.3,5.9,0.0,6.2,0.3,0.0,465.0,493.0,5.0,0.0,4.0,89.0,71.1,2.7,1.1,2.8,2.0,36.2,0.0,0.2,0.1,5.8,0,0.0,2.0,36.7,3.2,8.4,5.7,1.3,24.1,1.5,0.0,0.0,9.8,0,0.0,7.6,535.0,40.0,0.0,1.0,33.0,290.0,32.0,0.0,3.0,144.0,0,1.0,0.0,5.4,2.74,2.02,20.7,0.34,0.08,0.06,2.3,3.52,2.43,1.8,18.2,0.15,0.05,0.06,2.64,1059.0,有,有
511,2024,57.0,50.8,0.0,0.0,0.4,0.5,4.2,49.0,69.9,0.2,0.0,0.0,0.5,0.0,35.7,615.0,3.0,57.0,124.0,24.0,32.0,373.0,61.1,44.2,0.0,8.6,0.6,0.0,51.8,48.4,0.7,0.0,0.8,7.8,791.0,461.0,6.0,58.0,0.0,0.0,62.9,2.4,0.1,1.8,3.1,4.0,1.2,0.4,0.1,0.0,0,0.3,10.4,68.9,9.1,4.1,5.2,2.2,27.4,0.5,0.2,0.0,14.6,0,0.4,6.5,617.0,14.0,57.0,29.0,25.0,452.0,54.0,1.0,2.0,0.0,0,4.0,99.0,5.53,2.75,1.98,22.5,0.39,0.08,0.08,1.9,4.01,2.89,1.73,16.0,0.14,0.08,0.08,1.36,1148.0,有,有
512,2024,859.0,53.9,0.0,11.9,7.0,1.1,3.3,58.1,68.9,0.5,8.0,2.3,1.0,3.9,28.1,437.0,8.0,29.0,0.0,0.0,70.0,300.0,68.0,30.8,0.2,0.0,0.0,4.6,50.9,31.6,1.0,5.5,0.0,0.0,498.0,376.0,16.0,0.0,0.0,0.0,70.3,1.1,5.3,4.7,1.6,16.8,1.0,0.1,0.0,0.0,0,0.6,0.0,69.2,0.0,0.8,4.8,0.4,12.8,2.4,0.5,0.0,11.0,0,0.0,1.4,690.0,39.0,56.0,45.0,0.0,275.0,8.0,4.0,0.0,120.0,0,1.0,10.0,5.25,2.68,2.15,24.4,0.35,0.09,0.09,1.7,5.79,1.58,2.2,21.1,0.23,0.08,0.06,1.41,1009.0,有,有
513,2024,494.0,37.2,0.0,16.5,0.0,1.1,6.4,24.0,37.5,0.1,0.0,3.5,1.4,1.3,48.9,642.0,3.0,42.0,0.0,0.0,80.0,267.0,59.0,48.2,0.6,5.4,0.2,5.1,50.9,35.6,1.7,0.0,0.0,14.1,531.0,300.0,31.0,0.0,4.0,0.0,53.5,0.0,4.8,1.9,3.3,26.5,0.0,0.4,0.0,10.9,0,0.2,9.8,83.5,1.9,2.7,2.0,2.9,21.6,1.0,0.2,0.1,0.0,0,0.0,4.3,711.0,0.0,50.0,8.0,36.0,230.0,0.0,2.0,0.0,69.0,0,0.0,106.0,5.24,2.75,2.07,20.8,0.28,0.07,0.08,2.2,5.06,2.89,2.2,24.3,0.2,0.08,0.05,1.31,1057.0,有,無
514,2024,1003.0,58.3,0.1,14.0,1.2,1.1,3.5,28.9,56.7,0.0,0.0,0.0,0.0,3.0,26.8,529.0,2.0,0.0,77.0,31.0,58.0,427.0,67.5,42.8,1.3,2.4,0.3,0.0,70.9,40.3,1.9,0.0,0.0,7.8,587.0,353.0,0.0,0.0,0.0,20.0,51.3,5.0,11.3,0.0,0.5,14.7,0.3,0.2,0.2,3.7,0,0.0,9.0,76.5,3.4,4.5,0.0,1.8,32.5,1.4,0.2,0.1,0.0,0,0.3,5.9,733.0,56.0,52.0,49.0,0.0,356.0,43.0,0.0,2.0,0.0,0,0.0,82.0,5.26,2.69,2.02,21.2,0.44,0.08,0.08,2.4,5.79,2.89,2.2,23.2,0.21,0.04,0.07,1.52,1026.0,有,有
515,2024,323.0,60.9,0.4,8.3,4.7,0.0,0.7,33.6,68.4,0.0,0.0,0.0,1.9,4.7,40.1,608.0,0.0,0.0,25.0,1.0,4.0,466.0,54.9,39.6,0.0,0.0,0.2,0.0,63.4,45.5,1.8,3.8,0.4,8.7,709.0,204.0,38.0,18.0,3.0,9.0,47.2,5.0,2.0,5.3,0.9,13.0,0.3,0.1,0.1,9.0,0,0.3,5.4,36.9,8.0,6.4,4.8,0.7,32.3,0.0,0.0,0.1,0.0,0,0.5,15.4,671.0,59.0,23.0,26.0,16.0,367.0,40.0,3.0,0.0,0.0,0,0.0,26.0,5.07,2.73,2.08,22.5,0.25,0.09,0.08,1.8,4.01,2.89,1.64,22.2,0.19,0.08,0.08,1.64,1029.0,有,有
516,2024,340.0,50.0,0.1,7.2,2.6,1.5,0.3,20.6,26.2,0.4,0.0,0.6,0.0,0.0,38.1,274.0,2.0,136.0,84.0,9.0,75.0,349.0,72.2,37.0,1.0,19.4,0.0,0.0,51.2,45.7,0.6,7.4,0.0,9.2,839.0,444.0,59.0,0.0,2.0,0.0,43.1,2.7,8.3,1.1,0.0,25.3,1.9,0.2,0.0,8.6,0,0.3,6.4,51.8,3.7,0.0,2.2,1.3,34.6,2.6,0.0,0.1,0.0,0,0.5,1.0,574.0,10.0,47.0,64.0,14.0,236.0,52.0,4.0,2.0,48.0,0,3.0,58.0,5.1,2.74,2.02,19.3,0.2,0.08,0.09,1.8,5.79,1.97,0.95,11.1,0.17,0.07,0.03,0.45,990.0,有,有
517,2024,175.0,61.9,0.0,1.5,0.0,0.5,6.4,36.7,79.9,0.2,0.0,9.4,2.2,0.0,40.4,563.0,0.0,44.0,148.0,0.0,0.0,431.0,56.6,33.6,2.6,9.2,0.0,0.0,77.8,36.1,1.7,0.0,0.5,21.2,436.0,427.0,0.0,153.0,2.0,89.0,58.6,4.3,4.1,2.4,0.0,26.9,0.0,0.7,0.1,0.0,0,0.2,17.2,42.6,4.2,0.9,2.2,1.6,36.7,2.7,0.7,0.0,0.1,0,0.0,13.4,447.0,1.0,63.0,7.0,43.0,471.0,22.0,3.0,1.0,0.0,0,0.0,40.0,5.39,2.68,2.07,21.4,0.4,0.08,0.09,1.9,5.79,2.86,2.2,13.6,0.19,0.06,0.06,0.93,1066.0,有,有
518,2024,691.0,40.6,0.0,0.0,0.0,0.1,2.6,11.6,86.8,0.4,0.0,6.8,3.2,0.8,33.9,729.0,6.0,63.0,0.0,2.0,28.0,356.0,42.5,22.6,0.0,0.0,0.0,2.1,55.8,36.6,1.5,0.0,0.0,0.0,594.0,455.0,0.0,118.0,2.0,145.0,71.9,3.7,1.0,2.6,0.0,28.8,0.0,0.2,0.1,0.0,0,0.2,0.0,69.8,0.0,8.7,1.4,1.3,23.2,0.0,0.0,0.1,0.0,0,0.2,9.7,456.0,0.0,16.0,26.0,40.0,415.0,3.0,6.0,0.0,5.0,0,8.0,0.0,5.28,2.77,1.95,22.9,0.45,0.08,0.11,2.3,3.12,2.23,1.11,24.9,0.23,0.06,0.06,1.72,1067.0,有,有
519,2024,672.0,32.7,0.5,1.9,1.5,2.1,5.7,27.6,46.6,0.1,2.4,0.0,2.9,2.9,49.8,686.0,4.0,46.0,66.0,0.0,38.0,452.0,78.9,33.0,0.0,6.8,0.1,4.5,49.9,42.6,0.8,0.0,0.5,5.0,579.0,513.0,21.0,0.0,2.0,112.0,69.0,4.2,3.8,7.0,0.0,28.5,0.0,0.4,0.0,12.1,0,0.1,0.0,40.8,4.8,5.0,6.4,2.0,34.8,0.3,0.4,0.0,0.0,0,0.0,6.7,659.0,35.0,0.0,63.0,7.0,319.0,15.0,0.0,2.0,0.0,0,3.0,0.0,5.26,2.7,2.0,23.1,0.52,0.08,0.1,2.0,5.79,1.68,1.94,22.6,0.18,0.07,0.08,1.72,1083.0,有,有
520,2024,403.0,51.0,0.0,0.4,0.8,0.1,1.1,20.1,56.5,0.4,4.1,7.0,0.0,3.6,52.6,651.0,3.0,0.0,54.0,27.0,18.0,356.0,40.0,48.3,3.7,0.0,0.2,0.0,61.3,18.6,1.6,4.7,0.0,9.4,490.0,387.0,0.0,76.0,2.0,78.0,50.1,5.2,2.8,2.5,1.7,32.1,0.6,0.5,0.0,0.0,0,0.1,6.4,59.8,2.8,5.2,6.8,0.6,28.9,1.5,0.0,0.3,4.9,0,0.3,18.0,599.0,39.0,36.0,52.0,14.0,303.0,0.0,6.0,1.0,34.0,0,1.0,118.0,5.31,2.74,2.07,24.0,0.26,0.09,0.1,2.2,5.28,2.89,2.2,14.8,0.23,0.07,0.1,1.09,1026.0,有,有
521,2024,808.0,48.8,0.4,4.6,8.6,0.5,3.6,48.7,73.1,0.0,0.0,0.0,3.4,0.2,62.2,666.0,0.0,0.0,0.0,18.0,31.0,460.0,78.9,40.0,3.3,0.0,0.2,3.2,62.6,36.5,0.0,6.1,0.3,14.1,644.0,695.0,0.0,7.0,3.0,29.0,47.2,1.4,0.0,1.4,1.4,38.0,1.7,0.1,0.0,6.7,0,0.0,8.4,36.8,0.0,6.1,0.0,0.9,22.7,0.8,0.5,0.0,1.3,0,0.0,7.5,658.0,40.0,65.0,24.0,20.0,403.0,19.0,3.0,0.0,0.0,0,1.0,10.0,5.33,2.69,2.01,24.2,0.36,0.07,0.11,1.8,5.79,2.2,1.52,23.2,0.24,0.07,0.07,2.0,1026.0,有,有
522,2024,869.0,75.2,0.0,13.4,7.6,0.2,0.9,51.1,55.8,0.2,1.8,0.0,0.0,4.1,42.4,852.0,0.0,0.0,131.0,10.0,0.0,477.0,55.3,53.9,1.4,3.9,0.2,0.0,55.0,68.7,3.6,12.1,0.5,5.8,413.0,447.0,0.0,0.0,3.0,0.0,62.3,0.6,3.5,3.3,2.2,23.7,2.2,0.0,0.1,8.5,0,0.5,0.0,66.8,6.4,7.0,3.9,2.0,43.4,0.0,0.0,0.0,0.0,0,0.5,10.7,522.0,26.0,25.0,37.0,0.0,186.0,6.0,3.0,0.0,0.0,0,2.0,0.0,5.18,2.72,2.02,22.8,0.31,0.09,0.11,1.9,5.61,2.19,1.62,18.9,0.19,0.09,0.09,1.56,997.0,有,有
523,2024,342.0,65.1,0.2,1.9,3.0,1.5,0.5,37.4,26.8,0.0,2.6,5.6,0.0,0.4,47.2,531.0,0.0,0.0,0.0,0.0,13.0,327.0,56.1,30.4,1.3,0.0,0.0,11.2,75.7,35.0,1.4,0.0,0.2,3.7,104.0,359.0,39.0,141.0,0.0,39.0,35.2,0.0,9.1,3.2,4.3,33.9,0.0,0.1,0.0,0.0,0,0.1,7.0,51.2,3.5,2.6,1.9,3.4,32.4,1.4,0.3,0.0,13.7,0,0.2,5.5,471.0,0.0,47.0,0.0,37.0,244.0,0.0,7.0,2.0,67.0,0,4.0,0.0,5.29,2.77,2.09,21.9,0.27,0.08,0.07,2.1,5.5,2.72,1.34,18.0,0.26,0.06,0.07,1.48,1045.0,有,有
524,2024,75.0,55.8,0.2,0.0,7.3,2.2,5.0,35.0,80.7,0.0,0.0,0.0,2.0,3.3,28.7,443.0,4.0,51.0,48.0,18.0,9.0,590.0,54.9,8.1,2.3,0.0,0.0,0.0,47.5,15.4,0.0,2.3,0.0,13.5,541.0,433.0,0.0,3.0,1.0,63.0,35.1,4.4,6.7,4.3,1.0,37.5,0.2,0.3,0.0,0.0,0,0.0,5.4,55.7,0.0,0.5,4.6,2.2,26.7,0.0,0.5,0.0,6.6,0,0.4,5.0,446.0,52.0,0.0,0.0,2.0,239.0,0.0,4.0,2.0,0.0,0,3.0,85.0,5.36,2.77,1.99,23.7,0.19,0.09,0.09,2.1,5.65,2.83,2.2,24.6,0.18,0.06,0.06,1.7,1021.0,有,有
525,2024,838.0,56.2,0.2,1.4,0.0,0.0,1.6,39.1,50.3,0.8,0.0,0.0,3.5,8.8,25.9,475.0,1.0,0.0,87.0,50.0,63.0,274.0,40.1,32.1,0.0,0.0,0.0,9.5,55.4,47.6,0.7,0.0,0.4,0.0,575.0,348.0,0.0,0.0,2.0,72.0,59.5,2.5,11.0,4.4,0.2,23.9,1.8,0.3,0.0,1.2,0,0.3,8.4,58.5,0.2,0.0,2.1,0.5,29.5,0.0,0.2,0.0,17.4,0,0.3,11.7,530.0,19.0,98.0,50.0,28.0,345.0,2.0,4.0,0.0,0.0,0,5.0,18.0,5.36,2.72,2.02,20.7,0.42,0.1,0.11,1.9,4.28,2.15,1.38,24.4,0.18,0.1,0.08,1.56,1026.0,有,有
526,2024,921.0,62.3,0.2,0.4,8.0,1.6,4.1,33.3,68.0,0.0,0.0,6.3,2.8,3.8,27.7,449.0,5.0,0.0,34.0,0.0,1.0,340.0,42.3,47.3,0.6,4.7,0.0,11.9,22.9,32.2,1.8,2.6,0.0,0.0,496.0,282.0,63.0,0.0,0.0,16.0,31.0,2.0,6.6,8.2,0.1,27.5,0.9,0.2,0.4,4.4,0,0.4,5.7,47.6,8.5,8.5,6.5,1.4,20.0,0.5,0.0,0.2,0.0,0,0.0,0.0,519.0,32.0,111.0,59.0,24.0,285.0,3.0,0.0,0.0,62.0,0,10.0,54.0,5.13,2.78,2.15,22.9,0.19,0.08,0.11,2.5,3.08,2.25,2.2,23.2,0.25,0.1,0.1,1.87,1000.0,有,有
527,2024,803.0,63.7,0.3,0.0,0.0,0.0,3.3,51.1,45.4,0.2,0.0,6.0,0.5,2.8,14.8,654.0,0.0,2.0,154.0,9.0,30.0,402.0,23.4,43.0,0.1,0.0,0.2,0.0,52.5,28.1,2.5,7.1,0.2,4.1,410.0,413.0,0.0,0.0,3.0,26.0,70.3,3.5,0.7,0.8,0.5,32.4,1.3,0.3,0.1,0.0,0,0.3,7.4,35.3,0.0,5.2,0.0,2.3,23.8,0.3,0.0,0.2,4.4,0,0.0,6.0,214.0,84.0,0.0,0.0,34.0,459.0,17.0,0.0,0.0,0.0,0,7.0,0.0,5.1,2.72,2.01,23.6,0.35,0.1,0.1,2.4,5.79,2.89,2.01,22.1,0.19,0.07,0.07,1.48,994.0,有,有
528,2024,337.0,38.8,0.2,0.0,0.0,0.4,2.9,26.8,71.8,0.3,12.2,0.0,1.6,7.4,36.8,468.0,2.0,7.0,36.0,11.0,72.0,487.0,61.0,21.5,0.7,8.8,0.0,0.0,71.5,57.0,3.7,3.2,0.6,5.4,684.0,557.0,0.0,2.0,1.0,0.0,27.3,0.6,4.2,5.2,1.1,17.2,1.2,0.1,0.0,4.9,0,0.0,0.0,58.3,6.2,8.6,4.1,4.9,32.4,0.9,0.6,0.3,0.0,0,0.0,0.0,431.0,7.0,73.0,47.0,10.0,191.0,23.0,0.0,0.0,69.0,0,2.0,0.0,5.33,2.68,2.05,23.9,0.19,0.07,0.09,2.1,5.19,2.4,2.2,16.9,0.22,0.07,0.05,1.78,1036.0,有,有
529,2024,88.0,78.6,0.0,4.9,6.9,0.0,1.2,31.4,61.0,0.3,3.3,3.7,0.0,3.1,54.4,206.0,0.0,0.0,17.0,0.0,35.0,485.0,67.4,42.4,1.9,0.0,0.0,8.8,37.5,31.6,3.0,0.0,0.1,6.0,557.0,344.0,28.0,100.0,0.0,87.0,48.9,0.9,5.5,0.9,1.4,44.1,0.4,0.0,0.0,9.9,0,0.0,11.5,49.8,1.1,8.6,5.0,0.6,30.4,2.0,0.1,0.0,5.4,0,0.2,0.0,508.0,37.0,33.0,68.0,0.0,399.0,9.0,1.0,0.0,19.0,0,3.0,19.0,5.37,2.78,2.07,20.8,0.33,0.08,0.09,1.9,5.52,1.8,1.77,24.9,0.23,0.07,0.03,0.66,1102.0,有,有
530,2024,19.0,30.0,0.1,5.8,1.8,1.7,7.3,66.3,50.5,0.0,0.0,0.0,0.9,0.0,40.2,866.0,4.0,69.0,51.0,0.0,0.0,50.0,73.9,13.5,2.4,5.3,0.0,0.0,45.7,32.5,0.0,0.0,0.3,2.3,816.0,392.0,0.0,7.0,9.0,0.0,46.0,3.7,3.6,0.0,2.6,43.7,2.7,0.0,0.0,5.7,0,0.0,4.9,52.9,2.3,6.8,2.8,3.8,44.4,0.0,0.0,0.2,0.0,0,0.6,5.2,639.0,0.0,84.0,62.0,10.0,293.0,9.0,8.0,2.0,107.0,0,0.0,154.0,5.43,2.75,2.13,23.8,0.2,0.08,0.1,2.1,5.79,1.77,2.08,18.1,0.12,0.07,0.09,1.37,1160.0,有,有
531,2024,77.0,67.9,0.0,0.0,4.6,0.0,3.7,35.1,44.9,0.0,6.5,0.9,3.3,0.0,26.6,518.0,2.0,0.0,42.0,0.0,41.0,517.0,55.4,41.0,2.7,0.5,0.2,6.4,56.5,49.9,3.6,0.2,0.0,0.0,737.0,488.0,17.0,60.0,2.0,77.0,73.8,1.0,2.9,7.5,1.5,23.8,0.7,0.5,0.0,7.1,0,0.0,3.9,45.1,0.0,4.7,3.6,0.1,11.9,1.3,0.4,0.0,2.1,0,0.0,0.3,600.0,85.0,5.0,94.0,32.0,284.0,18.0,0.0,0.0,0.0,0,2.0,64.0,5.13,2.75,1.97,20.3,0.37,0.07,0.1,2.0,4.26,2.89,1.83,24.9,0.22,0.08,0.09,1.56,994.0,有,有
532,2024,745.0,57.3,0.0,5.9,0.0,0.8,3.9,33.8,39.3,0.0,12.9,2.0,0.0,0.0,45.2,473.0,4.0,0.0,0.0,19.0,81.0,475.0,54.5,48.5,0.3,3.8,0.0,6.4,69.6,41.6,0.0,10.5,0.3,15.7,794.0,438.0,0.0,0.0,3.0,9.0,62.3,0.0,0.0,0.6,1.9,22.1,1.6,0.5,0.0,13.3,0,0.0,4.2,80.0,5.8,1.4,4.2,1.1,14.1,0.0,0.1,0.0,0.0,0,0.1,2.1,554.0,58.0,29.0,47.0,43.0,224.0,11.0,3.0,0.0,0.0,0,0.0,56.0,5.26,2.76,2.19,24.0,0.19,0.08,0.07,2.1,4.54,2.89,1.93,19.0,0.19,0.11,0.05,1.26,1032.0,有,有
533,2024,766.0,50.1,0.0,0.4,1.2,0.0,9.4,53.7,56.4,0.1,0.0,6.7,2.6,0.0,33.9,510.0,5.0,0.0,54.0,0.0,27.0,309.0,83.5,40.6,0.1,0.0,0.0,5.7,61.5,50.7,0.3,0.0,0.0,7.2,316.0,387.0,26.0,0.0,2.0,0.0,67.9,3.4,2.2,5.6,3.8,30.2,0.0,0.0,0.1,0.0,0,0.0,5.4,32.6,2.1,0.0,0.9,1.6,25.1,0.0,0.3,0.0,0.0,0,0.5,2.4,716.0,15.0,81.0,19.0,20.0,196.0,14.0,2.0,0.0,7.0,0,3.0,152.0,5.38,2.73,2.05,22.2,0.21,0.08,0.08,2.3,4.19,2.89,2.07,24.4,0.13,0.07,0.06,1.13,1003.0,有,有
534,2024,542.0,55.9,0.3,2.8,10.5,1.2,0.0,33.0,69.0,0.5,0.0,2.2,2.4,3.4,14.8,538.0,1.0,0.0,7.0,18.0,33.0,247.0,63.6,59.5,0.6,0.0,0.2,7.1,44.0,45.2,0.0,0.0,0.2,1.4,443.0,449.0,9.0,67.0,0.0,14.0,58.9,3.8,2.5,2.6,1.2,25.2,0.5,0.1,0.1,0.0,0,0.6,8.5,46.1,0.0,5.2,2.8,0.0,26.4,0.3,0.1,0.2,2.9,0,0.0,4.7,570.0,33.0,11.0,62.0,22.0,486.0,0.0,7.0,2.0,46.0,0,1.0,118.0,5.21,2.76,2.09,22.6,0.27,0.09,0.08,2.3,5.79,2.56,2.2,24.9,0.26,0.05,0.08,0.99,1084.0,有,有
535,2024,231.0,68.9,0.3,0.0,9.0,0.2,3.8,40.6,37.0,0.0,0.0,12.3,1.3,2.9,27.9,388.0,0.0,0.0,4.0,0.0,0.0,477.0,50.9,41.8,0.7,0.0,0.0,11.1,53.8,33.7,0.2,0.0,0.0,9.9,681.0,601.0,14.0,56.0,0.0,46.0,65.2,1.2,5.6,4.1,0.0,30.6,0.0,0.1,0.1,5.7,0,0.3,7.3,86.8,0.7,3.1,0.0,0.7,32.7,0.0,0.0,0.0,13.4,0,0.5,7.8,334.0,46.0,75.0,0.0,0.0,293.0,26.0,5.0,0.0,0.0,0,2.0,0.0,5.37,2.72,2.01,22.8,0.19,0.07,0.08,1.8,3.38,2.36,1.81,24.8,0.16,0.06,0.08,0.84,1114.0,有,有
536,2024,381.0,34.2,0.0,1.2,6.0,0.0,5.0,42.6,58.2,0.0,0.0,0.0,0.4,3.6,25.8,709.0,2.0,0.0,43.0,0.0,76.0,416.0,66.7,31.4,0.5,0.0,0.1,5.1,54.5,28.7,0.0,3.4,0.4,2.9,373.0,514.0,19.0,0.0,3.0,82.0,81.0,5.9,2.4,2.6,3.1,17.8,1.1,0.0,0.0,0.0,0,0.0,0.0,52.4,4.8,0.0,1.5,1.0,20.1,2.7,0.0,0.1,0.0,0,0.0,0.0,543.0,57.0,48.0,0.0,0.0,302.0,13.0,3.0,0.0,38.0,0,0.0,71.0,5.33,2.72,2.1,21.9,0.22,0.06,0.1,1.9,5.79,2.34,1.73,13.4,0.15,0.08,0.09,1.42,1028.0,有,有
537,2024,368.0,41.0,0.0,10.3,0.0,0.1,2.1,42.6,66.9,0.4,1.2,11.3,1.4,8.9,45.9,370.0,1.0,0.0,73.0,17.0,39.0,400.0,70.6,56.2,0.0,4.7,0.3,13.3,41.2,30.6,0.1,3.0,0.9,10.5,325.0,449.0,0.0,0.0,4.0,35.0,43.3,7.3,1.8,0.0,3.0,19.0,0.6,0.0,0.0,0.0,0,0.0,0.0,64.8,0.0,6.9,5.3,1.6,23.6,1.4,0.2,0.0,0.0,0,0.2,0.0,478.0,52.0,61.0,14.0,9.0,356.0,31.0,5.0,0.0,24.0,0,2.0,0.0,5.21,2.72,2.05,22.7,0.39,0.1,0.1,2.1,5.79,2.27,2.03,24.9,0.24,0.06,0.06,1.34,1013.0,有,無
538,2024,879.0,84.4,0.0,0.0,8.6,2.4,5.3,43.8,74.8,0.6,0.0,11.0,2.7,2.6,58.0,783.0,6.0,126.0,0.0,0.0,15.0,428.0,44.6,34.1,0.0,6.8,0.0,0.0,74.4,47.0,0.0,0.0,0.3,1.5,323.0,489.0,19.0,0.0,0.0,0.0,54.3,3.4,1.3,4.3,0.0,29.2,0.0,0.3,0.0,4.2,0,0.3,0.0,35.6,0.0,4.4,4.1,1.7,33.5,2.6,0.0,0.1,3.5,0,0.3,0.0,632.0,20.0,9.0,49.0,0.0,284.0,7.0,2.0,0.0,0.0,0,0.0,51.0,5.39,2.72,2.0,22.2,0.27,0.08,0.07,2.1,4.35,2.89,2.2,23.7,0.21,0.06,0.03,1.54,995.0,有,有
539,2024,787.0,43.0,0.3,2.5,4.6,0.0,0.1,28.2,65.7,0.0,4.0,3.1,0.0,1.2,42.7,404.0,2.0,0.0,34.0,0.0,3.0,396.0,73.5,32.0,0.3,0.0,0.3,10.1,79.2,16.1,1.7,0.0,0.3,3.1,489.0,458.0,4.0,105.0,0.0,0.0,83.8,1.5,3.2,4.0,1.9,7.9,0.1,0.3,0.1,5.6,0,0.5,1.8,43.4,0.0,4.3,5.5,1.8,13.4,2.1,0.3,0.0,2.1,0,0.2,6.1,695.0,42.0,23.0,27.0,37.0,451.0,7.0,6.0,3.0,0.0,0,5.0,0.0,5.14,2.71,2.04,20.6,0.19,0.1,0.06,1.8,4.13,2.64,1.56,17.5,0.23,0.04,0.1,1.3,1097.0,有,有
540,2024,124.0,53.3,0.0,0.0,7.0,1.4,0.0,34.4,37.2,0.0,0.0,5.9,1.5,8.5,30.2,636.0,5.0,28.0,83.0,0.0,22.0,316.0,46.8,29.5,1.8,0.0,0.7,0.0,60.5,35.9,0.0,4.3,0.0,7.0,393.0,418.0,7.0,0.0,4.0,47.0,59.8,1.7,3.3,4.2,3.7,20.4,1.2,0.3,0.0,7.4,0,0.2,4.6,16.3,5.0,3.4,1.1,1.6,18.8,0.4,0.1,0.0,1.3,0,0.6,0.0,597.0,12.0,41.0,28.0,1.0,273.0,13.0,7.0,0.0,161.0,0,0.0,134.0,5.38,2.72,2.03,23.3,0.26,0.08,0.07,2.5,5.47,2.89,2.2,24.7,0.15,0.08,0.07,1.5,991.0,有,有
541,2024,972.0,57.5,0.0,3.4,0.0,1.6,0.0,35.2,42.2,0.2,0.0,6.9,0.9,4.1,36.0,597.0,0.0,0.0,0.0,4.0,31.0,433.0,67.5,33.3,1.0,10.6,0.2,0.1,40.2,54.6,0.8,4.2,0.1,0.0,567.0,239.0,19.0,0.0,0.0,79.0,48.5,4.8,4.2,0.7,0.0,37.6,0.0,0.2,0.0,5.3,0,0.3,7.8,19.3,1.3,4.8,5.7,2.8,36.6,2.7,0.4,0.2,0.0,0,0.3,10.3,689.0,105.0,90.0,0.0,28.0,380.0,11.0,1.0,0.0,130.0,0,2.0,52.0,5.46,2.73,1.99,21.5,0.34,0.08,0.1,2.0,4.82,2.72,1.95,24.9,0.17,0.04,0.08,2.02,1075.0,有,有
542,2024,276.0,59.3,0.0,0.0,16.1,0.0,7.4,12.6,40.6,0.3,9.5,8.7,0.0,4.5,22.9,364.0,0.0,25.0,4.0,15.0,30.0,482.0,64.4,40.0,0.0,2.9,0.0,2.8,45.9,53.9,0.0,0.0,0.2,0.0,683.0,615.0,0.0,13.0,6.0,0.0,26.3,0.1,6.1,0.0,0.2,20.7,0.0,0.1,0.2,2.9,0,0.1,0.0,57.7,6.4,0.0,0.0,1.2,34.6,3.3,0.5,0.0,4.8,0,0.1,6.5,636.0,41.0,41.0,72.0,0.0,527.0,1.0,5.0,0.0,0.0,0,1.0,0.0,5.22,2.73,2.0,23.3,0.36,0.07,0.1,2.0,2.71,2.89,1.63,24.1,0.29,0.1,0.07,1.94,1004.0,有,有
543,2024,547.0,36.5,0.0,0.0,5.0,1.9,0.4,53.1,30.9,0.0,2.5,13.5,1.4,0.0,70.7,697.0,0.0,0.0,38.0,0.0,50.0,535.0,58.4,53.6,3.5,15.7,0.0,6.6,52.3,52.0,0.5,0.0,0.0,0.0,250.0,626.0,16.0,128.0,0.0,108.0,26.4,1.3,4.4,2.6,1.0,31.4,3.2,0.5,0.1,0.2,0,0.0,3.8,61.0,3.4,1.4,0.0,2.9,39.3,1.8,0.3,0.0,0.0,0,0.4,3.3,549.0,37.0,63.0,40.0,40.0,187.0,0.0,2.0,0.0,0.0,0,4.0,20.0,5.19,2.71,2.01,23.4,0.27,0.09,0.09,2.0,3.98,2.89,2.2,24.4,0.22,0.04,0.05,1.69,1050.0,有,有
544,2024,1022.0,60.0,0.2,0.0,3.9,2.4,0.4,27.2,57.0,0.0,0.0,2.7,0.2,5.6,54.5,641.0,0.0,63.0,91.0,0.0,71.0,672.0,53.5,13.2,0.0,6.1,0.4,16.7,54.0,38.8,2.8,0.0,0.0,0.0,576.0,537.0,2.0,72.0,6.0,0.0,52.1,5.9,7.0,7.3,0.0,18.1,1.1,0.6,0.0,0.0,0,0.1,10.0,54.5,1.6,2.3,5.8,1.5,39.7,0.4,0.1,0.1,8.0,0,0.5,0.0,714.0,51.0,26.0,0.0,29.0,437.0,19.0,1.0,3.0,0.0,0,0.0,135.0,5.13,2.69,2.03,22.3,0.29,0.09,0.09,2.0,5.79,2.79,2.2,24.9,0.27,0.06,0.05,1.57,1025.0,有,有
545,2024,1095.0,78.5,0.7,5.3,0.0,0.2,1.3,37.9,51.9,0.2,4.4,8.9,1.6,5.9,44.4,391.0,0.0,125.0,28.0,25.0,24.0,525.0,21.1,43.0,1.9,0.0,0.0,12.8,37.6,36.9,1.1,2.8,0.5,5.3,862.0,306.0,4.0,0.0,3.0,0.0,28.3,7.1,3.6,4.4,2.0,37.6,1.7,0.3,0.1,0.0,0,0.1,10.8,66.6,3.8,3.9,6.5,1.4,34.3,0.1,0.1,0.0,0.0,0,0.2,3.5,396.0,42.0,104.0,32.0,27.0,460.0,20.0,0.0,2.0,0.0,0,0.0,27.0,5.3,2.74,2.05,20.8,0.19,0.08,0.07,2.9,5.79,2.89,1.8,24.9,0.18,0.1,0.1,1.72,1067.0,有,有
546,2024,399.0,36.9,0.3,25.2,2.5,1.0,0.0,33.6,47.6,0.1,13.5,7.6,0.0,4.5,16.0,585.0,1.0,39.0,4.0,11.0,47.0,278.0,25.1,36.7,0.3,2.6,0.0,2.5,49.2,44.8,0.6,12.6,0.3,4.0,419.0,676.0,11.0,106.0,0.0,93.0,41.8,0.0,0.0,2.6,1.3,32.2,0.0,0.2,0.1,0.0,0,0.4,0.0,55.2,3.5,1.8,4.6,0.1,29.8,2.1,0.4,0.0,7.6,0,0.1,0.0,802.0,0.0,14.0,67.0,12.0,435.0,0.0,0.0,0.0,58.0,0,4.0,54.0,5.17,2.7,2.0,22.1,0.19,0.08,0.09,1.9,5.74,1.65,1.68,16.5,0.14,0.09,0.03,1.63,1074.0,有,無
547,2024,712.0,45.3,0.3,7.4,7.9,2.6,3.1,36.1,26.8,0.2,15.9,1.2,0.0,5.6,40.4,395.0,0.0,85.0,61.0,7.0,68.0,436.0,57.4,11.8,0.9,0.0,0.1,0.0,73.1,54.0,0.1,5.3,0.0,4.2,618.0,158.0,10.0,13.0,11.0,18.0,83.3,3.9,0.3,1.8,0.0,19.6,0.7,0.0,0.0,16.6,0,0.0,7.4,52.7,3.9,1.6,4.0,0.0,40.6,0.0,0.0,0.1,0.0,0,0.0,0.9,733.0,27.0,30.0,23.0,12.0,506.0,0.0,4.0,1.0,16.0,0,6.0,0.0,5.22,2.74,2.09,23.4,0.33,0.08,0.11,2.3,5.44,2.89,1.84,18.7,0.2,0.05,0.07,1.03,1105.0,有,有
548,2024,310.0,77.5,0.3,0.0,0.0,2.7,2.8,35.0,37.7,0.0,0.0,0.0,0.0,7.0,28.9,668.0,0.0,0.0,39.0,8.0,33.0,317.0,68.0,26.3,1.4,1.5,0.3,0.0,43.4,31.2,0.2,0.0,0.0,5.9,582.0,491.0,0.0,0.0,2.0,0.0,69.6,0.0,8.6,4.2,0.6,33.3,1.1,0.3,0.0,2.9,0,0.3,0.0,63.5,0.5,8.7,5.8,0.3,22.0,3.0,0.1,0.1,5.3,0,0.2,0.0,587.0,40.0,59.0,0.0,17.0,189.0,0.0,0.0,0.0,0.0,0,2.0,25.0,5.47,2.74,2.0,20.1,0.2,0.1,0.12,2.0,4.76,2.08,1.44,19.8,0.23,0.08,0.06,1.56,1006.0,有,有
549,2024,330.0,70.9,0.1,0.0,0.6,0.7,2.5,32.6,26.5,0.0,5.1,9.9,5.9,2.2,41.4,647.0,1.0,25.0,63.0,14.0,0.0,266.0,59.9,28.8,0.6,0.0,0.1,12.7,53.7,36.2,4.3,5.9,0.1,0.0,429.0,691.0,9.0,21.0,0.0,75.0,48.9,5.1,5.0,2.9,0.0,15.9,0.7,0.2,0.0,0.0,0,0.2,12.4,72.6,1.7,5.2,3.9,0.0,14.1,0.0,0.4,0.3,0.0,0,0.0,6.9,554.0,57.0,60.0,0.0,0.0,318.0,22.0,3.0,1.0,0.0,0,0.0,0.0,5.34,2.73,2.01,22.0,0.34,0.09,0.09,2.3,4.41,2.37,1.68,24.9,0.18,0.08,0.05,1.5,954.0,有,無
550,2024,1004.0,64.8,0.7,0.0,0.0,0.5,7.0,48.2,73.1,0.3,11.5,3.5,1.3,2.7,33.5,495.0,2.0,107.0,62.0,0.0,59.0,398.0,73.9,19.7,2.0,0.0,0.0,6.5,46.5,65.0,0.2,8.9,0.0,4.7,734.0,277.0,25.0,0.0,0.0,0.0,69.1,5.3,3.6,3.1,1.9,13.3,1.0,0.2,0.1,0.0,0,0.0,5.0,41.8,0.0,1.5,5.3,2.0,43.2,0.8,0.4,0.3,0.0,0,0.6,11.4,734.0,54.0,0.0,52.0,0.0,198.0,0.0,7.0,0.0,0.0,0,0.0,25.0,5.26,2.71,2.08,21.9,0.23,0.08,0.09,2.2,5.79,2.89,2.2,22.9,0.19,0.03,0.05,1.01,996.0,有,有
551,2024,799.0,36.7,0.0,0.1,16.4,0.0,0.1,14.0,30.4,0.0,3.7,5.4,0.0,4.3,41.8,399.0,0.0,28.0,44.0,3.0,3.0,321.0,41.0,45.6,0.0,9.9,0.0,10.4,53.5,19.6,0.8,3.9,0.0,1.9,474.0,226.0,26.0,0.0,1.0,10.0,75.0,2.3,2.5,5.5,2.1,23.4,3.6,0.1,0.3,0.3,0,0.0,7.4,58.2,3.6,4.8,0.0,2.6,33.8,0.0,0.1,0.0,7.1,0,0.2,0.0,389.0,3.0,65.0,45.0,4.0,394.0,0.0,1.0,2.0,56.0,0,2.0,0.0,5.04,2.79,2.02,21.8,0.31,0.06,0.08,1.9,5.79,2.89,1.37,19.4,0.19,0.05,0.05,1.75,1008.0,有,有
552,2024,432.0,73.1,0.6,1.3,1.1,0.0,3.2,31.7,45.6,0.0,6.1,0.0,2.1,5.2,70.7,760.0,3.0,0.0,0.0,14.0,0.0,466.0,61.2,17.9,1.0,3.8,0.3,7.9,56.4,39.5,0.3,0.0,0.3,0.0,647.0,462.0,0.0,66.0,7.0,17.0,74.2,4.1,11.1,1.3,2.3,24.4,0.2,0.1,0.2,0.0,0,0.3,13.7,61.0,2.5,2.0,0.0,2.7,27.0,0.1,0.0,0.1,10.5,0,0.0,0.0,367.0,20.0,50.0,46.0,17.0,418.0,27.0,1.0,2.0,88.0,0,0.0,141.0,5.27,2.69,2.12,22.0,0.19,0.1,0.09,1.8,5.79,2.63,2.2,8.5,0.13,0.07,0.06,1.57,993.0,有,有
553,2024,500.0,53.6,0.2,12.7,3.0,0.0,0.8,47.0,41.5,0.1,14.2,3.0,0.0,5.5,36.0,668.0,5.0,1.0,57.0,0.0,33.0,555.0,85.6,42.7,1.3,0.0,0.0,9.0,86.8,33.9,0.0,0.0,0.5,2.3,480.0,350.0,17.0,32.0,2.0,52.0,46.4,4.0,4.5,0.7,2.9,36.5,0.0,0.2,0.1,19.1,0,0.4,0.0,51.9,6.4,3.2,2.0,5.5,25.4,1.0,0.2,0.0,5.5,0,0.0,0.0,573.0,2.0,69.0,84.0,6.0,359.0,0.0,2.0,1.0,37.0,0,2.0,70.0,5.16,2.71,2.09,20.7,0.19,0.08,0.1,1.6,5.51,2.48,1.85,19.8,0.2,0.09,0.12,1.21,990.0,有,有
554,2024,197.0,57.8,0.0,6.8,7.2,1.6,6.2,38.5,66.4,0.0,0.0,8.1,0.0,5.1,50.8,418.0,5.0,0.0,0.0,0.0,61.0,289.0,59.5,30.9,1.4,18.3,0.0,6.1,48.2,53.1,1.9,6.9,0.3,10.5,541.0,259.0,25.0,56.0,0.0,26.0,78.4,0.8,2.8,7.7,1.3,33.8,0.2,0.3,0.1,0.0,0,0.2,0.0,42.3,1.2,5.6,3.1,0.4,25.3,0.0,0.0,0.3,0.2,0,0.0,2.2,656.0,17.0,89.0,30.0,0.0,317.0,4.0,2.0,1.0,11.0,0,3.0,0.0,5.4,2.73,1.99,22.8,0.34,0.09,0.07,2.1,4.67,2.42,1.52,19.0,0.19,0.07,0.05,1.68,1162.0,有,有
555,2024,210.0,62.9,0.3,5.3,0.0,0.0,8.3,34.7,56.9,0.6,12.8,0.0,0.3,8.1,42.8,670.0,3.0,18.0,12.0,20.0,17.0,351.0,59.5,29.1,0.8,0.0,0.0,5.9,71.4,62.4,1.1,3.0,0.3,4.3,389.0,519.0,0.0,0.0,3.0,58.0,43.2,4.5,1.6,5.9,5.0,32.3,0.6,0.1,0.1,7.7,0,0.2,6.6,33.8,4.3,5.4,0.7,1.1,23.6,3.2,0.0,0.0,2.9,0,0.1,5.5,746.0,0.0,39.0,0.0,21.0,224.0,10.0,5.0,1.0,0.0,0,2.0,0.0,5.26,2.67,1.98,20.4,0.38,0.07,0.06,2.1,5.34,2.65,1.79,24.1,0.27,0.07,0.07,1.54,997.0,有,有
556,2024,518.0,73.2,0.3,13.2,1.2,2.1,0.0,43.5,63.7,0.0,0.0,8.1,3.7,0.0,42.5,823.0,2.0,95.0,0.0,24.0,3.0,530.0,36.2,12.5,0.0,7.4,0.3,3.2,75.4,55.4,0.1,0.0,0.3,0.3,562.0,184.0,6.0,0.0,1.0,8.0,54.8,1.0,4.8,3.0,0.0,17.8,0.0,0.1,0.0,6.8,0,0.0,6.3,18.5,2.2,7.1,2.0,1.9,18.2,2.6,0.2,0.0,0.0,0,0.2,0.0,573.0,0.0,21.0,73.0,25.0,319.0,5.0,5.0,2.0,0.0,0,4.0,59.0,5.21,2.78,2.1,22.2,0.26,0.07,0.07,2.0,4.28,2.55,2.2,12.7,0.19,0.04,0.08,2.41,1066.0,有,有
557,2024,398.0,63.7,0.0,0.0,8.0,0.9,0.9,30.4,58.4,0.5,4.0,1.5,1.5,2.0,32.3,519.0,0.0,34.0,8.0,0.0,52.0,360.0,70.4,22.4,0.4,0.0,0.0,8.6,58.6,29.3,1.5,0.0,0.1,7.0,394.0,601.0,11.0,8.0,0.0,127.0,62.3,6.8,4.4,1.7,3.0,21.0,0.0,0.0,0.1,0.0,0,0.3,11.3,61.9,3.3,3.1,0.0,0.2,21.9,0.0,0.0,0.2,3.2,0,0.8,10.9,489.0,41.0,71.0,72.0,25.0,234.0,0.0,2.0,2.0,100.0,0,0.0,26.0,5.25,2.7,2.01,21.0,0.48,0.09,0.08,2.2,3.09,2.89,2.2,14.7,0.15,0.06,0.06,1.86,999.0,有,有
558,2024,80.0,41.6,0.0,9.8,7.8,0.0,2.9,46.9,42.9,0.0,0.0,0.0,0.2,1.9,54.2,518.0,0.0,0.0,53.0,16.0,56.0,212.0,50.7,32.6,0.0,0.2,0.5,9.7,59.9,28.4,1.3,0.0,0.5,2.0,469.0,553.0,22.0,126.0,3.0,61.0,55.3,8.9,3.2,0.8,2.5,22.9,0.0,0.0,0.0,8.9,0,0.4,1.9,68.8,2.6,2.9,0.5,0.0,32.6,0.0,0.1,0.0,0.3,0,0.5,5.6,416.0,22.0,22.0,23.0,8.0,306.0,6.0,2.0,0.0,54.0,0,5.0,107.0,5.18,2.74,2.06,21.6,0.19,0.08,0.09,2.2,5.79,2.56,1.54,13.4,0.27,0.06,0.08,1.43,1057.0,有,有
559,2024,1126.0,78.3,0.0,6.2,7.7,0.0,5.7,25.6,45.1,0.2,0.0,0.0,2.4,8.6,39.9,448.0,1.0,68.0,50.0,53.0,0.0,607.0,52.2,61.7,0.6,9.2,0.5,0.0,71.4,38.7,0.0,17.4,0.1,7.2,857.0,498.0,0.0,0.0,0.0,114.0,54.7,0.8,4.9,1.8,3.1,23.4,1.7,0.1,0.0,0.0,0,0.1,0.0,52.1,4.2,4.6,2.9,1.7,38.4,0.0,0.2,0.0,0.0,0,0.2,7.7,589.0,48.0,14.0,0.0,33.0,386.0,30.0,0.0,0.0,0.0,0,0.0,0.0,5.3,2.69,2.07,24.5,0.31,0.07,0.09,2.0,5.79,2.85,2.2,19.6,0.18,0.09,0.07,1.28,1134.0,有,有
560,2024,236.0,47.6,0.3,1.5,0.5,0.3,5.4,36.8,34.4,0.0,0.0,6.8,2.5,1.8,28.0,629.0,2.0,0.0,20.0,8.0,30.0,324.0,59.7,24.9,1.2,0.0,0.3,1.5,26.1,28.9,0.6,0.0,0.4,0.0,579.0,221.0,29.0,106.0,3.0,15.0,74.5,0.8,1.4,0.8,1.3,34.4,0.2,0.5,0.0,0.9,0,0.2,0.0,55.3,5.2,8.1,3.3,0.7,23.4,1.6,0.0,0.0,0.0,0,0.0,0.0,431.0,33.0,52.0,57.0,15.0,377.0,0.0,1.0,0.0,71.0,0,0.0,50.0,5.19,2.71,2.04,19.5,0.46,0.07,0.11,2.3,5.79,2.89,1.72,24.9,0.19,0.07,0.07,1.54,996.0,有,有
561,2024,1073.0,63.9,0.5,2.8,9.7,0.9,0.6,10.8,62.6,0.1,7.9,3.8,0.0,4.2,25.5,555.0,0.0,0.0,0.0,19.0,66.0,424.0,38.5,33.1,1.6,4.8,0.6,3.0,52.9,51.8,1.4,20.7,0.4,0.0,829.0,507.0,38.0,63.0,0.0,81.0,48.8,2.8,2.4,3.5,1.9,32.4,1.7,0.4,0.2,6.4,0,0.2,2.7,86.8,7.2,0.0,1.8,0.0,28.8,0.0,0.0,0.0,13.4,0,0.0,3.3,521.0,0.0,29.0,44.0,30.0,366.0,11.0,2.0,0.0,120.0,0,1.0,0.0,5.2,2.76,1.96,22.8,0.32,0.1,0.09,2.2,5.79,2.42,1.93,24.9,0.25,0.06,0.01,1.35,1066.0,有,有
562,2024,583.0,69.2,0.6,4.8,1.5,1.0,5.6,19.4,43.8,0.3,2.5,0.0,2.3,0.0,30.6,486.0,0.0,82.0,0.0,20.0,34.0,352.0,76.7,25.7,0.1,0.0,0.0,17.4,69.9,41.3,0.0,1.5,0.2,9.4,537.0,459.0,0.0,0.0,1.0,27.0,43.0,3.3,0.0,1.0,1.7,16.7,0.0,0.0,0.2,6.1,0,0.0,5.1,35.8,1.4,0.1,2.9,2.8,16.5,2.0,0.1,0.0,3.8,0,0.4,0.0,659.0,34.0,42.0,37.0,36.0,256.0,0.0,1.0,1.0,10.0,0,3.0,53.0,5.28,2.67,1.97,24.1,0.25,0.1,0.09,1.8,5.79,2.89,1.44,24.9,0.22,0.05,0.04,2.0,1132.0,有,有
563,2024,639.0,46.4,0.2,2.8,13.6,1.6,4.0,46.1,65.3,0.1,0.0,3.6,0.0,0.6,63.1,590.0,0.0,0.0,32.0,0.0,40.0,588.0,66.5,52.2,0.7,0.0,0.0,0.0,47.0,49.0,0.9,1.6,0.2,2.5,473.0,447.0,28.0,0.0,0.0,44.0,72.6,0.0,4.5,3.5,1.0,30.4,0.9,0.2,0.0,0.0,0,0.0,3.3,61.9,0.5,5.1,0.0,1.9,36.2,0.0,0.4,0.1,6.0,0,0.0,0.0,398.0,0.0,11.0,48.0,33.0,253.0,17.0,6.0,1.0,0.0,0,2.0,60.0,5.53,2.74,2.03,23.7,0.34,0.1,0.09,2.3,3.94,2.51,1.6,21.0,0.26,0.08,0.06,1.07,996.0,有,有
564,2024,522.0,70.6,0.0,0.0,0.0,1.9,3.8,37.0,68.2,0.6,0.0,0.0,1.1,2.4,51.2,671.0,4.0,26.0,27.0,0.0,0.0,303.0,66.2,49.4,1.0,0.0,0.8,4.7,83.0,39.4,0.0,0.0,0.0,0.0,527.0,354.0,21.0,7.0,3.0,46.0,61.0,4.5,5.5,3.7,0.0,31.4,1.5,0.6,0.0,8.2,0,0.2,0.0,65.1,3.9,2.2,0.2,4.2,29.4,2.8,0.0,0.1,7.8,0,0.0,0.0,513.0,11.0,42.0,0.0,7.0,298.0,0.0,0.0,6.0,53.0,0,0.0,0.0,5.24,2.71,2.0,24.8,0.47,0.07,0.08,2.2,5.61,2.89,1.46,24.9,0.18,0.09,0.06,1.3,887.0,有,有
565,2024,442.0,77.9,0.0,0.0,5.5,2.5,4.6,30.6,68.1,0.2,11.9,10.7,1.1,5.2,50.8,522.0,0.0,0.0,127.0,9.0,48.0,423.0,70.1,27.0,0.0,2.6,0.2,0.0,46.8,66.0,0.2,3.5,0.5,0.5,679.0,395.0,33.0,24.0,0.0,13.0,46.1,9.6,2.8,3.4,1.0,26.1,0.0,0.1,0.0,0.0,0,0.2,5.8,69.0,4.7,0.0,2.2,1.3,28.2,0.8,0.0,0.1,7.0,0,0.6,4.2,371.0,25.0,65.0,3.0,3.0,361.0,0.0,0.0,2.0,25.0,0,4.0,60.0,5.02,2.75,1.99,22.7,0.44,0.1,0.1,2.4,4.02,2.89,2.16,17.5,0.13,0.06,0.05,1.52,1025.0,有,有
566,2024,459.0,56.8,0.2,1.5,3.5,0.3,5.0,17.6,40.3,0.0,14.5,0.0,0.9,0.8,43.6,866.0,2.0,60.0,146.0,19.0,31.0,513.0,39.1,7.6,0.1,0.9,0.0,1.0,53.7,48.4,1.2,2.6,0.2,2.8,463.0,263.0,0.0,1.0,0.0,0.0,63.9,0.3,0.0,0.5,0.9,32.3,1.5,0.1,0.0,0.0,0,0.1,16.7,67.1,1.9,5.7,4.7,3.1,26.3,0.0,0.3,0.1,1.5,0,0.2,0.0,701.0,41.0,69.0,17.0,33.0,322.0,23.0,2.0,1.0,0.0,0,0.0,54.0,5.36,2.72,2.09,21.4,0.37,0.1,0.09,1.8,4.16,2.89,1.99,16.6,0.23,0.07,0.09,1.24,1090.0,有,有
567,2024,603.0,58.7,0.5,8.7,1.5,0.5,0.0,27.3,78.9,0.0,7.7,5.5,3.3,5.4,46.1,525.0,6.0,0.0,72.0,7.0,29.0,336.0,59.3,54.7,0.5,0.0,0.1,4.7,49.6,35.3,0.0,0.0,0.3,0.0,816.0,253.0,0.0,6.0,1.0,22.0,80.5,4.9,3.5,1.5,0.0,14.3,0.0,0.2,0.0,0.0,0,0.1,0.0,46.1,4.0,6.5,3.3,2.3,26.6,0.0,0.1,0.0,0.0,0,0.1,0.0,379.0,68.0,113.0,0.0,10.0,357.0,9.0,5.0,1.0,12.0,0,0.0,0.0,5.21,2.68,2.03,19.4,0.32,0.1,0.08,2.1,5.38,2.6,2.2,24.9,0.25,0.08,0.1,0.65,1004.0,有,有
568,2024,38.0,65.0,0.0,3.5,0.0,0.6,4.1,32.1,77.3,0.0,6.0,3.0,0.6,2.3,42.0,672.0,0.0,0.0,0.0,11.0,34.0,374.0,48.2,19.2,0.8,14.7,0.4,0.0,63.4,46.4,0.7,3.3,0.0,3.6,469.0,579.0,0.0,33.0,3.0,33.0,43.2,5.4,6.3,0.7,1.2,21.8,0.4,0.2,0.0,0.0,0,0.3,5.0,61.2,5.5,4.0,4.5,3.4,34.5,4.4,0.0,0.0,0.0,0,0.0,3.4,766.0,0.0,63.0,63.0,23.0,301.0,22.0,2.0,4.0,0.0,0,2.0,55.0,5.18,2.81,2.01,23.1,0.41,0.08,0.09,2.6,5.79,2.89,2.2,21.2,0.22,0.04,0.06,1.24,998.0,有,有
569,2024,920.0,51.8,0.0,0.0,9.7,1.3,7.1,16.4,40.7,0.0,0.0,1.5,1.9,0.0,29.4,593.0,0.0,16.0,106.0,26.0,79.0,428.0,54.0,25.8,1.8,13.8,0.3,0.7,58.1,34.6,0.0,10.9,0.3,1.5,663.0,406.0,39.0,0.0,1.0,33.0,44.8,3.9,6.4,0.9,1.4,37.0,0.1,0.5,0.1,11.8,0,0.4,0.0,42.5,3.3,2.7,0.0,3.8,21.3,0.0,0.5,0.0,9.9,0,0.4,14.5,592.0,67.0,52.0,14.0,14.0,214.0,34.0,0.0,1.0,30.0,0,2.0,0.0,5.3,2.71,2.02,22.3,0.35,0.09,0.08,2.3,3.99,2.54,1.54,19.2,0.24,0.08,0.09,1.72,1024.0,有,有
570,2024,1049.0,60.5,0.0,0.0,0.0,0.6,0.0,9.1,48.7,0.0,6.4,11.6,0.1,7.5,42.8,608.0,0.0,0.0,142.0,25.0,33.0,282.0,68.5,37.4,0.0,10.0,0.5,3.7,37.7,32.9,0.0,0.0,0.3,2.3,454.0,417.0,1.0,65.0,1.0,60.0,49.1,3.7,5.1,3.9,2.6,22.2,0.3,0.4,0.2,0.0,0,0.1,3.4,56.1,5.6,5.5,2.2,0.0,37.6,0.6,0.0,0.0,0.0,0,0.5,1.9,660.0,40.0,41.0,1.0,0.0,338.0,9.0,0.0,2.0,0.0,0,0.0,0.0,5.15,2.73,2.05,20.4,0.19,0.09,0.11,2.1,4.96,1.69,1.28,20.9,0.17,0.07,0.08,2.13,1088.0,有,有
571,2024,67.0,82.0,0.1,11.0,7.9,0.9,2.6,29.0,62.3,0.0,0.0,0.9,0.0,0.0,18.8,376.0,0.0,43.0,0.0,0.0,84.0,360.0,52.7,47.1,0.0,2.8,0.3,6.0,23.6,49.4,1.7,0.7,0.0,2.9,390.0,327.0,0.0,0.0,0.0,78.0,59.1,0.6,0.4,3.7,2.6,17.5,2.8,0.0,0.1,9.0,0,0.0,1.9,22.5,1.9,1.3,3.8,3.9,33.8,2.2,0.3,0.0,12.1,0,0.0,2.3,447.0,0.0,75.0,52.0,14.0,279.0,0.0,2.0,0.0,0.0,0,0.0,0.0,5.25,2.72,2.08,25.6,0.36,0.1,0.1,2.7,4.98,1.82,1.46,24.9,0.21,0.06,0.06,1.73,1009.0,有,有
572,2024,95.0,74.9,0.2,0.0,0.0,1.4,3.7,49.8,72.4,0.0,9.9,0.0,2.8,4.3,26.7,499.0,0.0,141.0,0.0,19.0,18.0,268.0,64.6,66.6,0.0,1.6,0.2,0.4,38.4,73.8,2.2,0.0,0.0,3.6,636.0,425.0,0.0,66.0,0.0,99.0,42.9,4.7,3.1,6.0,1.5,19.0,2.0,0.4,0.1,6.3,0,0.2,0.0,63.0,0.0,2.0,0.2,0.0,17.5,0.0,0.0,0.3,0.0,0,0.2,2.7,819.0,35.0,89.0,56.0,31.0,265.0,4.0,3.0,1.0,89.0,0,0.0,50.0,5.42,2.73,2.03,23.1,0.28,0.08,0.08,2.0,5.27,2.89,2.19,22.6,0.17,0.1,0.05,1.87,1039.0,有,有
573,2024,688.0,48.2,0.0,1.5,5.2,0.0,8.2,43.4,57.7,0.4,0.0,4.5,1.9,0.8,40.9,685.0,4.0,21.0,42.0,12.0,19.0,480.0,56.9,42.7,1.4,0.0,0.0,0.0,62.8,54.1,2.6,0.0,0.1,8.1,755.0,484.0,0.0,0.0,2.0,74.0,48.1,2.2,7.3,0.0,3.1,26.1,2.4,0.5,0.0,0.0,0,0.5,0.0,86.7,1.4,3.6,0.3,0.3,27.5,1.6,0.0,0.2,0.0,0,0.0,3.1,611.0,51.0,23.0,33.0,36.0,286.0,22.0,4.0,0.0,0.0,0,3.0,77.0,5.09,2.74,2.08,23.3,0.4,0.09,0.1,2.0,5.18,2.52,2.2,24.9,0.19,0.06,0.08,1.34,1075.0,有,有
574,2024,756.0,88.7,0.7,8.1,14.9,0.9,0.0,28.6,38.0,0.0,2.6,0.3,3.0,0.0,33.0,833.0,3.0,88.0,0.0,9.0,86.0,490.0,63.5,18.1,0.4,9.7,0.1,0.0,41.3,55.6,1.8,0.0,0.3,1.5,570.0,630.0,0.0,115.0,2.0,0.0,67.4,1.0,2.1,0.2,1.9,31.8,1.5,0.2,0.1,0.0,0,0.0,3.0,58.3,2.9,0.0,3.9,0.0,42.3,4.2,0.0,0.1,1.6,0,0.0,4.1,583.0,22.0,37.0,0.0,34.0,227.0,40.0,3.0,2.0,0.0,0,0.0,78.0,5.3,2.74,2.04,21.3,0.31,0.06,0.1,2.0,4.31,2.89,2.2,24.8,0.18,0.07,0.08,0.93,1012.0,有,有
575,2024,891.0,56.3,0.1,0.0,7.0,1.5,4.8,49.3,76.1,0.0,0.0,8.6,2.0,6.1,44.1,650.0,1.0,10.0,0.0,27.0,34.0,554.0,50.5,42.7,0.0,0.8,0.0,0.2,63.5,27.0,1.1,1.3,0.6,6.5,722.0,654.0,0.0,0.0,1.0,0.0,87.3,6.4,1.1,0.2,0.7,20.0,1.4,0.5,0.2,0.0,0,0.5,3.7,60.2,3.2,1.5,6.4,1.2,18.1,0.4,0.4,0.0,0.0,0,0.0,5.2,760.0,106.0,13.0,43.0,0.0,344.0,26.0,3.0,0.0,0.0,0,1.0,96.0,5.04,2.7,1.95,22.4,0.19,0.09,0.09,2.3,2.51,2.63,1.96,24.9,0.13,0.08,0.07,0.87,1001.0,有,有
576,2024,336.0,43.2,0.0,5.7,6.5,3.4,2.9,21.0,35.0,0.1,0.0,0.0,0.0,0.1,21.6,577.0,3.0,93.0,80.0,0.0,0.0,297.0,32.0,16.2,2.9,12.4,0.0,6.6,42.0,28.7,1.6,6.8,0.2,0.0,570.0,594.0,11.0,1.0,2.0,87.0,58.5,6.1,2.8,5.3,0.0,33.5,0.9,0.0,0.2,8.8,0,0.2,0.0,40.2,2.3,6.1,1.2,1.1,32.9,0.0,0.3,0.1,5.2,0,0.5,0.0,419.0,5.0,58.0,0.0,0.0,431.0,6.0,4.0,1.0,0.0,0,3.0,9.0,5.16,2.8,2.06,23.2,0.33,0.09,0.09,1.7,5.79,1.72,1.54,21.4,0.21,0.1,0.05,0.75,1017.0,有,有
577,2024,158.0,55.9,0.0,5.3,6.5,0.4,0.3,39.6,60.3,0.2,14.0,4.6,0.3,4.7,39.3,398.0,1.0,146.0,35.0,18.0,1.0,495.0,62.4,20.0,0.5,0.0,0.6,3.0,50.1,53.4,0.0,9.5,0.6,0.0,556.0,370.0,2.0,73.0,1.0,17.0,74.2,3.1,6.1,3.3,2.2,21.8,1.6,0.2,0.0,1.0,0,0.1,3.4,61.3,2.0,1.0,5.2,4.0,35.7,2.7,0.0,0.1,17.8,0,0.0,0.0,779.0,17.0,23.0,0.0,0.0,143.0,33.0,4.0,0.0,92.0,0,1.0,0.0,5.38,2.67,2.0,23.6,0.43,0.1,0.08,2.2,4.4,2.89,1.74,19.7,0.08,0.06,0.05,1.13,1122.0,有,有
578,2024,563.0,74.0,0.0,0.0,2.7,0.7,0.0,21.5,59.5,0.9,2.2,0.0,1.0,2.8,52.4,391.0,0.0,73.0,1.0,19.0,49.0,505.0,38.6,43.6,0.1,4.7,0.1,0.4,36.0,35.9,1.0,0.0,0.2,0.0,653.0,623.0,3.0,64.0,9.0,26.0,58.4,2.6,0.2,4.9,0.0,17.1,2.3,0.5,0.2,6.5,0,0.5,0.0,21.8,0.0,2.1,3.0,0.6,34.1,0.0,0.2,0.0,11.4,0,0.4,7.8,450.0,14.0,76.0,32.0,29.0,336.0,11.0,0.0,0.0,0.0,0,2.0,124.0,5.34,2.69,2.1,25.4,0.28,0.1,0.06,2.4,5.79,1.57,2.08,19.0,0.21,0.08,0.06,1.67,1156.0,有,有
579,2024,249.0,61.4,0.2,6.9,0.6,1.1,3.7,45.0,42.8,0.0,0.5,0.0,0.3,4.5,24.1,681.0,0.0,109.0,0.0,0.0,69.0,326.0,65.1,14.7,0.0,0.0,0.0,3.5,61.0,58.1,1.8,0.0,0.3,0.2,372.0,360.0,18.0,0.0,0.0,0.0,40.6,6.9,8.8,0.4,0.0,31.3,1.3,0.5,0.1,6.8,0,0.0,0.2,59.9,0.0,0.6,0.9,0.1,50.3,0.9,0.2,0.0,8.5,0,0.0,9.1,737.0,37.0,82.0,54.0,26.0,224.0,0.0,5.0,3.0,40.0,0,3.0,52.0,5.53,2.71,1.98,23.9,0.22,0.09,0.08,1.9,5.79,1.65,1.33,19.7,0.25,0.06,0.07,1.14,1089.0,有,有
580,2024,780.0,15.4,0.1,4.5,4.3,0.0,0.2,29.1,47.5,0.3,1.0,3.4,2.5,5.3,37.7,724.0,1.0,0.0,81.0,16.0,97.0,387.0,69.9,53.5,1.1,2.2,0.2,9.1,34.3,56.5,3.2,0.0,0.0,0.0,622.0,681.0,9.0,0.0,2.0,35.0,47.9,0.1,2.0,0.1,0.0,24.1,0.1,0.0,0.1,9.7,0,0.3,1.8,85.6,4.5,3.1,0.9,1.6,21.2,0.0,0.0,0.0,0.7,0,0.4,9.5,525.0,43.0,46.0,10.0,23.0,349.0,32.0,6.0,2.0,59.0,0,2.0,63.0,5.3,2.72,2.03,22.1,0.47,0.09,0.06,2.1,5.79,2.33,1.8,18.4,0.11,0.03,0.08,2.36,1057.0,有,有
581,2024,595.0,46.4,0.0,0.0,9.1,0.8,0.0,19.9,73.1,0.2,0.0,0.0,0.0,3.4,43.8,565.0,3.0,0.0,34.0,20.0,38.0,338.0,42.9,36.2,0.0,7.7,0.4,1.9,47.9,59.5,0.6,1.3,0.0,6.2,302.0,417.0,0.0,0.0,5.0,0.0,43.1,5.3,0.0,3.2,1.8,15.3,0.8,0.1,0.0,1.3,0,0.4,3.4,72.1,0.5,2.5,6.3,1.8,38.5,0.9,0.1,0.0,0.0,0,0.4,0.0,618.0,59.0,31.0,1.0,0.0,306.0,0.0,1.0,0.0,0.0,0,3.0,0.0,5.25,2.79,2.05,23.0,0.4,0.08,0.12,2.9,5.79,2.66,2.2,23.8,0.16,0.02,0.04,2.33,1031.0,有,有
582,2024,1006.0,64.2,0.1,1.8,6.9,0.0,0.0,17.5,52.3,0.4,3.0,0.0,2.1,2.3,41.4,416.0,7.0,58.0,33.0,3.0,79.0,370.0,39.9,31.1,0.0,8.2,0.0,0.0,51.8,27.3,0.3,0.0,0.7,0.0,637.0,413.0,0.0,29.0,5.0,75.0,27.9,6.4,4.0,0.1,1.7,34.2,0.7,0.5,0.1,0.0,0,0.2,0.0,58.2,4.1,3.3,3.4,5.9,26.2,2.2,0.1,0.0,3.7,0,0.3,0.9,475.0,53.0,58.0,0.0,0.0,343.0,36.0,6.0,1.0,85.0,0,0.0,117.0,5.04,2.74,2.08,22.9,0.22,0.11,0.1,2.4,3.53,1.88,2.09,24.9,0.15,0.09,0.05,1.75,1048.0,有,有
583,2024,59.0,82.2,0.0,10.7,14.9,1.7,7.0,32.4,65.9,0.0,0.2,7.7,0.7,4.7,41.9,866.0,1.0,146.0,51.0,33.0,11.0,471.0,34.1,21.5,0.0,0.0,0.1,0.4,65.3,75.3,1.2,3.8,0.1,3.9,539.0,294.0,1.0,1.0,0.0,12.0,74.4,7.8,2.4,2.6,0.0,33.9,0.0,0.3,0.1,0.0,0,0.1,0.0,60.5,2.4,0.7,0.0,2.1,33.8,0.0,0.2,0.0,4.2,0,0.0,0.4,525.0,27.0,12.0,30.0,9.0,449.0,20.0,5.0,3.0,0.0,0,2.0,0.0,5.24,2.74,2.04,20.5,0.27,0.08,0.09,2.5,5.78,1.61,1.48,7.3,0.16,0.04,0.06,1.88,1138.0,有,有
584,2024,265.0,42.3,0.0,0.0,0.0,0.0,5.0,34.8,40.8,0.3,0.0,7.6,0.9,8.0,44.8,617.0,5.0,0.0,2.0,14.0,55.0,190.0,58.2,40.6,0.0,0.0,0.0,4.8,21.9,29.4,0.0,0.0,0.1,0.9,542.0,512.0,20.0,0.0,1.0,71.0,62.3,3.5,2.4,3.2,1.5,32.1,1.0,0.2,0.0,0.0,0,0.0,2.5,75.1,4.2,0.0,5.8,0.7,21.8,0.0,0.0,0.0,0.0,0,0.1,0.0,634.0,46.0,76.0,14.0,8.0,402.0,5.0,0.0,1.0,0.0,0,2.0,76.0,5.11,2.79,2.06,22.9,0.42,0.08,0.08,1.7,4.87,2.16,1.25,20.0,0.27,0.05,0.07,1.69,992.0,有,有
585,2024,463.0,51.6,0.1,5.8,0.0,3.2,2.1,31.1,61.7,0.0,0.0,8.9,1.9,3.9,38.0,367.0,2.0,177.0,68.0,13.0,11.0,429.0,65.1,26.0,2.1,1.6,0.2,9.4,51.0,29.6,0.0,0.0,0.0,6.8,274.0,474.0,23.0,53.0,0.0,83.0,50.7,0.0,8.6,1.3,1.1,36.9,1.1,0.2,0.1,0.0,0,0.0,7.3,70.2,6.6,7.7,4.8,2.4,30.2,2.6,0.5,0.0,0.0,0,0.3,18.6,741.0,11.0,44.0,49.0,0.0,290.0,17.0,2.0,1.0,0.0,0,0.0,59.0,5.36,2.79,2.01,19.6,0.28,0.1,0.11,2.3,5.4,2.28,2.2,23.1,0.14,0.11,0.05,1.35,1206.0,有,有
586,2024,308.0,59.5,0.0,0.0,0.0,0.0,4.0,21.4,86.8,0.0,3.3,9.7,1.9,2.4,35.6,573.0,3.0,0.0,93.0,25.0,73.0,567.0,49.1,20.1,0.7,7.8,0.5,11.1,64.9,26.0,0.5,4.6,0.0,1.1,610.0,471.0,14.0,33.0,3.0,54.0,63.3,8.0,6.5,0.5,0.0,39.6,0.1,0.1,0.0,1.4,0,0.3,0.0,36.1,0.0,3.8,1.6,3.3,37.3,1.0,0.0,0.0,0.0,0,0.4,6.5,519.0,14.0,44.0,58.0,0.0,270.0,21.0,4.0,0.0,87.0,0,3.0,0.0,5.31,2.69,2.04,23.9,0.19,0.07,0.1,2.0,5.34,2.82,1.15,14.2,0.26,0.09,0.05,0.7,1021.0,有,有
587,2024,570.0,64.3,0.1,2.9,2.3,0.0,0.0,32.9,48.3,0.3,6.8,0.0,1.0,5.7,39.3,564.0,0.0,65.0,86.0,42.0,46.0,392.0,53.1,29.4,0.0,0.0,0.0,0.0,54.5,42.1,2.3,11.0,0.1,4.7,859.0,218.0,25.0,107.0,0.0,0.0,59.8,5.6,5.0,3.5,2.9,26.2,0.2,0.4,0.0,3.6,0,0.4,10.5,31.4,6.5,10.5,6.8,0.0,41.7,0.0,0.1,0.0,8.9,0,0.0,0.0,800.0,52.0,70.0,99.0,21.0,470.0,0.0,7.0,1.0,0.0,0,6.0,76.0,5.47,2.71,1.95,22.4,0.22,0.11,0.1,2.2,4.76,2.89,2.2,19.5,0.22,0.09,0.05,1.27,1019.0,有,有
588,2024,204.0,66.7,0.0,0.0,0.0,1.8,4.4,46.8,39.7,0.0,0.0,0.0,0.0,0.0,15.4,494.0,1.0,38.0,0.0,19.0,38.0,413.0,43.7,36.6,0.0,0.0,0.2,0.0,50.2,8.5,4.0,9.0,0.3,0.0,478.0,420.0,14.0,0.0,10.0,87.0,60.2,3.2,4.1,1.1,0.5,23.5,0.0,0.0,0.0,0.1,0,0.3,0.0,53.8,5.8,3.7,0.0,0.4,35.1,1.6,0.6,0.0,0.0,0,0.0,2.1,402.0,44.0,46.0,41.0,10.0,240.0,0.0,2.0,0.0,11.0,0,3.0,43.0,5.22,2.73,2.04,22.4,0.25,0.08,0.09,1.9,3.81,2.89,1.66,16.7,0.15,0.08,0.06,1.18,1056.0,有,有
589,2024,642.0,44.5,0.6,3.3,3.4,1.1,3.6,44.7,62.8,0.3,0.0,5.6,1.7,5.2,33.1,352.0,0.0,51.0,140.0,1.0,25.0,372.0,45.4,36.5,0.0,0.0,0.2,0.0,73.1,44.7,1.2,5.8,0.0,0.4,550.0,319.0,39.0,137.0,0.0,0.0,60.7,8.5,6.9,0.5,0.3,15.8,0.7,0.7,0.2,0.0,0,0.1,0.0,36.7,6.0,6.1,7.1,1.0,49.4,0.0,0.2,0.1,0.0,0,0.6,1.5,475.0,40.0,0.0,40.0,0.0,187.0,0.0,5.0,0.0,0.0,0,2.0,20.0,5.63,2.77,2.0,20.9,0.29,0.1,0.1,2.0,5.79,2.89,1.98,21.3,0.18,0.06,0.06,1.28,999.0,有,有
590,2024,945.0,49.4,0.2,1.5,0.0,2.1,3.2,52.5,71.2,0.1,0.0,9.2,3.4,0.4,55.3,569.0,3.0,0.0,16.0,9.0,0.0,412.0,43.7,30.3,1.1,2.3,0.4,0.0,61.0,34.2,1.1,0.0,0.0,0.0,781.0,560.0,5.0,0.0,3.0,108.0,41.9,3.7,3.8,4.2,1.6,21.7,0.0,0.2,0.3,0.0,0,0.8,0.0,48.4,4.2,2.7,0.0,3.3,27.4,0.5,0.5,0.2,3.1,0,0.1,0.0,589.0,0.0,39.0,49.0,1.0,342.0,29.0,3.0,0.0,0.0,0,6.0,0.0,5.1,2.7,2.08,24.4,0.33,0.11,0.09,1.9,3.87,1.43,1.34,24.9,0.27,0.06,0.05,1.51,1041.0,有,有
591,2024,867.0,54.0,0.0,0.0,0.0,1.7,0.0,16.4,53.3,0.0,1.6,0.0,0.0,5.2,36.8,362.0,0.0,104.0,56.0,4.0,48.0,469.0,58.8,40.7,0.0,6.8,0.1,1.0,48.5,42.0,0.2,0.0,0.6,3.2,517.0,598.0,23.0,19.0,4.0,50.0,68.3,7.9,5.1,2.7,0.2,22.3,0.0,0.1,0.0,6.5,0,0.3,0.0,60.9,0.0,4.0,4.5,0.0,33.2,1.2,0.4,0.0,2.8,0,0.0,10.5,741.0,41.0,24.0,23.0,2.0,314.0,21.0,3.0,0.0,115.0,0,6.0,0.0,5.35,2.76,1.99,22.8,0.27,0.1,0.11,2.3,5.79,2.89,1.61,24.9,0.21,0.09,0.07,1.96,971.0,有,有
592,2024,990.0,51.6,0.1,0.0,4.5,1.6,0.1,24.6,67.7,0.0,0.8,1.2,1.5,0.0,49.0,677.0,3.0,0.0,0.0,52.0,87.0,412.0,31.0,16.1,1.1,3.2,0.4,7.2,63.4,27.3,0.0,0.0,0.9,0.0,719.0,429.0,0.0,56.0,0.0,24.0,47.9,0.0,3.6,6.5,1.5,23.1,0.4,0.0,0.0,6.4,0,0.0,0.0,56.7,5.5,3.0,3.3,2.6,37.6,4.5,0.4,0.0,0.0,0,0.4,4.1,646.0,45.0,30.0,0.0,47.0,348.0,0.0,0.0,3.0,98.0,0,0.0,0.0,5.4,2.82,2.08,21.5,0.32,0.1,0.1,2.1,3.27,2.29,1.94,21.8,0.13,0.05,0.06,0.98,1106.0,有,有
593,2024,1110.0,24.8,0.0,22.2,7.6,1.1,8.6,26.8,48.0,0.0,1.2,11.7,0.0,2.9,38.5,767.0,0.0,94.0,40.0,8.0,0.0,230.0,44.0,28.6,0.8,0.0,0.0,0.2,28.5,22.0,1.4,1.4,0.6,3.6,799.0,488.0,18.0,128.0,0.0,35.0,54.6,0.0,4.6,2.4,1.3,15.8,0.0,0.3,0.0,8.4,0,0.3,14.6,32.1,4.8,0.8,0.1,0.0,9.6,1.5,0.4,0.0,1.0,0,0.3,0.0,491.0,0.0,12.0,40.0,28.0,304.0,0.0,2.0,0.0,0.0,0,0.0,68.0,5.42,2.7,2.05,24.8,0.25,0.08,0.09,2.4,5.56,2.29,2.11,12.0,0.2,0.09,0.09,1.56,1038.0,有,有
594,2024,211.0,59.4,0.1,2.0,0.5,0.4,0.0,34.1,54.9,0.3,9.2,15.8,2.4,2.8,36.8,464.0,3.0,0.0,0.0,0.0,25.0,432.0,63.6,41.7,1.0,0.0,0.0,1.6,55.4,42.0,3.6,3.6,0.0,11.4,543.0,512.0,0.0,25.0,2.0,59.0,44.1,0.0,2.7,4.6,2.8,29.7,0.0,0.7,0.1,1.5,0,0.1,9.2,64.2,3.8,3.7,5.9,2.5,21.0,0.0,0.3,0.0,4.2,0,0.2,2.5,866.0,0.0,61.0,24.0,20.0,429.0,0.0,1.0,0.0,56.0,0,0.0,16.0,5.31,2.79,2.05,21.9,0.29,0.08,0.11,2.5,3.83,2.89,1.53,19.5,0.12,0.05,0.06,1.12,1025.0,有,有
595,2024,263.0,59.6,0.0,0.0,6.6,0.0,4.3,26.0,53.7,0.0,5.8,3.7,0.0,0.0,39.1,644.0,2.0,0.0,6.0,15.0,14.0,291.0,50.2,34.4,1.4,1.9,0.1,3.3,33.7,37.1,2.4,8.5,0.0,3.2,826.0,500.0,25.0,0.0,5.0,14.0,48.2,0.0,6.6,5.8,1.5,38.8,0.1,0.0,0.0,0.0,0,0.3,0.0,70.8,7.5,8.0,3.2,0.0,26.5,0.1,0.4,0.1,5.5,0,0.0,0.0,671.0,19.0,35.0,40.0,7.0,170.0,10.0,6.0,0.0,0.0,0,2.0,104.0,5.06,2.73,2.06,21.4,0.28,0.11,0.06,2.2,5.79,1.79,1.56,19.9,0.23,0.06,0.1,1.63,1035.0,有,有
596,2024,417.0,57.7,0.1,0.0,0.4,1.5,1.2,39.4,52.4,0.1,2.9,0.0,1.4,4.8,33.2,541.0,0.0,0.0,1.0,34.0,0.0,141.0,49.1,49.7,1.5,0.0,0.1,0.0,84.3,27.9,1.3,0.0,0.4,8.5,344.0,318.0,22.0,7.0,0.0,23.0,46.0,6.5,0.0,1.5,2.0,35.0,0.0,0.0,0.0,4.3,0,0.3,3.7,31.8,0.2,8.9,7.0,1.9,23.5,0.6,0.2,0.1,0.0,0,0.0,0.7,578.0,62.0,40.0,11.0,15.0,436.0,0.0,0.0,0.0,73.0,0,0.0,20.0,5.15,2.74,2.0,25.7,0.29,0.08,0.08,2.5,5.79,2.89,1.91,24.5,0.13,0.05,0.07,1.4,1143.0,有,有
597,2024,241.0,66.2,0.0,4.3,8.9,1.1,7.5,33.9,55.2,0.0,6.7,0.5,0.0,1.5,57.2,483.0,2.0,0.0,0.0,0.0,48.0,451.0,39.1,31.1,0.6,0.0,0.2,2.8,49.6,32.9,1.2,0.6,0.3,8.4,651.0,436.0,13.0,27.0,0.0,9.0,66.2,5.9,0.5,2.4,2.4,22.8,0.4,0.2,0.0,0.0,0,0.0,1.1,43.1,5.0,0.6,3.1,2.2,22.9,5.4,0.4,0.2,2.7,0,0.0,7.7,490.0,23.0,81.0,51.0,26.0,335.0,3.0,0.0,4.0,0.0,0,0.0,47.0,5.37,2.77,2.03,19.4,0.29,0.08,0.11,2.0,5.79,2.89,2.04,24.9,0.29,0.03,0.08,1.53,967.0,有,有
598,2024,988.0,68.1,0.6,11.1,0.0,0.8,0.0,51.5,71.7,0.0,0.0,0.0,1.7,0.0,47.8,413.0,4.0,19.0,35.0,5.0,30.0,373.0,57.5,32.2,1.0,3.3,0.0,0.0,86.8,33.1,0.9,0.0,0.0,2.8,537.0,235.0,1.0,7.0,3.0,7.0,62.8,3.6,5.8,4.7,1.5,40.7,2.4,0.3,0.0,0.2,0,0.4,0.0,86.8,6.0,5.3,1.9,3.0,25.9,0.8,0.2,0.1,0.0,0,0.2,6.2,508.0,26.0,0.0,9.0,0.0,428.0,1.0,5.0,4.0,3.0,0,0.0,0.0,5.19,2.8,1.98,23.0,0.3,0.1,0.09,2.5,5.79,2.89,2.2,14.0,0.22,0.04,0.05,1.76,1006.0,有,有
599,2024,1064.0,50.8,0.0,9.7,9.9,1.8,5.9,25.6,49.2,0.4,0.0,3.9,2.9,6.0,25.6,526.0,0.0,80.0,21.0,38.0,9.0,408.0,43.0,36.9,1.6,0.0,0.4,0.5,55.2,46.6,2.2,3.2,0.2,7.2,543.0,524.0,16.0,64.0,0.0,0.0,48.2,0.3,12.0,0.0,0.9,29.0,1.8,0.0,0.1,0.0,0,0.0,0.0,51.7,5.8,0.0,7.6,1.8,24.4,2.4,0.1,0.4,10.2,0,0.2,0.1,696.0,17.0,8.0,60.0,0.0,249.0,8.0,1.0,0.0,0.0,0,0.0,0.0,5.4,2.7,2.11,23.8,0.31,0.08,0.09,2.1,3.92,1.68,1.44,12.9,0.2,0.07,0.02,1.52,992.0,有,無
600,2024,772.0,62.2,0.1,6.7,5.4,2.7,3.4,46.5,69.8,0.3,0.0,8.7,1.9,10.0,30.1,578.0,0.0,35.0,0.0,0.0,0.0,323.0,51.7,24.4,1.5,0.0,0.4,1.9,47.2,41.9,1.1,9.4,0.2,4.1,681.0,561.0,0.0,0.0,0.0,0.0,32.1,5.5,0.0,7.7,2.4,27.6,0.0,0.5,0.0,1.4,0,0.0,0.0,67.1,1.0,0.1,5.8,0.3,31.7,2.4,0.0,0.2,2.3,0,0.1,5.0,589.0,10.0,13.0,79.0,6.0,314.0,12.0,0.0,0.0,28.0,0,1.0,93.0,5.5,2.74,2.08,23.8,0.19,0.08,0.1,2.0,5.79,2.89,1.77,20.7,0.25,0.02,0.07,1.44,945.0,有,有
601,2024,811.0,88.7,0.3,13.4,10.8,1.7,2.3,34.4,53.7,0.0,0.0,7.1,0.0,6.8,49.9,578.0,5.0,0.0,63.0,0.0,47.0,391.0,49.3,34.0,0.0,9.5,0.3,0.0,63.2,40.4,0.0,3.9,0.0,3.6,450.0,443.0,16.0,62.0,0.0,18.0,61.2,7.4,3.1,1.5,0.0,31.0,2.5,0.1,0.0,6.4,0,0.0,0.0,53.6,1.0,2.6,1.6,0.0,38.2,1.2,0.5,0.4,0.0,0,0.0,4.4,360.0,24.0,50.0,8.0,27.0,214.0,31.0,4.0,0.0,0.0,0,4.0,53.0,5.44,2.72,2.08,22.1,0.33,0.09,0.09,2.1,5.67,1.61,2.1,11.1,0.14,0.06,0.06,1.52,942.0,有,無
602,2024,50.0,35.6,0.1,11.3,7.2,1.9,0.0,48.3,65.5,0.0,0.0,0.1,3.2,3.5,34.3,519.0,2.0,0.0,187.0,0.0,0.0,199.0,58.6,40.7,1.6,4.1,0.1,8.0,84.3,49.2,0.0,11.1,0.0,2.1,567.0,291.0,0.0,123.0,1.0,106.0,46.4,2.2,8.1,0.0,1.2,45.1,1.9,0.4,0.0,0.0,0,0.2,0.0,44.5,6.9,0.0,4.2,0.0,27.4,0.8,0.2,0.0,12.0,0,0.3,2.7,632.0,0.0,12.0,30.0,39.0,422.0,17.0,0.0,1.0,60.0,0,0.0,29.0,5.13,2.68,1.99,22.0,0.23,0.12,0.07,1.8,5.54,0.95,1.92,21.0,0.17,0.06,0.06,1.7,1044.0,有,有
603,2024,1105.0,50.9,0.0,0.3,3.6,0.0,2.3,10.9,71.6,0.7,5.6,0.0,0.0,6.1,53.2,616.0,0.0,72.0,79.0,20.0,5.0,313.0,81.6,46.9,0.0,0.0,0.6,0.0,45.0,48.8,0.8,5.4,0.6,0.0,592.0,247.0,19.0,44.0,0.0,31.0,75.7,3.3,5.6,7.3,0.0,29.1,0.5,0.3,0.0,2.1,0,0.4,9.0,68.4,0.0,0.8,2.8,0.0,17.2,0.0,0.0,0.0,7.4,0,0.2,8.5,550.0,71.0,0.0,6.0,34.0,288.0,21.0,0.0,2.0,14.0,0,1.0,37.0,5.43,2.73,2.04,20.0,0.24,0.1,0.11,1.8,4.6,2.89,1.69,18.1,0.17,0.07,0.07,1.33,1032.0,有,有
604,2024,366.0,62.7,0.0,0.0,0.0,1.8,6.5,41.0,48.0,0.0,0.0,0.0,0.5,1.1,33.4,582.0,0.0,63.0,0.0,23.0,79.0,409.0,75.0,55.0,0.0,6.0,0.2,0.0,71.6,23.4,1.5,11.0,0.1,0.0,383.0,357.0,31.0,0.0,0.0,68.0,63.0,0.0,7.3,3.0,0.6,28.6,0.8,0.0,0.1,7.0,0,0.0,7.9,48.7,5.5,5.2,5.4,0.7,9.5,2.2,0.0,0.2,0.0,0,0.0,7.9,479.0,14.0,6.0,47.0,13.0,346.0,25.0,3.0,0.0,70.0,0,2.0,80.0,5.2,2.77,2.05,21.9,0.42,0.1,0.11,2.3,5.79,2.37,2.2,14.1,0.22,0.11,0.09,1.6,1001.0,有,有
605,2024,974.0,57.8,0.3,7.3,3.3,1.3,8.9,48.5,57.6,0.0,0.0,0.0,3.2,1.5,16.8,524.0,1.0,54.0,0.0,0.0,50.0,371.0,88.7,36.2,0.2,7.3,0.0,0.5,65.5,55.3,0.5,12.5,0.0,0.0,643.0,387.0,8.0,106.0,1.0,0.0,67.6,2.9,0.0,3.0,0.0,29.8,3.1,0.0,0.1,2.6,0,0.0,0.5,43.6,5.5,4.0,0.0,2.9,36.9,0.0,0.0,0.2,0.0,0,0.3,0.0,388.0,34.0,0.0,33.0,8.0,263.0,7.0,1.0,3.0,71.0,0,9.0,53.0,5.2,2.7,2.05,24.6,0.31,0.09,0.06,1.7,5.79,2.47,1.43,19.4,0.17,0.06,0.08,0.77,989.0,有,有
606,2024,424.0,46.5,0.4,0.0,6.5,3.4,8.0,23.9,54.5,0.4,1.8,0.0,0.0,2.3,45.3,471.0,0.0,0.0,0.0,31.0,53.0,507.0,37.5,37.1,3.2,0.0,0.0,4.8,55.3,36.0,0.9,0.3,0.7,0.0,727.0,594.0,35.0,0.0,2.0,0.0,61.5,1.2,8.1,5.3,1.8,30.3,0.6,0.4,0.0,0.0,0,0.2,5.5,40.3,1.1,0.0,4.0,1.4,14.8,0.0,0.4,0.0,10.6,0,0.0,4.1,599.0,43.0,0.0,0.0,27.0,331.0,0.0,5.0,2.0,0.0,0,3.0,60.0,5.41,2.76,1.96,22.2,0.23,0.11,0.08,2.3,5.59,2.81,1.74,21.7,0.17,0.05,0.06,1.98,1149.0,有,有
607,2024,1089.0,62.4,0.0,0.0,12.5,3.4,3.1,32.2,69.1,0.3,14.4,8.7,1.1,0.0,31.8,774.0,0.0,0.0,0.0,18.0,0.0,288.0,53.5,38.0,1.4,0.0,0.5,3.4,42.4,33.0,0.0,0.0,0.5,5.3,380.0,610.0,4.0,0.0,3.0,83.0,59.4,6.5,2.0,4.2,1.9,20.5,0.0,0.0,0.0,2.2,0,0.1,6.7,49.7,3.3,0.9,2.8,1.6,42.8,2.0,0.3,0.1,0.0,0,0.0,1.5,625.0,90.0,50.0,0.0,18.0,399.0,5.0,1.0,1.0,195.0,0,0.0,3.0,5.1,2.77,1.94,21.0,0.29,0.08,0.07,2.1,5.79,2.54,2.2,18.6,0.24,0.07,0.08,1.54,1033.0,有,有
608,2024,985.0,55.8,0.0,11.8,0.0,1.7,0.9,43.0,60.8,0.0,10.1,0.0,0.9,8.7,32.1,322.0,0.0,20.0,14.0,14.0,78.0,295.0,70.3,46.2,0.0,15.2,0.3,2.9,48.1,27.3,1.2,0.0,0.2,5.6,810.0,477.0,0.0,0.0,0.0,26.0,24.4,6.4,0.9,5.3,0.0,25.6,1.6,0.1,0.1,0.0,0,0.8,6.4,62.3,5.9,10.1,2.5,2.7,28.5,0.6,0.0,0.1,0.0,0,0.0,11.0,627.0,48.0,0.0,9.0,14.0,427.0,22.0,3.0,0.0,132.0,0,0.0,0.0,5.27,2.74,2.03,24.7,0.46,0.09,0.08,2.1,5.79,2.7,2.1,21.3,0.25,0.05,0.08,2.54,1008.0,有,有
609,2024,205.0,72.1,0.5,1.0,0.1,0.0,3.6,26.4,55.4,0.0,1.4,0.2,2.3,1.5,49.2,806.0,0.0,0.0,28.0,0.0,69.0,504.0,70.7,28.3,1.9,0.0,0.2,5.8,40.1,39.2,1.3,0.0,0.4,6.5,600.0,349.0,16.0,1.0,1.0,34.0,59.3,0.3,0.0,7.3,0.0,24.3,0.0,0.3,0.0,2.0,0,0.2,4.6,62.0,1.7,1.4,5.3,4.5,17.3,0.0,0.4,0.0,0.0,0,0.3,2.9,426.0,51.0,59.0,48.0,56.0,315.0,14.0,4.0,3.0,71.0,0,4.0,1.0,5.26,2.76,2.06,25.8,0.2,0.07,0.1,1.4,2.29,2.44,1.3,18.7,0.26,0.08,0.08,1.02,1103.0,有,有
610,2024,938.0,37.0,0.3,0.0,5.6,0.0,2.5,23.5,61.3,0.0,7.2,1.8,3.0,5.1,36.9,553.0,2.0,0.0,0.0,0.0,22.0,340.0,69.1,29.6,0.0,0.0,0.2,2.4,55.6,41.8,2.0,13.9,0.1,2.1,739.0,445.0,18.0,0.0,2.0,78.0,49.2,4.3,8.3,4.8,1.8,23.0,2.0,0.4,0.1,1.3,0,0.0,6.5,59.9,0.0,1.6,2.0,2.2,42.6,2.1,0.1,0.0,0.0,0,0.0,1.8,455.0,45.0,21.0,50.0,14.0,231.0,0.0,2.0,0.0,18.0,0,0.0,101.0,5.25,2.69,2.01,22.4,0.39,0.1,0.11,2.4,5.79,2.72,1.95,12.4,0.16,0.07,0.06,1.35,1061.0,有,有
611,2024,521.0,73.7,0.1,0.0,2.7,0.7,3.0,55.2,49.6,0.0,7.9,0.0,0.0,5.0,35.2,742.0,3.0,6.0,3.0,0.0,68.0,583.0,67.9,37.7,0.4,7.0,0.3,1.4,54.7,34.6,2.7,22.6,0.2,5.4,532.0,447.0,0.0,0.0,2.0,0.0,63.9,9.3,0.4,3.4,1.6,35.2,0.3,0.6,0.0,0.0,0,0.1,3.8,52.0,0.2,2.0,2.9,3.4,40.0,1.7,0.2,0.0,0.0,0,0.0,9.9,629.0,29.0,72.0,0.0,17.0,559.0,7.0,1.0,0.0,24.0,0,8.0,110.0,5.51,2.76,2.04,23.6,0.33,0.11,0.08,2.3,5.18,2.51,2.01,21.0,0.21,0.06,0.07,1.63,1034.0,有,有
612,2024,364.0,60.7,0.5,0.0,0.0,0.0,3.9,43.6,66.0,0.4,3.3,2.2,2.3,4.7,35.9,691.0,0.0,84.0,40.0,42.0,65.0,354.0,70.9,35.5,0.0,15.0,0.0,0.0,75.6,48.1,0.0,0.0,0.4,1.6,421.0,255.0,17.0,188.0,3.0,0.0,63.6,6.0,7.6,6.7,3.7,37.2,1.1,0.2,0.1,21.4,0,0.0,7.9,60.5,6.9,5.4,4.5,0.2,33.8,2.0,0.1,0.1,2.9,0,0.7,1.0,614.0,0.0,53.0,78.0,0.0,125.0,20.0,2.0,2.0,0.0,0,0.0,0.0,5.18,2.72,2.05,24.6,0.22,0.09,0.08,2.2,5.79,2.11,1.81,18.9,0.06,0.06,0.06,1.17,1089.0,有,有
613,2024,813.0,52.5,0.2,7.4,0.0,0.7,4.3,1.9,62.3,0.1,0.0,4.5,1.5,3.2,30.2,403.0,1.0,77.0,21.0,61.0,46.0,395.0,88.7,11.6,3.0,4.2,0.0,0.0,63.2,63.8,2.0,1.3,0.0,4.2,619.0,685.0,56.0,0.0,1.0,0.0,61.3,5.6,4.3,6.2,1.4,37.5,0.2,0.0,0.3,0.0,0,0.7,0.0,53.4,2.7,0.6,5.5,1.6,27.1,6.6,0.0,0.4,1.9,0,0.1,0.0,544.0,0.0,54.0,41.0,15.0,295.0,33.0,7.0,0.0,0.0,0,0.0,9.0,5.07,2.73,2.08,22.1,0.26,0.1,0.1,2.4,5.79,2.5,2.2,20.7,0.16,0.08,0.1,1.45,1045.0,有,有
614,2024,918.0,40.1,0.0,3.0,11.2,0.0,2.7,40.6,37.3,0.1,2.1,12.6,0.0,0.2,26.0,697.0,6.0,86.0,21.0,0.0,34.0,679.0,87.1,36.8,1.6,0.0,0.4,2.8,58.7,27.6,0.0,11.7,0.1,0.0,546.0,272.0,0.0,0.0,1.0,39.0,69.5,2.2,2.1,2.6,2.8,45.0,0.2,0.1,0.1,1.1,0,0.1,0.0,51.8,9.0,4.1,5.4,0.0,35.4,0.0,0.0,0.0,0.0,0,0.2,0.0,559.0,24.0,98.0,0.0,20.0,243.0,23.0,1.0,0.0,4.0,0,2.0,64.0,5.09,2.73,1.98,22.2,0.34,0.06,0.08,2.5,5.04,2.89,1.45,23.1,0.14,0.08,0.07,0.98,1107.0,有,有
615,2024,506.0,76.1,0.0,9.7,12.3,0.7,1.0,32.4,60.4,0.1,6.4,4.3,0.0,0.9,17.1,403.0,0.0,126.0,52.0,6.0,37.0,654.0,82.4,23.2,0.0,0.0,0.3,6.7,73.7,37.4,0.0,14.7,0.2,4.2,355.0,489.0,35.0,0.0,3.0,34.0,56.3,3.9,5.5,3.1,1.5,32.6,1.9,0.1,0.0,4.4,0,0.2,0.0,51.7,3.0,8.3,0.0,0.0,40.9,0.8,0.2,0.1,10.5,0,0.2,6.6,510.0,44.0,39.0,38.0,24.0,289.0,0.0,1.0,4.0,145.0,0,0.0,0.0,5.24,2.68,2.11,21.2,0.3,0.07,0.1,2.1,3.51,2.89,1.77,20.0,0.13,0.05,0.06,1.01,1067.0,有,有
616,2024,565.0,54.2,0.0,0.0,6.0,0.0,3.4,28.5,68.8,0.1,0.0,6.6,3.6,4.9,30.7,470.0,3.0,0.0,0.0,29.0,6.0,407.0,69.2,48.3,0.2,0.0,0.0,0.0,65.6,55.3,0.0,7.7,0.6,2.6,568.0,707.0,31.0,0.0,4.0,0.0,56.0,5.2,0.0,1.4,1.7,31.2,0.6,0.2,0.0,0.0,0,0.0,2.7,78.6,2.3,6.0,0.6,2.5,19.2,0.0,0.4,0.1,1.9,0,0.2,0.0,388.0,10.0,1.0,30.0,0.0,157.0,0.0,2.0,2.0,96.0,0,0.0,0.0,5.43,2.72,2.08,19.4,0.19,0.09,0.08,2.1,3.68,2.33,2.2,21.8,0.27,0.07,0.05,1.9,1059.0,有,有
617,2024,472.0,68.1,0.2,6.6,9.9,0.7,0.0,62.1,65.0,0.1,6.0,1.2,2.2,0.0,54.4,567.0,3.0,2.0,2.0,41.0,32.0,358.0,34.9,39.3,2.6,2.9,0.4,12.6,28.0,43.4,2.7,5.5,0.2,13.7,596.0,586.0,0.0,52.0,4.0,0.0,72.7,5.7,6.4,5.9,0.0,24.1,1.8,0.1,0.0,8.5,0,0.3,2.7,60.0,5.7,4.5,8.2,0.6,36.6,0.0,0.3,0.0,0.0,0,0.2,0.4,548.0,34.0,0.0,61.0,6.0,310.0,14.0,3.0,0.0,12.0,0,6.0,78.0,5.15,2.72,2.03,22.0,0.25,0.09,0.08,2.6,3.46,2.75,1.93,24.9,0.12,0.07,0.08,1.86,1050.0,有,有
618,2024,1062.0,77.9,0.4,0.0,2.0,0.4,0.7,24.9,41.7,0.0,3.8,4.5,1.3,7.8,39.1,455.0,6.0,20.0,48.0,16.0,33.0,378.0,73.2,43.9,1.7,0.0,0.6,2.2,48.4,20.1,0.7,0.0,0.3,7.8,523.0,305.0,17.0,22.0,2.0,57.0,48.4,4.9,2.3,4.5,0.4,17.6,1.3,0.6,0.1,0.0,0,0.0,0.1,31.8,4.0,0.6,0.0,1.7,33.9,2.3,0.3,0.1,7.0,0,0.0,5.5,554.0,22.0,0.0,36.0,0.0,297.0,16.0,0.0,3.0,0.0,0,6.0,0.0,5.12,2.72,2.06,23.7,0.21,0.07,0.09,2.0,5.58,1.91,2.2,15.0,0.12,0.09,0.06,1.21,1126.0,有,有
619,2024,970.0,57.0,0.2,0.0,3.2,0.5,0.8,12.9,46.6,0.2,0.7,2.6,3.8,5.1,54.4,657.0,0.0,0.0,46.0,22.0,29.0,446.0,60.8,40.0,0.0,6.0,0.0,0.0,62.2,37.6,0.2,14.1,0.0,0.0,866.0,336.0,34.0,0.0,0.0,173.0,75.1,2.2,3.4,3.5,1.6,29.2,0.6,0.3,0.2,0.0,0,0.0,5.8,35.1,2.4,6.2,0.0,1.6,32.7,1.9,0.2,0.0,0.0,0,0.0,8.3,832.0,10.0,20.0,46.0,11.0,413.0,17.0,3.0,0.0,0.0,0,1.0,39.0,5.17,2.72,2.03,23.6,0.22,0.08,0.12,2.6,5.79,2.89,1.51,21.2,0.24,0.06,0.09,1.08,964.0,有,有
620,2024,315.0,82.6,0.0,0.0,4.3,0.0,3.1,38.6,61.6,0.3,0.2,7.8,0.3,2.5,46.6,729.0,0.0,0.0,0.0,17.0,59.0,364.0,76.6,13.5,4.5,0.6,0.2,8.9,60.4,29.1,1.2,0.0,0.3,9.6,462.0,266.0,0.0,7.0,0.0,86.0,79.5,3.2,7.1,7.2,0.0,34.0,0.0,0.1,0.1,1.7,0,0.0,0.7,79.7,1.6,8.8,4.6,1.1,34.3,1.1,0.2,0.2,6.3,0,0.2,0.9,474.0,22.0,16.0,33.0,42.0,217.0,18.0,3.0,0.0,130.0,0,1.0,27.0,5.14,2.67,2.07,23.5,0.35,0.09,0.09,2.4,5.79,2.89,1.4,24.3,0.23,0.07,0.08,1.67,1193.0,有,有
621,2024,937.0,65.8,0.2,10.4,0.8,0.6,7.4,50.8,65.1,0.0,0.0,0.1,2.1,6.8,54.1,263.0,2.0,70.0,0.0,16.0,35.0,559.0,59.8,47.5,0.4,0.0,0.0,6.3,23.8,30.0,2.3,13.8,0.2,0.0,755.0,530.0,12.0,9.0,6.0,0.0,57.1,0.0,1.9,1.0,1.9,7.2,0.0,0.1,0.2,4.5,0,0.2,3.6,52.7,7.4,4.9,0.0,0.7,24.9,5.3,0.3,0.3,0.7,0,0.1,11.5,504.0,48.0,54.0,33.0,0.0,362.0,36.0,2.0,0.0,0.0,0,0.0,32.0,5.21,2.78,2.12,24.0,0.34,0.09,0.07,1.9,2.66,2.7,2.02,10.4,0.26,0.07,0.05,1.85,1086.0,有,有
622,2024,456.0,37.7,0.1,2.1,0.0,0.2,6.7,18.4,62.8,0.1,0.0,12.9,0.0,3.4,52.2,850.0,2.0,89.0,89.0,4.0,29.0,459.0,73.2,36.1,0.2,0.0,0.1,0.0,52.9,64.1,0.0,3.1,0.0,6.0,380.0,652.0,31.0,0.0,0.0,7.0,68.5,0.0,5.1,6.0,2.5,8.2,0.4,0.5,0.0,0.0,0,0.2,7.1,43.6,4.6,1.6,1.3,1.4,29.2,0.0,0.8,0.2,0.0,0,0.2,0.0,509.0,2.0,42.0,113.0,0.0,286.0,39.0,0.0,1.0,0.0,0,6.0,0.0,5.22,2.77,2.01,21.1,0.37,0.1,0.07,2.4,5.79,2.25,1.56,17.4,0.31,0.09,0.08,1.52,1065.0,有,有
623,2024,178.0,68.0,0.0,1.2,2.3,0.4,2.8,37.5,46.9,0.0,0.0,0.0,0.0,3.6,33.8,429.0,0.0,161.0,0.0,0.0,44.0,506.0,63.4,29.0,0.4,0.0,0.0,3.8,28.0,62.9,0.0,7.5,0.3,2.1,714.0,306.0,32.0,0.0,0.0,0.0,43.3,3.4,5.5,3.0,1.8,36.5,2.5,0.0,0.0,0.0,0,0.0,2.5,73.0,1.1,5.1,7.8,0.3,32.4,1.5,0.1,0.1,0.0,0,0.2,7.5,855.0,48.0,47.0,0.0,5.0,311.0,0.0,3.0,0.0,46.0,0,0.0,103.0,5.25,2.74,2.04,22.1,0.31,0.1,0.07,2.2,5.7,2.89,1.51,24.9,0.11,0.09,0.06,1.81,1011.0,有,有
624,2024,355.0,70.2,0.4,1.5,10.0,0.0,8.5,45.9,43.4,0.0,3.2,10.3,1.9,8.2,30.7,810.0,2.0,0.0,49.0,0.0,10.0,292.0,60.6,50.4,0.4,0.0,0.0,0.0,47.0,27.4,2.4,10.8,0.0,2.6,866.0,602.0,12.0,0.0,4.0,0.0,57.6,2.8,2.3,2.9,1.6,33.9,1.3,0.0,0.1,0.0,0,0.0,0.0,51.2,0.3,8.3,2.1,0.9,38.4,0.1,0.3,0.0,0.0,0,0.1,1.9,480.0,42.0,30.0,57.0,32.0,292.0,15.0,6.0,0.0,28.0,0,5.0,72.0,5.52,2.76,1.96,24.0,0.19,0.07,0.08,2.1,5.2,2.09,1.44,18.5,0.2,0.05,0.08,1.45,1004.0,有,有
625,2024,55.0,51.5,0.2,0.0,0.0,2.4,3.1,17.3,51.8,0.1,8.1,0.0,0.0,2.1,54.3,522.0,0.0,143.0,0.0,7.0,0.0,170.0,85.0,50.9,1.3,0.0,0.2,0.1,60.8,27.6,2.8,0.0,0.1,0.0,577.0,434.0,6.0,111.0,0.0,32.0,76.0,1.9,3.6,0.0,0.0,36.0,0.0,0.4,0.0,0.0,0,0.2,0.0,24.9,2.7,4.8,5.3,0.3,17.7,0.0,0.0,0.2,1.3,0,0.0,0.0,412.0,0.0,67.0,17.0,18.0,227.0,36.0,5.0,0.0,0.0,0,7.0,38.0,5.34,2.71,1.98,23.8,0.23,0.08,0.08,1.6,4.11,2.89,2.04,21.8,0.16,0.06,0.1,1.64,1072.0,有,有
626,2024,668.0,66.6,0.3,3.4,0.0,0.0,2.1,35.3,25.3,0.0,0.4,0.0,1.5,7.0,44.1,584.0,0.0,0.0,0.0,7.0,39.0,528.0,54.2,35.1,2.2,11.8,0.0,3.0,53.7,22.6,2.2,7.4,0.5,9.5,399.0,523.0,17.0,64.0,0.0,81.0,50.7,2.5,2.5,2.0,0.4,24.8,0.0,0.2,0.1,0.0,0,0.4,3.9,57.1,0.0,2.4,5.2,3.6,26.0,0.0,0.0,0.0,0.0,0,0.0,0.0,677.0,20.0,7.0,62.0,2.0,218.0,34.0,0.0,0.0,0.0,0,0.0,109.0,5.25,2.73,2.02,20.6,0.23,0.07,0.1,2.7,5.79,2.05,1.61,18.9,0.23,0.07,0.07,1.56,1000.0,有,有
627,2024,530.0,57.8,0.8,10.9,0.0,0.0,0.2,36.8,65.7,0.0,0.0,0.0,1.6,7.0,34.3,502.0,0.0,118.0,110.0,19.0,24.0,249.0,48.2,51.8,0.0,6.3,0.2,0.5,53.2,30.5,1.1,0.0,0.0,3.0,432.0,496.0,12.0,30.0,3.0,0.0,59.9,5.3,5.0,4.1,3.2,39.4,1.3,0.4,0.1,7.4,0,0.0,0.0,66.0,1.9,4.2,0.7,0.9,31.5,1.0,0.3,0.2,0.0,0,0.1,7.9,656.0,26.0,32.0,7.0,46.0,209.0,0.0,4.0,0.0,188.0,0,0.0,0.0,5.33,2.74,2.05,23.2,0.28,0.08,0.08,2.2,3.59,1.62,2.2,18.2,0.22,0.08,0.06,1.28,1120.0,有,有
628,2024,981.0,63.2,0.3,4.4,10.2,2.5,3.0,47.2,33.0,0.0,4.2,0.0,0.0,1.7,43.9,566.0,5.0,0.0,156.0,8.0,0.0,656.0,34.1,23.5,0.4,1.9,0.0,2.4,47.5,41.3,1.4,19.4,0.1,0.0,760.0,298.0,22.0,140.0,0.0,85.0,38.1,6.2,4.7,0.7,1.9,37.2,0.9,0.0,0.0,1.3,0,0.1,0.0,66.9,6.3,8.1,4.9,1.1,33.3,1.7,0.2,0.0,0.0,0,0.1,13.0,595.0,42.0,36.0,26.0,7.0,250.0,33.0,3.0,0.0,0.0,0,3.0,0.0,5.19,2.69,2.08,22.1,0.19,0.09,0.1,1.7,4.64,2.79,1.41,24.9,0.26,0.06,0.07,1.7,1137.0,有,有
629,2024,393.0,80.0,0.2,3.4,8.4,0.0,4.7,35.8,38.7,0.1,0.0,0.0,0.0,4.3,50.1,581.0,0.0,109.0,1.0,22.0,24.0,499.0,81.1,58.6,1.5,10.1,0.0,0.0,62.5,44.5,2.2,1.0,0.3,0.0,565.0,381.0,30.0,104.0,0.0,0.0,52.6,2.3,2.1,0.0,0.6,10.1,0.0,0.0,0.1,1.9,0,0.0,2.0,61.7,5.5,0.2,4.4,2.0,27.0,1.7,0.5,0.2,18.5,0,0.1,1.5,649.0,109.0,86.0,25.0,0.0,333.0,0.0,2.0,0.0,53.0,0,3.0,126.0,5.53,2.73,2.01,21.9,0.19,0.09,0.1,2.4,5.71,2.2,2.2,14.8,0.22,0.05,0.09,1.01,1002.0,有,有
630,2024,1090.0,71.1,0.3,0.0,8.5,1.3,0.0,42.2,52.8,0.0,0.9,4.0,2.2,1.8,18.7,560.0,3.0,0.0,46.0,0.0,28.0,356.0,68.6,29.8,0.0,0.0,0.1,0.0,61.9,35.1,0.0,1.2,0.0,7.7,193.0,380.0,0.0,44.0,0.0,108.0,36.7,0.0,0.0,1.4,3.9,21.0,0.0,0.3,0.0,0.0,0,0.2,0.0,72.5,1.1,2.4,0.0,1.1,27.7,2.0,0.0,0.0,5.2,0,0.0,0.0,661.0,52.0,41.0,5.0,21.0,266.0,25.0,0.0,1.0,8.0,0,1.0,0.0,5.07,2.72,2.0,23.5,0.28,0.08,0.11,2.3,5.79,2.81,1.48,19.7,0.13,0.07,0.08,1.1,1010.0,有,有
631,2024,741.0,63.4,0.1,0.0,2.0,0.9,5.7,43.6,51.1,0.1,2.2,3.9,0.2,2.9,13.2,341.0,4.0,18.0,0.0,21.0,33.0,389.0,65.5,33.7,0.0,0.0,0.0,0.0,68.8,20.1,0.8,0.0,0.0,0.0,691.0,595.0,28.0,193.0,0.0,0.0,0.1,5.7,4.0,0.0,0.0,26.3,0.0,0.1,0.1,8.8,0,0.1,4.6,59.8,3.7,3.1,6.4,1.6,32.1,0.0,0.2,0.0,0.0,0,0.0,4.3,213.0,60.0,68.0,56.0,0.0,395.0,1.0,5.0,0.0,0.0,0,0.0,0.0,5.38,2.74,2.0,21.0,0.32,0.09,0.08,2.8,5.52,2.89,2.2,24.0,0.19,0.07,0.06,0.97,1064.0,有,有
632,2024,757.0,47.3,0.3,5.5,0.0,2.3,0.0,40.8,44.2,0.4,1.5,1.1,0.0,1.1,35.2,363.0,8.0,34.0,0.0,13.0,0.0,463.0,52.1,36.2,2.0,0.0,0.0,0.0,62.5,27.5,3.1,2.9,0.6,9.9,533.0,502.0,0.0,7.0,0.0,0.0,67.1,1.1,4.3,0.0,0.9,6.4,1.0,0.0,0.0,0.0,0,0.0,15.9,73.9,1.8,0.4,3.4,0.3,38.8,0.0,0.0,0.0,0.0,0,0.1,1.9,607.0,45.0,77.0,34.0,18.0,326.0,3.0,1.0,2.0,211.0,0,9.0,88.0,5.12,2.72,2.04,23.7,0.19,0.06,0.08,2.5,4.23,2.89,1.85,15.7,0.1,0.06,0.09,1.69,965.0,有,有
633,2024,498.0,64.8,0.3,8.1,2.5,0.0,5.9,43.3,43.1,0.5,0.0,0.0,0.0,0.5,45.5,553.0,2.0,0.0,0.0,5.0,86.0,294.0,88.7,33.1,0.0,1.5,0.0,1.8,23.2,58.1,1.9,0.0,0.0,2.7,750.0,600.0,20.0,65.0,3.0,0.0,54.9,0.3,6.8,0.0,0.0,34.0,0.3,0.6,0.0,3.2,0,0.0,0.7,45.9,2.6,4.5,0.0,0.0,25.4,0.8,0.1,0.0,1.5,0,0.0,4.4,827.0,11.0,0.0,45.0,0.0,481.0,22.0,3.0,0.0,11.0,0,7.0,38.0,5.31,2.75,2.1,21.3,0.38,0.1,0.08,2.0,4.37,2.58,2.07,17.4,0.26,0.08,0.04,1.44,1051.0,有,有
634,2024,690.0,43.5,0.1,11.3,0.0,0.0,3.3,37.9,43.5,0.0,0.0,4.3,0.0,0.0,40.1,564.0,4.0,0.0,27.0,1.0,5.0,347.0,41.0,32.0,0.0,0.0,0.3,0.0,59.7,35.5,5.0,0.0,0.0,4.6,338.0,592.0,12.0,57.0,0.0,111.0,65.1,0.0,5.0,1.0,1.6,13.4,0.1,0.1,0.2,0.0,0,0.4,7.6,32.1,2.1,0.0,6.9,0.0,26.0,2.9,0.3,0.0,10.3,0,0.2,7.8,480.0,62.0,70.0,45.0,0.0,198.0,0.0,4.0,0.0,0.0,0,0.0,0.0,5.38,2.76,2.04,21.9,0.21,0.09,0.1,2.5,5.56,2.89,1.98,17.3,0.26,0.06,0.05,1.13,987.0,有,無
635,2024,300.0,59.1,0.0,4.6,12.8,0.4,3.3,37.2,47.2,0.3,4.8,0.0,0.0,3.5,35.3,223.0,1.0,43.0,16.0,0.0,48.0,451.0,74.9,27.1,0.5,0.6,0.2,2.7,58.8,30.3,1.9,0.0,0.1,0.0,753.0,111.0,16.0,27.0,2.0,0.0,77.3,6.4,4.2,4.3,1.8,32.0,0.0,0.2,0.4,0.0,0,0.2,0.0,60.2,1.1,7.7,6.0,0.9,30.6,3.5,0.4,0.0,3.3,0,0.1,6.7,771.0,0.0,84.0,81.0,5.0,475.0,24.0,3.0,0.0,116.0,0,4.0,97.0,5.41,2.72,2.08,22.2,0.41,0.07,0.08,1.8,4.94,2.75,2.2,16.6,0.23,0.06,0.04,0.93,1012.0,有,有
636,2024,950.0,79.9,0.1,5.0,3.7,0.5,1.6,47.3,62.0,0.3,10.1,6.5,0.0,0.0,36.2,436.0,7.0,0.0,0.0,2.0,12.0,457.0,43.7,37.7,0.0,0.2,0.0,1.7,36.3,53.0,3.2,0.0,0.0,6.3,291.0,602.0,22.0,105.0,3.0,5.0,64.3,3.6,5.8,3.6,4.2,16.1,0.5,0.2,0.1,0.0,0,0.1,9.4,64.0,1.0,2.7,2.1,0.4,36.0,0.4,0.3,0.3,0.0,0,0.0,6.8,822.0,58.0,23.0,50.0,25.0,279.0,29.0,0.0,0.0,45.0,0,5.0,42.0,5.16,2.81,2.04,22.9,0.38,0.11,0.11,2.1,3.87,1.63,1.72,24.9,0.2,0.05,0.06,1.08,1089.0,有,有
637,2024,435.0,63.6,0.0,0.0,7.3,0.0,4.1,38.1,34.2,0.5,0.0,0.7,2.4,0.0,43.7,627.0,2.0,0.0,59.0,30.0,50.0,214.0,52.4,25.4,2.6,9.2,0.3,0.0,45.7,16.4,4.5,9.8,0.4,8.2,679.0,222.0,1.0,183.0,2.0,0.0,47.9,2.7,3.8,10.3,1.2,23.1,0.2,0.2,0.2,7.0,0,0.0,1.2,57.5,4.4,8.3,8.0,3.5,27.0,0.7,0.1,0.3,19.9,0,0.0,0.1,727.0,23.0,82.0,70.0,18.0,318.0,0.0,1.0,0.0,0.0,0,0.0,0.0,5.19,2.73,2.02,20.9,0.19,0.08,0.09,2.2,5.12,2.58,2.13,17.9,0.15,0.07,0.06,1.55,1036.0,有,有
638,2024,683.0,61.9,0.2,0.0,5.1,1.0,8.8,34.6,70.2,0.3,0.0,0.1,2.3,2.6,11.0,866.0,3.0,0.0,20.0,27.0,42.0,169.0,71.7,73.4,1.1,4.2,0.0,5.4,58.5,50.2,0.0,0.0,0.0,8.7,715.0,317.0,0.0,38.0,7.0,112.0,59.3,3.8,2.4,0.4,1.1,22.9,1.8,0.0,0.0,0.0,0,0.0,3.8,43.3,1.2,0.0,8.2,0.3,35.6,3.0,0.0,0.0,13.5,0,0.1,0.0,618.0,7.0,47.0,4.0,0.0,287.0,0.0,3.0,0.0,14.0,0,0.0,150.0,5.18,2.8,1.98,21.9,0.29,0.08,0.06,2.1,2.13,2.51,2.2,23.3,0.22,0.07,0.05,1.48,1069.0,有,有
639,2024,304.0,45.5,0.4,0.0,0.0,0.0,0.0,37.6,47.6,1.2,0.0,4.5,0.0,2.7,44.2,650.0,0.0,88.0,129.0,28.0,25.0,299.0,80.6,31.3,4.7,4.9,0.7,0.0,46.3,32.9,1.4,4.0,0.1,0.0,720.0,230.0,0.0,0.0,2.0,0.0,32.5,7.4,1.4,0.9,3.7,27.0,1.3,0.6,0.0,6.5,0,0.0,3.8,68.1,7.4,2.2,5.2,2.0,26.7,0.0,0.0,0.0,8.0,0,0.0,0.0,566.0,47.0,77.0,42.0,35.0,276.0,17.0,2.0,2.0,0.0,0,4.0,141.0,5.51,2.8,2.06,21.8,0.23,0.08,0.08,1.9,4.91,2.08,1.97,24.9,0.24,0.08,0.05,1.35,1051.0,有,有
640,2024,193.0,65.7,0.0,12.7,5.2,2.0,1.8,45.9,59.2,0.2,0.0,3.1,1.0,3.2,35.3,556.0,0.0,18.0,42.0,18.0,12.0,320.0,39.8,54.5,0.6,9.8,0.0,9.1,58.7,31.7,4.2,0.0,0.0,10.3,561.0,497.0,33.0,0.0,1.0,102.0,70.9,5.7,5.6,0.3,0.9,27.0,0.0,0.3,0.1,10.0,0,0.2,0.0,63.6,3.4,2.0,3.6,1.0,41.9,1.2,0.0,0.0,0.3,0,0.1,5.1,638.0,36.0,14.0,18.0,21.0,286.0,22.0,4.0,6.0,0.0,0,3.0,47.0,5.41,2.79,2.05,21.4,0.35,0.1,0.07,2.4,3.72,2.89,2.2,21.2,0.27,0.09,0.08,1.52,1021.0,有,有
641,2024,550.0,42.1,0.1,5.2,4.3,1.3,2.5,22.3,67.1,0.9,17.7,0.0,1.5,5.3,31.7,442.0,0.0,0.0,0.0,24.0,16.0,523.0,75.3,41.0,1.2,0.0,0.3,0.0,79.3,38.3,2.0,0.0,0.0,2.6,400.0,175.0,0.0,92.0,8.0,57.0,52.5,0.0,0.0,0.0,2.1,21.6,0.0,0.1,0.0,0.0,0,0.2,7.9,76.2,2.5,0.0,4.4,0.0,29.7,0.0,0.6,0.1,0.0,0,0.0,0.0,557.0,5.0,24.0,77.0,16.0,336.0,12.0,4.0,0.0,0.0,0,1.0,103.0,5.34,2.72,2.07,23.5,0.36,0.09,0.09,2.0,4.74,2.09,2.18,23.0,0.17,0.06,0.08,0.9,1027.0,有,有
642,2024,634.0,47.0,0.3,0.0,12.2,1.0,1.1,30.2,48.6,0.5,15.6,8.0,1.1,4.5,26.9,566.0,0.0,0.0,0.0,34.0,28.0,385.0,57.9,42.5,1.4,0.0,0.4,3.1,38.5,24.4,4.6,0.0,0.3,7.9,579.0,346.0,10.0,137.0,3.0,7.0,51.6,6.1,5.7,0.0,1.3,34.3,1.4,0.0,0.0,9.4,0,0.2,0.0,52.8,2.3,5.3,1.1,1.4,13.5,3.1,0.3,0.1,9.8,0,0.8,0.9,438.0,62.0,31.0,18.0,11.0,440.0,5.0,0.0,1.0,0.0,0,1.0,64.0,5.42,2.77,2.01,23.1,0.19,0.1,0.08,2.0,3.42,2.89,1.99,14.6,0.19,0.08,0.04,1.5,1162.0,有,有
643,2024,33.0,64.6,0.2,0.0,5.6,3.0,2.4,35.5,49.0,0.0,0.0,6.4,0.2,0.0,51.0,427.0,0.0,12.0,53.0,17.0,44.0,383.0,42.8,43.4,0.3,0.3,0.0,0.0,67.6,29.3,3.7,0.0,0.0,0.0,691.0,512.0,5.0,114.0,5.0,93.0,26.6,2.8,4.4,7.1,1.4,31.2,0.8,0.2,0.2,0.0,0,0.0,9.0,35.6,4.9,5.0,4.6,0.0,28.3,0.5,0.5,0.1,0.0,0,0.4,0.0,543.0,48.0,28.0,29.0,0.0,235.0,19.0,3.0,0.0,0.0,0,1.0,11.0,5.57,2.74,2.04,22.5,0.23,0.1,0.09,1.9,5.79,1.98,2.2,23.9,0.22,0.06,0.06,1.31,1002.0,有,有
644,2024,800.0,48.9,0.0,1.3,16.6,0.0,3.7,58.0,45.5,0.0,1.9,0.0,0.4,2.0,32.5,577.0,0.0,54.0,0.0,0.0,53.0,194.0,55.0,45.2,0.0,4.1,0.0,3.9,36.4,9.2,0.0,9.9,0.2,8.7,624.0,362.0,12.0,0.0,1.0,0.0,56.7,0.8,2.6,5.5,2.1,24.5,1.6,0.1,0.0,5.3,0,0.4,0.0,47.3,0.0,3.8,5.3,0.0,34.2,0.0,0.5,0.0,0.0,0,0.3,6.9,429.0,115.0,75.0,116.0,0.0,283.0,40.0,0.0,1.0,26.0,0,0.0,0.0,5.21,2.73,1.99,22.6,0.38,0.1,0.08,2.1,5.79,2.05,1.49,22.4,0.25,0.07,0.05,1.06,1027.0,有,有
645,2024,727.0,61.0,0.0,0.0,0.0,1.3,0.6,6.3,74.5,0.7,8.9,0.0,0.0,8.1,36.3,552.0,10.0,4.0,51.0,0.0,14.0,186.0,53.5,11.1,0.0,3.8,0.2,8.1,65.2,43.8,0.0,2.5,0.2,0.0,866.0,467.0,2.0,0.0,0.0,92.0,43.6,0.1,0.0,5.4,1.2,21.6,0.7,0.2,0.0,0.0,0,0.0,0.0,46.1,0.1,1.2,0.2,0.4,40.1,2.2,0.0,0.3,6.1,0,0.5,5.8,362.0,0.0,111.0,63.0,0.0,327.0,11.0,1.0,0.0,0.0,0,5.0,87.0,5.28,2.75,1.98,20.1,0.23,0.09,0.09,2.2,3.37,2.89,2.2,12.9,0.26,0.07,0.07,2.28,1060.0,有,有
646,2024,820.0,59.6,0.4,0.0,3.3,0.0,6.7,9.1,56.0,0.0,10.8,3.4,1.3,7.0,58.6,444.0,5.0,69.0,3.0,5.0,0.0,166.0,68.2,33.8,1.5,0.0,0.8,1.4,65.6,39.2,1.2,1.0,0.0,2.5,528.0,307.0,6.0,0.0,0.0,76.0,73.0,8.0,3.9,2.5,0.5,19.0,1.1,0.4,0.0,0.0,0,0.0,0.1,65.9,5.1,5.3,7.8,0.0,31.4,0.0,0.0,0.0,3.1,0,0.4,9.3,726.0,11.0,65.0,24.0,23.0,296.0,23.0,0.0,1.0,101.0,0,0.0,0.0,5.24,2.74,2.1,24.2,0.23,0.09,0.1,2.4,4.86,2.27,2.2,19.1,0.22,0.09,0.1,1.84,1016.0,有,有
647,2024,93.0,52.6,0.2,0.0,5.0,2.4,3.1,26.1,66.4,0.8,5.3,0.0,1.6,5.4,47.5,676.0,9.0,0.0,0.0,8.0,23.0,364.0,74.1,46.7,0.1,0.0,0.2,0.0,49.6,32.8,0.0,0.0,0.6,16.9,866.0,600.0,22.0,12.0,0.0,32.0,57.2,7.0,6.6,2.9,0.1,22.4,0.9,0.5,0.0,0.0,0,0.0,10.1,43.1,2.5,7.1,4.3,0.0,38.7,2.3,0.0,0.0,0.0,0,0.0,2.4,561.0,11.0,16.0,31.0,3.0,328.0,18.0,2.0,0.0,141.0,0,0.0,31.0,5.22,2.74,2.08,21.9,0.19,0.07,0.06,2.5,5.79,2.72,1.27,23.7,0.2,0.07,0.06,1.12,1093.0,有,有
648,2024,15.0,62.6,0.0,14.0,0.4,0.8,3.5,41.8,64.9,0.0,2.7,7.5,0.9,1.1,55.7,524.0,0.0,0.0,0.0,0.0,11.0,419.0,51.1,60.5,0.4,0.0,0.7,0.0,82.8,48.3,1.5,2.3,0.0,10.7,438.0,431.0,49.0,94.0,0.0,0.0,72.5,1.0,0.0,5.6,2.2,27.5,0.0,0.4,0.0,2.8,0,0.4,3.3,45.5,0.2,8.6,0.0,0.0,36.8,0.5,0.1,0.0,4.9,0,0.0,9.2,325.0,35.0,26.0,46.0,23.0,94.0,1.0,4.0,1.0,0.0,0,4.0,28.0,5.5,2.78,2.03,20.9,0.31,0.08,0.09,1.9,5.2,2.89,2.2,15.9,0.12,0.06,0.05,1.33,1073.0,有,有
649,2024,625.0,61.8,0.2,2.5,16.6,1.8,1.8,27.9,46.2,0.0,3.0,2.9,1.2,4.0,31.0,723.0,0.0,0.0,26.0,0.0,30.0,416.0,49.7,46.4,0.5,0.0,0.1,3.2,61.8,38.5,2.2,0.0,0.0,0.0,560.0,258.0,14.0,118.0,6.0,100.0,69.9,3.3,3.3,1.5,2.8,32.9,0.0,0.0,0.0,0.0,0,0.1,2.4,50.0,0.7,4.1,2.7,4.6,24.1,1.8,0.2,0.0,0.0,0,0.2,2.5,761.0,70.0,21.0,65.0,30.0,334.0,26.0,2.0,3.0,69.0,0,3.0,15.0,5.25,2.72,2.02,21.9,0.21,0.06,0.09,1.7,5.79,2.89,1.47,22.7,0.2,0.08,0.03,1.28,1091.0,有,有
650,2024,341.0,77.0,0.0,2.1,0.0,2.0,4.9,48.0,76.5,0.2,0.0,5.3,0.3,0.0,35.1,443.0,3.0,0.0,26.0,28.0,47.0,409.0,88.3,18.7,0.7,0.0,0.0,2.8,58.0,42.9,0.0,5.8,0.0,4.1,462.0,610.0,5.0,49.0,0.0,60.0,46.2,8.0,11.4,3.6,0.0,27.6,0.0,0.0,0.0,12.5,0,0.0,6.9,49.6,1.0,4.2,4.8,2.0,37.0,1.0,0.1,0.0,0.0,0,0.0,4.3,574.0,16.0,55.0,24.0,20.0,210.0,0.0,3.0,0.0,88.0,0,7.0,137.0,5.1,2.68,2.07,23.2,0.19,0.1,0.07,1.8,5.15,2.44,2.2,18.9,0.07,0.07,0.06,2.16,1044.0,有,有
651,2024,854.0,67.1,0.6,0.6,0.0,0.6,0.4,24.7,44.7,0.0,0.0,0.6,2.5,3.5,31.2,656.0,0.0,0.0,25.0,23.0,45.0,283.0,72.2,31.0,1.9,0.0,0.4,1.0,54.6,33.2,0.1,6.0,0.1,0.0,517.0,478.0,21.0,191.0,0.0,0.0,60.9,0.0,7.3,2.2,0.0,16.8,0.0,0.0,0.0,4.2,0,0.3,4.5,46.4,8.0,1.2,5.2,0.8,44.6,0.8,0.2,0.2,5.4,0,0.6,14.5,664.0,0.0,0.0,80.0,11.0,475.0,3.0,6.0,1.0,0.0,0,3.0,69.0,5.07,2.71,2.05,22.7,0.26,0.11,0.07,2.2,4.21,1.94,1.92,21.2,0.14,0.08,0.06,1.25,1005.0,有,有
652,2024,157.0,63.3,0.1,0.0,0.0,2.9,5.7,30.9,60.2,0.0,0.0,0.6,0.0,0.0,26.7,564.0,2.0,0.0,0.0,12.0,8.0,241.0,33.7,37.0,0.2,12.4,0.1,12.5,47.4,41.3,3.2,3.4,0.3,5.4,395.0,347.0,18.0,43.0,1.0,0.0,80.7,1.9,0.1,9.3,0.5,30.5,0.6,0.0,0.2,0.0,0,0.1,0.0,56.6,4.4,3.1,6.3,0.1,27.3,1.9,0.7,0.0,6.7,0,0.0,1.5,479.0,85.0,30.0,31.0,5.0,326.0,0.0,4.0,0.0,0.0,0,6.0,0.0,5.32,2.7,2.02,20.3,0.3,0.06,0.07,2.1,5.79,2.21,1.68,17.4,0.22,0.04,0.09,1.75,959.0,有,有
653,2024,616.0,59.0,0.6,0.1,0.0,1.7,1.1,68.3,47.2,0.1,0.1,0.0,2.7,1.9,38.1,438.0,0.0,42.0,47.0,0.0,36.0,412.0,68.3,14.1,1.4,0.0,0.2,0.0,60.6,45.6,1.0,3.6,0.0,0.4,677.0,582.0,0.0,0.0,1.0,140.0,69.0,2.3,5.8,0.0,0.0,33.8,2.3,0.0,0.0,3.3,0,0.2,0.0,30.5,0.3,5.4,2.9,1.5,29.8,0.0,0.0,0.2,15.7,0,0.1,11.4,375.0,0.0,5.0,43.0,0.0,371.0,36.0,1.0,0.0,106.0,0,1.0,0.0,5.31,2.74,2.01,22.5,0.19,0.08,0.09,1.8,5.36,2.89,1.41,20.2,0.25,0.06,0.05,1.41,954.0,有,有
654,2024,655.0,60.6,0.0,0.0,0.0,0.0,0.0,42.0,55.1,0.0,2.7,0.0,0.8,5.8,25.4,582.0,0.0,36.0,57.0,0.0,96.0,417.0,52.9,37.6,1.8,0.0,0.4,1.0,47.4,37.6,3.5,0.0,0.1,6.0,534.0,223.0,12.0,30.0,0.0,15.0,78.4,10.2,7.5,1.5,1.8,18.4,0.0,0.3,0.0,1.1,0,0.1,1.7,36.8,7.9,3.6,4.8,0.5,25.7,3.3,0.2,0.0,0.0,0,0.3,10.4,443.0,90.0,39.0,3.0,13.0,143.0,8.0,0.0,0.0,0.0,0,0.0,0.0,5.2,2.72,2.08,24.3,0.2,0.08,0.1,2.1,5.23,2.15,2.05,19.1,0.18,0.07,0.09,1.46,1097.0,有,有
655,2024,143.0,38.3,0.0,3.0,3.5,2.3,4.3,17.4,57.0,0.0,0.0,0.0,3.6,0.0,35.6,609.0,5.0,81.0,0.0,45.0,59.0,582.0,52.4,46.4,3.0,9.9,0.1,7.7,67.2,57.4,0.0,0.0,0.0,4.1,732.0,581.0,0.0,47.0,5.0,100.0,39.3,1.1,0.4,4.6,0.6,26.6,0.3,0.3,0.2,0.9,0,0.1,0.0,47.3,5.4,7.0,0.7,0.0,39.7,1.3,0.5,0.1,6.8,0,0.0,10.4,441.0,46.0,0.0,41.0,9.0,179.0,2.0,4.0,1.0,35.0,0,0.0,73.0,5.34,2.71,2.05,22.6,0.25,0.1,0.08,1.7,5.79,2.89,2.2,24.7,0.23,0.07,0.03,2.37,998.0,有,有
656,2024,221.0,56.3,0.2,5.3,0.0,1.3,7.2,25.8,65.1,0.0,0.0,4.8,2.5,4.1,41.7,804.0,0.0,0.0,5.0,0.0,8.0,450.0,60.9,44.6,0.5,8.0,0.0,10.4,63.3,30.0,2.6,0.0,0.3,3.3,760.0,381.0,0.0,125.0,0.0,5.0,57.9,2.8,2.7,5.6,1.2,26.3,0.0,0.1,0.0,0.0,0,0.3,0.0,55.4,3.6,5.7,5.7,4.8,30.6,0.0,0.2,0.2,12.4,0,0.1,2.5,483.0,105.0,91.0,71.0,27.0,333.0,11.0,2.0,1.0,0.0,0,1.0,21.0,5.22,2.72,2.02,23.8,0.31,0.07,0.1,2.4,5.79,2.89,1.54,18.2,0.18,0.1,0.05,2.06,1097.0,有,有
657,2024,89.0,56.9,0.0,9.9,5.5,0.0,5.4,45.7,41.4,0.0,14.8,4.0,0.8,8.0,35.9,563.0,0.0,0.0,46.0,0.0,110.0,226.0,34.6,41.8,2.8,0.0,0.2,9.3,42.3,35.9,0.0,7.8,0.0,12.5,522.0,444.0,0.0,0.0,0.0,0.0,46.3,4.8,7.1,3.3,2.6,37.9,1.2,0.0,0.0,10.1,0,0.2,11.2,50.5,3.8,5.1,5.2,1.1,30.4,0.8,0.3,0.1,5.5,0,0.0,0.0,736.0,15.0,31.0,2.0,34.0,286.0,26.0,6.0,0.0,63.0,0,0.0,61.0,5.31,2.8,2.05,22.2,0.31,0.09,0.08,2.4,2.44,2.55,2.02,21.0,0.26,0.08,0.07,0.64,1028.0,有,有
658,2024,122.0,71.0,0.4,0.0,0.0,0.0,6.0,52.3,76.6,0.0,0.0,0.0,1.5,6.6,31.0,690.0,7.0,88.0,15.0,18.0,45.0,651.0,86.8,39.1,0.0,2.7,0.4,0.0,53.1,40.0,0.8,0.0,0.6,4.0,614.0,559.0,14.0,0.0,3.0,77.0,44.8,4.6,0.0,2.3,2.5,17.2,0.0,0.4,0.0,0.6,0,0.0,5.7,75.1,3.9,4.9,7.3,0.0,18.5,0.6,0.5,0.0,0.1,0,0.6,3.9,316.0,18.0,67.0,82.0,0.0,332.0,0.0,1.0,0.0,27.0,0,0.0,0.0,5.38,2.73,2.02,23.9,0.37,0.07,0.1,2.4,5.79,2.89,1.73,24.9,0.32,0.07,0.08,1.35,1056.0,有,有
659,2024,353.0,55.7,0.4,2.1,0.0,0.5,0.0,41.3,66.8,0.4,1.2,2.7,1.4,5.4,52.6,577.0,1.0,0.0,43.0,28.0,42.0,246.0,56.2,42.1,0.0,5.6,0.1,0.0,48.3,33.6,5.2,6.8,0.3,0.1,438.0,778.0,33.0,0.0,6.0,72.0,51.1,5.2,5.5,1.2,1.9,25.3,1.5,0.4,0.0,1.1,0,0.2,4.7,63.2,0.0,7.4,0.9,0.0,27.7,1.9,0.3,0.0,9.3,0,0.8,6.7,565.0,34.0,37.0,5.0,43.0,491.0,12.0,3.0,1.0,0.0,0,2.0,0.0,5.2,2.7,2.03,21.6,0.37,0.08,0.09,2.2,4.12,1.91,1.55,13.1,0.3,0.05,0.06,1.04,1023.0,有,有
660,2024,658.0,80.1,0.0,0.0,13.7,1.6,0.6,40.5,68.7,0.0,0.0,4.8,1.2,3.2,21.9,654.0,3.0,203.0,96.0,0.0,0.0,277.0,60.2,29.0,0.0,0.0,0.0,4.0,32.6,39.1,0.0,0.0,0.0,13.8,724.0,437.0,16.0,40.0,0.0,120.0,61.9,4.1,4.9,9.5,1.5,15.1,0.5,0.0,0.0,1.8,0,0.0,8.0,70.6,0.9,6.8,4.4,1.6,35.2,0.0,0.3,0.2,15.0,0,0.7,2.7,415.0,52.0,58.0,71.0,8.0,275.0,14.0,3.0,0.0,0.0,0,5.0,29.0,4.98,2.76,2.06,21.2,0.33,0.1,0.07,2.1,5.79,2.89,2.01,23.8,0.08,0.08,0.04,1.71,1050.0,有,有
661,2024,104.0,64.2,0.0,0.0,11.3,0.1,4.6,52.7,50.8,0.0,0.0,0.4,1.1,3.1,42.7,372.0,3.0,0.0,84.0,29.0,0.0,240.0,42.3,36.7,0.0,0.0,0.2,0.6,53.8,51.0,0.0,7.8,0.0,0.0,397.0,121.0,39.0,144.0,0.0,0.0,65.0,3.4,1.8,0.0,0.5,31.5,0.0,0.5,0.0,0.0,0,0.1,3.4,54.5,5.3,3.3,3.6,2.5,34.9,2.5,0.0,0.1,9.2,0,0.7,0.0,613.0,82.0,43.0,34.0,3.0,231.0,13.0,0.0,0.0,0.0,0,0.0,20.0,5.19,2.72,2.07,23.0,0.19,0.07,0.06,2.4,4.52,2.09,2.2,24.9,0.22,0.06,0.07,0.94,1123.0,有,有
662,2024,587.0,65.7,0.1,5.3,0.0,0.8,4.0,30.5,50.5,0.1,6.1,4.4,0.9,0.0,51.1,626.0,0.0,0.0,73.0,33.0,47.0,517.0,68.4,49.9,0.4,0.0,0.4,0.0,71.4,39.3,2.3,19.4,0.7,11.2,488.0,620.0,36.0,86.0,2.0,8.0,52.2,0.7,0.3,1.9,0.0,19.1,1.4,0.0,0.0,0.0,0,0.0,0.0,33.0,0.0,0.1,3.5,0.8,18.3,0.0,0.0,0.0,1.6,0,0.0,0.1,716.0,0.0,44.0,72.0,20.0,283.0,22.0,0.0,1.0,0.0,0,0.0,67.0,5.42,2.74,2.09,22.0,0.19,0.09,0.11,2.0,5.79,2.89,2.2,17.9,0.18,0.08,0.09,1.37,1120.0,有,有
663,2024,301.0,50.0,0.0,2.8,5.4,0.2,2.3,22.1,52.8,0.0,1.7,0.4,0.0,0.0,52.8,461.0,2.0,0.0,0.0,16.0,15.0,236.0,32.2,38.9,1.6,7.0,0.3,6.4,31.4,42.8,0.3,0.0,0.0,7.0,598.0,569.0,22.0,67.0,1.0,7.0,82.0,2.1,2.6,3.9,1.1,34.7,1.7,0.5,0.0,0.0,0,0.6,0.6,53.9,3.5,6.4,5.1,2.2,11.5,0.0,0.1,0.0,14.3,0,0.0,0.0,603.0,2.0,42.0,16.0,0.0,212.0,46.0,3.0,5.0,0.0,0,2.0,0.0,4.97,2.72,2.06,23.4,0.33,0.08,0.09,2.1,5.48,2.8,1.91,21.6,0.26,0.07,0.07,1.9,1005.0,有,有
664,2024,536.0,54.8,0.3,17.8,0.0,1.4,8.0,27.8,73.9,0.0,1.0,5.1,0.0,3.4,45.0,687.0,0.0,0.0,0.0,9.0,41.0,283.0,10.9,24.5,1.2,1.2,0.0,0.0,82.0,27.4,0.7,1.7,0.1,4.9,624.0,343.0,0.0,72.0,0.0,13.0,51.6,2.7,6.1,2.9,0.8,18.4,0.1,0.3,0.2,1.4,0,0.2,15.6,45.6,7.2,3.7,4.1,1.1,21.2,0.0,0.2,0.1,6.1,0,0.0,6.2,316.0,2.0,67.0,48.0,0.0,230.0,65.0,1.0,3.0,53.0,0,0.0,0.0,5.41,2.81,2.06,21.2,0.32,0.08,0.1,2.1,5.79,2.63,1.82,24.9,0.26,0.05,0.06,1.46,1103.0,有,有
665,2024,908.0,67.7,0.0,0.0,0.0,0.9,5.4,37.0,51.8,0.3,0.0,7.7,0.0,5.9,30.5,791.0,5.0,0.0,87.0,2.0,12.0,105.0,73.1,25.3,0.0,3.0,0.0,10.0,65.7,42.4,0.7,11.2,1.1,8.0,763.0,279.0,2.0,0.0,0.0,0.0,62.7,4.9,3.0,3.2,1.2,38.4,0.3,0.3,0.2,0.0,0,0.0,8.0,47.6,2.4,2.6,0.0,0.0,19.7,0.6,0.4,0.4,3.1,0,0.0,4.9,591.0,27.0,27.0,26.0,18.0,76.0,19.0,5.0,0.0,0.0,0,2.0,200.0,5.46,2.7,2.03,21.3,0.47,0.09,0.08,1.8,5.79,2.89,1.16,19.8,0.13,0.07,0.04,1.53,1064.0,有,有
666,2024,887.0,88.7,0.0,1.6,15.4,1.0,0.0,56.0,69.9,0.2,7.5,0.0,0.6,6.9,48.5,561.0,1.0,18.0,56.0,9.0,2.0,621.0,49.4,28.2,0.0,0.0,0.3,4.3,49.7,48.1,2.2,0.0,0.0,0.0,583.0,742.0,29.0,0.0,0.0,0.0,58.3,0.0,3.1,2.2,4.4,39.9,1.6,0.4,0.1,0.0,0,0.0,0.8,46.8,0.0,8.0,1.3,1.6,11.4,1.8,0.2,0.0,0.0,0,0.0,0.0,665.0,30.0,47.0,19.0,0.0,298.0,0.0,2.0,0.0,0.0,0,10.0,99.0,5.3,2.76,1.98,22.3,0.25,0.08,0.09,2.2,4.56,1.48,2.2,13.1,0.16,0.11,0.12,0.85,1003.0,有,有
667,2024,31.0,53.3,0.0,0.0,0.0,0.0,5.0,42.3,45.9,0.2,0.0,0.0,1.3,3.3,45.0,753.0,0.0,75.0,24.0,2.0,55.0,555.0,44.5,33.9,0.8,4.2,0.0,6.9,71.0,41.7,0.0,0.0,0.0,18.5,524.0,379.0,22.0,13.0,7.0,98.0,56.0,0.0,5.4,0.1,0.0,5.0,0.5,0.3,0.0,2.7,0,0.0,0.0,70.6,7.1,0.1,2.7,0.0,25.8,1.6,0.1,0.0,0.0,0,0.2,11.0,460.0,0.0,49.0,27.0,0.0,484.0,1.0,0.0,0.0,27.0,0,0.0,0.0,5.44,2.75,2.0,22.8,0.41,0.08,0.08,2.0,2.25,2.28,2.2,24.0,0.22,0.06,0.09,1.65,1057.0,有,有
668,2024,352.0,48.0,0.0,1.4,0.0,0.0,1.5,37.5,51.8,0.4,0.0,0.6,1.7,0.0,39.5,621.0,4.0,0.0,0.0,0.0,56.0,535.0,41.5,51.2,0.0,17.0,0.0,0.8,58.7,27.6,0.4,7.1,0.5,0.0,713.0,287.0,33.0,5.0,3.0,50.0,60.3,1.1,2.1,0.8,1.3,20.7,1.1,0.3,0.0,0.0,0,0.0,0.0,34.4,0.9,2.8,7.1,1.7,27.9,0.0,0.8,0.0,13.4,0,0.0,1.4,592.0,28.0,63.0,44.0,26.0,318.0,16.0,0.0,0.0,23.0,0,0.0,106.0,5.43,2.73,1.97,22.9,0.21,0.07,0.06,2.2,5.79,2.71,2.2,17.4,0.2,0.07,0.09,1.63,1024.0,有,有
669,2024,1069.0,51.5,0.2,8.8,0.0,1.2,4.0,40.9,60.9,0.4,2.0,2.8,0.1,2.4,35.1,472.0,2.0,35.0,5.0,0.0,52.0,495.0,52.7,56.1,2.3,0.3,0.1,1.9,45.9,55.5,0.4,0.0,0.0,2.6,737.0,253.0,29.0,0.0,2.0,48.0,60.5,0.9,2.4,3.1,1.4,35.3,0.0,0.3,0.3,2.1,0,0.2,8.1,54.5,4.6,1.6,2.7,2.4,20.2,1.2,0.0,0.0,1.8,0,0.3,6.4,413.0,48.0,55.0,39.0,6.0,334.0,10.0,3.0,0.0,0.0,0,0.0,29.0,5.3,2.73,2.02,23.7,0.32,0.09,0.08,2.4,5.79,2.89,2.17,24.9,0.15,0.07,0.07,1.53,1047.0,有,有
670,2024,728.0,49.1,0.2,0.0,0.0,1.0,3.1,45.1,76.3,0.3,3.2,0.0,0.8,6.0,34.0,619.0,1.0,162.0,61.0,31.0,9.0,460.0,78.8,13.9,1.2,9.7,0.2,4.2,81.0,68.5,1.0,5.0,0.3,3.8,750.0,308.0,0.0,39.0,0.0,90.0,63.8,0.0,2.3,0.9,1.2,20.7,0.5,0.7,0.1,0.0,0,0.0,0.0,52.4,3.9,5.0,4.5,0.0,31.9,0.5,0.6,0.0,0.0,0,0.0,0.0,347.0,0.0,0.0,53.0,18.0,368.0,2.0,0.0,1.0,0.0,0,0.0,144.0,4.96,2.72,2.07,25.0,0.23,0.07,0.08,2.2,3.65,2.23,2.2,18.3,0.14,0.08,0.05,1.56,965.0,有,無
671,2024,9.0,63.2,0.0,0.8,3.3,1.5,6.7,20.4,74.7,0.2,0.0,0.0,0.7,0.0,40.4,651.0,3.0,119.0,90.0,0.0,12.0,566.0,32.1,35.3,3.0,3.1,0.3,0.0,42.3,32.4,0.4,4.6,0.6,2.7,575.0,282.0,25.0,23.0,1.0,0.0,39.8,5.6,7.5,6.6,0.4,28.2,2.8,0.3,0.0,0.0,0,0.1,3.6,35.6,3.0,1.7,0.0,0.8,42.3,0.0,0.5,0.2,7.3,0,0.0,5.7,269.0,77.0,74.0,4.0,1.0,307.0,0.0,2.0,0.0,112.0,0,0.0,93.0,5.28,2.74,2.0,25.1,0.31,0.08,0.1,2.3,5.79,2.89,2.1,17.9,0.22,0.09,0.06,2.19,1002.0,有,有
672,2024,188.0,47.1,0.2,0.0,3.3,1.8,0.0,46.2,77.8,0.6,0.0,11.7,0.0,4.3,18.4,497.0,3.0,35.0,0.0,37.0,74.0,428.0,76.4,42.3,2.1,1.9,0.2,0.0,55.7,33.7,0.0,0.0,0.2,0.7,524.0,274.0,11.0,135.0,0.0,0.0,65.6,0.0,1.0,2.2,1.1,13.0,0.7,0.2,0.1,0.0,0,0.0,4.1,42.3,1.9,5.1,0.0,1.2,33.9,1.3,0.1,0.4,6.0,0,0.5,6.9,608.0,55.0,51.0,86.0,2.0,357.0,6.0,2.0,0.0,0.0,0,4.0,53.0,5.39,2.77,2.04,23.4,0.24,0.07,0.08,2.7,5.79,2.89,1.44,20.8,0.13,0.08,0.04,1.68,1060.0,有,有
673,2024,136.0,39.1,0.1,0.0,0.0,0.4,2.4,52.8,49.3,0.0,0.0,0.4,3.9,4.2,11.6,434.0,2.0,58.0,20.0,44.0,8.0,459.0,53.7,30.6,2.1,2.2,0.0,5.0,68.8,48.2,1.8,11.7,0.0,0.0,762.0,325.0,0.0,0.0,0.0,7.0,52.5,2.2,0.7,0.0,1.4,21.5,0.0,0.3,0.0,6.9,0,0.0,0.0,46.6,5.4,3.9,1.7,0.0,30.1,1.5,0.2,0.0,0.0,0,0.3,0.0,543.0,35.0,23.0,85.0,8.0,330.0,0.0,0.0,0.0,102.0,0,6.0,80.0,5.35,2.69,1.97,22.0,0.33,0.09,0.09,2.7,5.39,2.89,2.05,18.1,0.1,0.04,0.09,1.64,1102.0,有,無
674,2024,314.0,75.2,0.1,0.0,2.8,0.4,6.0,36.8,45.0,0.5,0.0,6.1,2.6,2.2,38.1,148.0,2.0,0.0,40.0,35.0,0.0,239.0,48.0,29.9,0.0,0.0,0.0,0.0,51.7,43.5,4.9,0.0,0.1,5.8,574.0,292.0,27.0,124.0,0.0,65.0,84.9,3.5,2.3,7.9,1.1,25.7,0.4,0.0,0.1,0.0,0,0.0,0.0,50.4,2.6,5.6,2.8,0.0,20.4,0.0,0.2,0.0,0.0,0,0.6,2.6,866.0,18.0,48.0,17.0,9.0,265.0,3.0,3.0,0.0,63.0,0,0.0,0.0,5.23,2.67,2.12,24.0,0.29,0.07,0.07,2.6,5.79,2.89,2.2,22.1,0.2,0.07,0.06,1.46,1009.0,有,有
675,2024,324.0,56.0,0.2,0.0,0.0,0.0,2.4,34.2,78.3,0.0,1.7,0.0,0.9,2.7,66.0,773.0,5.0,42.0,0.0,26.0,26.0,258.0,86.4,49.0,3.1,11.2,0.0,0.9,72.8,39.2,0.6,0.0,0.0,3.7,743.0,554.0,29.0,76.0,0.0,30.0,57.6,2.3,5.6,2.3,2.2,44.0,4.2,0.3,0.0,3.4,0,0.0,0.0,30.1,1.6,1.4,4.9,2.3,33.3,1.0,0.3,0.0,0.0,0,0.0,5.6,679.0,84.0,65.0,19.0,20.0,288.0,0.0,2.0,4.0,0.0,0,6.0,31.0,5.22,2.76,2.1,22.2,0.27,0.09,0.09,2.2,4.27,1.5,2.0,23.8,0.24,0.09,0.04,1.29,983.0,有,有
676,2024,895.0,75.2,0.0,2.9,1.6,0.0,5.8,33.1,70.5,0.1,14.6,0.0,1.0,0.9,32.2,410.0,4.0,0.0,32.0,15.0,59.0,257.0,29.8,27.7,2.2,0.0,0.0,7.0,64.9,35.0,1.8,6.6,0.6,3.2,545.0,320.0,29.0,100.0,1.0,0.0,31.8,0.0,2.2,0.0,3.6,26.9,2.8,0.3,0.0,5.4,0,0.1,0.0,50.9,6.0,5.0,0.0,0.9,31.7,3.8,0.1,0.0,6.5,0,0.1,4.3,268.0,61.0,20.0,27.0,18.0,227.0,18.0,3.0,0.0,0.0,0,3.0,11.0,5.16,2.71,2.03,21.5,0.3,0.09,0.08,2.4,4.28,2.68,1.73,20.7,0.17,0.12,0.07,1.62,980.0,有,有
677,2024,919.0,58.4,0.0,3.5,7.5,0.2,2.8,21.5,79.6,0.0,0.0,3.0,1.3,0.0,50.2,460.0,4.0,0.0,0.0,7.0,55.0,434.0,57.9,35.3,2.0,0.0,0.1,3.8,70.8,24.2,1.7,4.4,0.3,13.6,700.0,512.0,7.0,0.0,2.0,65.0,11.3,3.6,9.2,3.9,0.8,23.8,0.0,0.2,0.0,0.0,0,0.2,7.5,86.8,4.6,7.5,2.7,2.7,34.3,0.0,0.0,0.0,6.5,0,0.0,4.6,710.0,61.0,72.0,0.0,16.0,405.0,4.0,0.0,0.0,6.0,0,1.0,0.0,5.05,2.7,2.03,21.5,0.3,0.09,0.08,2.5,4.31,2.89,2.2,16.4,0.15,0.09,0.06,1.28,1107.0,有,有
678,2024,21.0,70.1,0.0,7.6,0.0,3.1,2.4,40.0,63.2,0.7,0.0,6.3,0.0,2.7,17.5,449.0,3.0,0.0,78.0,26.0,0.0,33.0,32.3,58.4,0.6,0.0,0.0,0.0,56.2,27.4,0.9,0.0,0.0,1.9,357.0,467.0,12.0,0.0,1.0,30.0,60.2,4.0,1.3,4.6,1.6,22.9,1.7,0.2,0.0,0.9,0,0.0,0.0,52.8,4.2,1.2,4.4,0.0,26.2,3.0,0.4,0.0,0.0,0,0.0,8.2,472.0,42.0,33.0,34.0,12.0,144.0,0.0,3.0,2.0,0.0,0,1.0,69.0,5.47,2.72,2.07,20.1,0.21,0.07,0.1,2.4,4.71,2.3,2.09,13.5,0.27,0.05,0.06,1.92,968.0,有,有
679,2024,87.0,47.6,0.0,0.0,11.3,1.1,5.6,36.9,59.0,0.4,0.0,7.4,1.3,5.4,48.8,415.0,2.0,119.0,61.0,0.0,25.0,118.0,53.9,37.8,1.2,14.2,0.5,3.9,71.1,39.2,0.3,0.3,0.7,3.1,645.0,317.0,12.0,0.0,2.0,0.0,68.0,7.1,7.1,2.6,0.0,26.9,0.0,0.2,0.0,8.5,0,0.3,1.6,34.8,3.7,5.7,7.5,3.6,14.8,1.4,0.6,0.1,0.0,0,0.1,3.5,742.0,15.0,74.0,62.0,8.0,338.0,13.0,0.0,0.0,21.0,0,1.0,69.0,5.32,2.71,2.06,22.8,0.36,0.08,0.06,2.5,5.79,2.5,1.24,24.4,0.22,0.06,0.07,1.49,1084.0,有,有
680,2024,380.0,77.3,0.0,0.0,8.1,1.8,3.7,58.0,36.4,0.6,1.2,9.4,0.0,0.8,35.0,596.0,0.0,0.0,73.0,0.0,84.0,413.0,24.1,34.8,3.0,0.8,0.0,3.9,41.4,52.0,0.1,0.2,0.0,0.4,648.0,399.0,28.0,0.0,0.0,53.0,44.1,3.5,3.7,4.1,0.2,20.5,1.5,0.2,0.0,3.0,0,0.0,1.6,56.8,2.8,2.2,0.0,1.5,32.4,2.0,0.2,0.1,2.0,0,0.1,2.8,602.0,0.0,29.0,0.0,5.0,549.0,5.0,0.0,0.0,0.0,0,2.0,60.0,5.19,2.75,2.05,24.0,0.19,0.09,0.1,2.4,5.55,2.89,1.76,24.0,0.15,0.09,0.04,1.17,1131.0,有,有
681,2024,940.0,84.0,0.3,0.0,0.0,0.1,0.0,39.3,45.0,0.4,0.0,0.1,0.0,7.1,22.4,688.0,0.0,20.0,18.0,27.0,21.0,281.0,88.7,32.4,1.3,5.9,0.1,0.0,44.0,39.2,1.6,7.8,0.0,2.2,366.0,398.0,15.0,77.0,0.0,0.0,51.9,4.7,4.0,4.3,0.0,27.2,0.0,0.0,0.1,1.2,0,0.0,13.2,75.5,0.0,8.2,2.7,2.6,22.4,0.0,0.3,0.1,0.0,0,0.1,6.3,609.0,40.0,4.0,33.0,5.0,404.0,45.0,1.0,2.0,0.0,0,2.0,0.0,5.17,2.73,2.08,22.6,0.25,0.06,0.07,2.4,4.68,2.89,2.01,15.8,0.36,0.08,0.09,1.67,1135.0,有,有
682,2024,37.0,49.5,0.2,11.3,0.0,0.0,4.0,25.4,69.7,0.8,2.5,11.6,0.7,7.2,34.6,794.0,4.0,0.0,42.0,25.0,21.0,388.0,57.0,35.1,2.7,6.6,0.7,0.0,69.7,14.0,2.0,12.7,0.2,8.8,666.0,428.0,4.0,0.0,0.0,93.0,61.6,0.7,6.6,1.0,1.2,24.9,0.9,0.0,0.1,0.0,0,0.0,12.8,54.3,1.4,6.2,3.2,2.2,23.8,1.7,0.0,0.4,0.0,0,0.5,4.4,423.0,50.0,99.0,58.0,35.0,364.0,15.0,0.0,0.0,83.0,0,4.0,27.0,5.4,2.74,2.05,22.6,0.41,0.07,0.09,1.9,5.79,2.78,1.98,12.6,0.23,0.06,0.09,1.73,999.0,有,有
683,2024,903.0,69.6,0.0,0.0,0.0,0.4,2.1,15.2,73.9,0.4,0.0,2.0,1.6,4.7,28.9,523.0,1.0,19.0,38.0,0.0,53.0,257.0,64.1,37.2,1.6,0.0,0.0,5.2,33.1,22.3,0.4,6.9,0.1,9.6,358.0,546.0,11.0,0.0,1.0,0.0,47.0,0.0,7.8,7.2,0.3,17.9,0.0,0.2,0.2,3.8,0,0.4,0.0,27.3,2.4,0.8,3.8,2.9,31.0,0.0,0.4,0.1,4.8,0,0.4,0.0,776.0,49.0,0.0,52.0,30.0,362.0,0.0,4.0,0.0,0.0,0,1.0,22.0,5.15,2.74,2.02,22.9,0.25,0.08,0.08,2.1,5.77,2.25,1.96,21.2,0.14,0.06,0.03,1.68,1074.0,有,有
684,2024,841.0,50.9,0.0,8.9,0.0,0.5,6.5,35.3,82.9,0.4,0.0,4.8,1.1,4.0,31.4,281.0,0.0,0.0,51.0,9.0,27.0,494.0,51.4,31.1,0.0,3.5,0.1,0.0,66.8,35.9,0.3,0.0,0.0,0.0,546.0,607.0,26.0,63.0,0.0,0.0,88.7,0.0,10.7,2.2,0.0,12.7,0.1,0.1,0.0,10.2,0,0.1,9.0,83.8,0.9,3.7,1.6,1.5,18.8,1.3,0.6,0.0,10.1,0,0.0,0.0,535.0,61.0,0.0,42.0,3.0,201.0,15.0,4.0,0.0,60.0,0,6.0,31.0,5.16,2.76,2.08,24.5,0.36,0.1,0.09,2.4,4.51,1.81,1.1,20.9,0.18,0.07,0.05,1.78,1042.0,有,有
685,2024,85.0,55.3,0.1,1.3,4.2,1.4,5.2,32.8,80.0,0.1,1.7,0.0,1.2,1.5,50.3,780.0,0.0,0.0,27.0,1.0,33.0,529.0,59.8,40.2,1.8,0.0,0.0,0.0,32.4,36.8,0.0,0.0,0.1,0.0,745.0,526.0,0.0,13.0,3.0,21.0,75.4,0.9,6.1,1.8,0.4,25.4,3.1,0.2,0.0,1.6,0,0.2,11.4,62.1,2.6,10.6,4.5,1.4,29.8,1.0,0.3,0.0,3.4,0,0.3,0.0,580.0,0.0,0.0,29.0,0.0,266.0,0.0,6.0,1.0,0.0,0,8.0,108.0,5.42,2.75,2.04,24.6,0.28,0.07,0.08,1.9,3.73,2.71,1.74,24.9,0.21,0.05,0.07,1.6,993.0,有,無
686,2024,35.0,57.0,0.0,12.5,0.0,0.4,5.4,32.0,27.7,0.1,2.6,0.0,2.2,2.2,45.0,699.0,1.0,0.0,0.0,0.0,5.0,309.0,59.9,5.7,3.2,0.0,0.0,10.9,61.1,23.5,0.3,1.5,0.1,4.7,533.0,487.0,29.0,0.0,2.0,22.0,72.8,3.8,5.6,0.0,0.0,21.4,0.0,0.5,0.3,0.0,0,0.4,7.4,47.7,0.0,0.4,2.5,1.2,30.6,0.3,0.3,0.0,0.0,0,0.0,0.0,769.0,26.0,40.0,12.0,0.0,272.0,0.0,4.0,1.0,0.0,0,3.0,0.0,5.17,2.75,2.07,23.5,0.4,0.08,0.09,1.9,3.38,2.89,1.91,20.1,0.18,0.06,0.08,1.48,1043.0,有,有
687,2024,993.0,42.9,0.8,0.0,0.0,2.8,0.0,34.9,52.0,0.8,0.0,7.5,2.2,0.0,39.8,606.0,1.0,31.0,0.0,22.0,13.0,683.0,42.0,41.7,0.8,0.0,0.2,0.9,48.6,44.9,1.5,4.5,0.5,7.7,562.0,131.0,15.0,18.0,0.0,138.0,66.2,2.7,8.8,2.8,0.6,4.7,0.8,0.2,0.1,1.5,0,0.4,0.9,62.7,2.8,5.4,2.2,2.4,16.6,0.0,0.2,0.0,5.9,0,0.2,5.0,533.0,66.0,25.0,0.0,0.0,348.0,19.0,2.0,0.0,0.0,0,4.0,0.0,5.41,2.74,2.06,22.6,0.29,0.07,0.08,2.4,4.45,2.89,2.2,20.1,0.27,0.06,0.08,1.04,1006.0,有,有
688,2024,989.0,64.6,0.3,0.0,0.5,0.0,6.2,9.0,45.6,0.0,0.0,7.5,0.0,1.6,7.9,513.0,2.0,9.0,79.0,16.0,14.0,250.0,55.6,41.4,0.3,0.0,0.4,5.1,68.3,42.0,0.6,8.9,0.0,0.0,576.0,477.0,37.0,104.0,0.0,0.0,77.9,0.0,2.3,5.3,0.0,23.3,0.0,0.0,0.3,0.0,0,0.0,0.0,74.9,3.8,2.3,3.4,0.3,29.5,1.3,0.4,0.0,2.5,0,0.0,3.9,587.0,31.0,14.0,15.0,0.0,319.0,0.0,6.0,0.0,23.0,0,0.0,0.0,5.28,2.71,2.04,21.6,0.46,0.08,0.08,2.1,4.75,1.79,1.93,24.9,0.18,0.06,0.03,1.43,1010.0,有,有
689,2024,245.0,78.7,0.1,7.7,2.9,1.7,4.4,31.9,36.3,0.0,11.8,1.6,0.0,5.6,34.2,866.0,5.0,0.0,0.0,17.0,49.0,390.0,62.7,42.2,0.0,0.0,0.4,4.0,40.3,46.8,0.9,1.9,0.4,7.9,392.0,412.0,0.0,18.0,0.0,94.0,72.5,4.5,4.4,5.8,2.1,25.5,1.0,0.1,0.2,0.0,0,0.0,7.5,60.4,0.3,3.9,4.0,0.6,23.5,0.0,0.0,0.2,4.5,0,0.4,2.1,419.0,69.0,36.0,36.0,47.0,318.0,14.0,3.0,4.0,0.0,0,2.0,112.0,5.58,2.74,2.12,21.8,0.23,0.09,0.08,1.9,5.79,2.89,1.51,24.9,0.14,0.09,0.06,1.09,1052.0,有,有
690,2024,785.0,64.0,0.0,0.0,12.5,0.2,0.0,41.7,68.3,0.1,6.3,7.0,2.2,1.9,33.5,562.0,6.0,0.0,6.0,20.0,37.0,256.0,62.7,36.8,1.8,0.0,0.1,4.8,47.6,41.4,0.0,17.5,0.0,6.2,748.0,398.0,47.0,0.0,0.0,0.0,55.9,2.5,1.7,3.4,0.1,32.7,2.6,0.2,0.0,1.1,0,0.0,11.3,52.5,0.0,2.2,2.1,3.7,24.3,0.3,0.0,0.0,0.0,0,0.6,0.0,377.0,0.0,56.0,33.0,8.0,583.0,26.0,2.0,2.0,33.0,0,3.0,35.0,5.13,2.75,2.01,22.8,0.27,0.08,0.09,2.5,5.79,2.4,1.39,16.4,0.32,0.03,0.06,1.65,1041.0,有,有
691,2024,866.0,59.0,0.0,0.0,10.9,0.0,4.6,33.7,46.2,0.0,7.6,0.0,2.8,4.3,29.1,614.0,2.0,0.0,25.0,0.0,29.0,313.0,63.2,27.2,0.0,11.4,0.0,10.2,47.7,27.0,1.7,10.6,0.7,0.0,767.0,254.0,0.0,0.0,6.0,116.0,53.6,2.2,4.2,0.0,0.0,26.6,0.5,0.3,0.0,0.0,0,0.2,2.1,61.2,7.9,2.1,0.8,0.0,42.3,2.5,0.3,0.0,10.3,0,0.0,0.0,682.0,56.0,51.0,24.0,22.0,392.0,51.0,4.0,2.0,0.0,0,6.0,89.0,5.29,2.71,1.98,22.4,0.19,0.08,0.09,2.0,5.07,2.89,1.1,19.4,0.15,0.07,0.06,1.58,1104.0,有,有
692,2024,621.0,69.0,0.2,13.3,6.1,0.0,5.4,30.5,32.3,0.4,8.3,8.1,0.0,2.6,67.3,445.0,0.0,0.0,0.0,4.0,66.0,486.0,53.7,39.8,0.0,0.0,0.4,5.1,57.1,41.0,1.2,0.0,0.0,3.3,421.0,558.0,2.0,0.0,0.0,73.0,60.3,0.0,2.7,0.0,0.0,20.0,0.2,0.0,0.0,0.0,0,0.2,0.5,74.0,0.0,0.9,5.5,0.8,30.2,0.0,0.3,0.0,0.0,0,0.0,0.0,540.0,82.0,0.0,34.0,22.0,228.0,0.0,2.0,4.0,0.0,0,6.0,53.0,5.11,2.68,2.12,20.5,0.34,0.07,0.08,2.1,2.97,2.89,1.48,18.1,0.24,0.06,0.09,1.48,1019.0,有,有
693,2024,16.0,55.3,0.1,4.2,0.0,0.6,5.6,35.6,86.8,0.0,17.0,0.0,2.5,0.0,32.5,610.0,5.0,0.0,67.0,0.0,17.0,253.0,67.3,22.9,0.8,3.1,0.3,0.0,56.6,61.3,0.0,7.3,1.1,1.6,441.0,340.0,40.0,76.0,0.0,21.0,85.6,0.8,3.7,3.5,4.3,23.9,0.1,0.4,0.0,7.5,0,0.0,0.0,51.1,1.3,1.6,4.8,1.2,20.2,3.5,0.5,0.2,11.3,0,0.2,9.4,348.0,0.0,0.0,74.0,31.0,352.0,15.0,0.0,3.0,0.0,0,3.0,76.0,5.33,2.75,2.0,24.1,0.39,0.09,0.1,2.4,5.79,2.89,2.17,24.9,0.19,0.07,0.05,1.36,1084.0,有,有
694,2024,167.0,68.0,0.2,1.0,11.8,0.0,3.1,34.6,76.9,0.0,0.0,0.0,6.3,2.1,32.2,568.0,0.0,136.0,62.0,16.0,66.0,500.0,46.6,37.4,0.1,0.0,0.0,0.0,50.3,48.3,1.8,0.0,0.0,1.9,427.0,524.0,1.0,0.0,0.0,10.0,44.4,4.1,5.7,4.9,0.5,26.0,1.1,0.2,0.0,3.8,0,0.0,0.0,57.1,4.8,1.3,3.1,1.9,20.0,2.1,0.1,0.0,0.0,0,0.1,4.7,840.0,42.0,71.0,34.0,24.0,433.0,0.0,0.0,1.0,59.0,0,0.0,96.0,5.38,2.77,2.08,19.8,0.35,0.08,0.1,2.3,4.47,2.49,1.78,23.8,0.18,0.04,0.05,1.1,1046.0,有,有
695,2024,64.0,62.3,0.0,0.0,3.3,0.0,1.1,39.0,49.7,0.2,4.4,0.0,2.8,4.5,44.8,413.0,2.0,117.0,73.0,0.0,0.0,457.0,62.7,47.1,0.0,0.0,0.2,4.8,63.0,32.6,0.0,0.0,0.2,3.4,537.0,599.0,0.0,0.0,1.0,96.0,63.9,1.4,6.7,4.3,0.0,40.1,1.3,0.6,0.0,0.0,0,0.3,2.6,54.8,5.5,7.2,4.6,3.2,49.0,1.0,0.0,0.1,6.1,0,0.7,3.0,327.0,0.0,12.0,26.0,12.0,219.0,40.0,3.0,0.0,0.0,0,0.0,51.0,5.25,2.74,2.06,20.6,0.27,0.08,0.08,2.2,5.79,2.89,1.27,23.0,0.19,0.09,0.07,1.9,1031.0,有,有
696,2024,101.0,55.7,0.7,0.0,8.7,1.8,3.7,14.8,71.0,0.2,20.5,6.5,0.0,0.0,67.8,253.0,0.0,0.0,48.0,3.0,0.0,286.0,57.1,58.3,0.0,0.0,0.5,0.0,57.9,24.0,0.5,0.0,0.5,8.9,715.0,382.0,19.0,49.0,0.0,55.0,57.1,3.6,3.6,1.2,2.7,21.7,0.2,0.1,0.0,1.8,0,0.0,2.5,43.3,4.0,0.7,3.2,0.0,24.2,0.2,0.1,0.0,0.0,0,0.0,7.7,323.0,0.0,16.0,16.0,23.0,357.0,21.0,2.0,2.0,0.0,0,0.0,34.0,5.23,2.73,2.08,21.8,0.19,0.08,0.1,1.9,2.85,2.89,2.02,13.3,0.25,0.05,0.07,1.87,1072.0,有,有
697,2024,573.0,85.4,0.2,0.0,11.7,1.5,5.7,32.6,42.5,0.2,0.0,3.0,1.0,1.6,37.7,580.0,4.0,82.0,21.0,34.0,35.0,102.0,62.4,29.5,0.1,0.0,0.4,0.0,37.9,40.5,0.0,9.7,0.1,5.5,672.0,596.0,13.0,36.0,0.0,57.0,72.0,0.3,8.0,4.2,0.3,23.6,2.0,0.8,0.0,8.8,0,0.1,6.4,48.7,3.7,0.0,0.0,2.0,16.3,3.5,0.1,0.0,0.0,0,0.2,0.0,675.0,10.0,82.0,24.0,17.0,295.0,38.0,0.0,2.0,18.0,0,0.0,116.0,5.18,2.7,2.08,23.4,0.31,0.08,0.08,2.2,4.66,2.89,1.6,17.2,0.13,0.07,0.06,1.42,1022.0,有,有
698,2024,578.0,86.3,0.4,3.3,13.0,0.5,3.8,24.7,38.8,0.0,16.5,3.3,0.0,7.7,38.0,357.0,1.0,41.0,0.0,33.0,49.0,403.0,30.1,43.1,2.2,0.0,0.0,0.0,48.7,37.7,1.2,0.2,0.0,1.8,866.0,438.0,9.0,0.0,3.0,0.0,70.6,2.9,7.8,0.0,1.1,25.8,1.5,0.1,0.0,0.0,0,0.0,9.7,45.1,5.5,2.0,0.0,0.5,35.8,0.0,0.1,0.2,7.3,0,0.1,11.2,598.0,71.0,48.0,57.0,27.0,238.0,29.0,0.0,0.0,0.0,0,3.0,38.0,5.43,2.72,2.03,21.0,0.38,0.1,0.09,1.9,3.91,2.28,2.2,19.5,0.19,0.06,0.07,1.43,1064.0,有,有
699,2024,228.0,54.6,0.5,5.9,5.0,0.0,2.4,17.3,71.5,0.1,6.5,0.0,0.8,6.7,51.2,420.0,1.0,12.0,0.0,0.0,13.0,510.0,46.6,71.7,0.3,4.7,0.4,3.6,41.1,19.9,0.9,3.3,0.0,0.0,370.0,685.0,36.0,0.0,0.0,30.0,82.2,3.4,0.2,1.7,0.0,32.9,1.2,0.0,0.0,2.8,0,0.0,4.6,73.9,0.0,0.0,3.4,3.2,34.1,0.1,0.4,0.0,0.0,0,0.3,7.5,729.0,34.0,17.0,54.0,13.0,353.0,24.0,1.0,4.0,90.0,0,6.0,124.0,5.44,2.71,2.07,22.6,0.33,0.06,0.09,2.2,5.14,1.99,1.43,22.2,0.34,0.06,0.09,0.81,1104.0,有,有
700,2024,751.0,71.6,0.1,12.7,0.0,1.8,6.6,48.2,53.8,0.6,0.7,0.0,0.3,3.9,32.5,611.0,4.0,62.0,18.0,10.0,36.0,429.0,77.6,53.7,0.1,0.0,0.0,5.8,59.7,46.6,1.7,1.6,0.0,15.1,667.0,389.0,23.0,36.0,0.0,90.0,75.6,1.8,0.0,5.5,0.1,37.3,0.7,0.3,0.0,0.0,0,0.0,13.1,47.5,4.6,2.1,6.0,1.5,30.9,0.0,0.5,0.0,0.0,0,0.0,4.9,518.0,39.0,88.0,0.0,30.0,416.0,29.0,1.0,0.0,55.0,0,0.0,20.0,5.27,2.69,2.1,23.9,0.23,0.1,0.09,2.2,4.28,2.58,2.2,15.7,0.23,0.07,0.05,1.69,966.0,有,有
701,2024,770.0,73.1,0.0,13.6,3.7,0.0,5.2,39.7,53.5,0.1,0.0,10.9,0.3,6.2,36.0,363.0,0.0,0.0,42.0,23.0,13.0,391.0,59.5,53.1,0.6,8.3,0.0,5.8,61.8,43.5,0.3,6.0,0.0,8.3,468.0,450.0,44.0,0.0,0.0,35.0,63.6,3.8,6.6,0.8,3.3,35.3,0.9,0.0,0.2,1.3,0,0.6,6.1,61.3,9.9,6.4,7.4,0.6,24.5,1.3,0.1,0.0,0.0,0,0.4,0.0,579.0,75.0,51.0,8.0,0.0,296.0,34.0,4.0,1.0,107.0,0,1.0,0.0,5.37,2.7,2.03,21.3,0.34,0.08,0.09,2.2,4.68,2.89,1.74,24.9,0.22,0.09,0.05,1.27,1004.0,有,有
702,2024,476.0,78.1,0.0,5.0,9.0,0.0,4.2,48.6,56.8,0.0,9.4,5.7,0.9,5.1,50.2,498.0,0.0,91.0,67.0,25.0,64.0,459.0,88.7,37.7,0.0,0.0,0.5,0.3,40.5,28.1,0.7,0.0,0.2,3.2,866.0,593.0,0.0,0.0,1.0,7.0,86.9,0.0,3.9,0.2,2.8,21.1,0.0,0.0,0.1,0.0,0,0.3,6.0,11.2,2.4,6.5,8.5,0.3,11.7,1.4,0.2,0.0,0.2,0,0.0,5.1,866.0,37.0,0.0,0.0,23.0,231.0,31.0,0.0,0.0,129.0,0,2.0,11.0,5.34,2.73,2.07,23.6,0.43,0.1,0.08,1.8,3.0,2.89,2.04,15.7,0.14,0.09,0.07,1.26,1072.0,有,有
703,2024,856.0,53.0,0.4,0.0,0.0,1.1,1.4,40.8,68.7,0.0,0.0,10.1,0.0,8.5,43.7,224.0,1.0,155.0,91.0,0.0,64.0,538.0,56.1,37.2,1.1,0.0,0.2,3.5,37.3,40.4,2.4,1.4,0.0,7.6,593.0,378.0,13.0,19.0,4.0,0.0,40.2,5.1,7.4,2.2,0.0,18.9,0.3,0.3,0.0,1.1,0,0.1,5.7,64.0,3.8,8.7,5.3,0.1,25.0,3.3,0.0,0.0,0.0,0,0.0,7.2,530.0,22.0,70.0,44.0,0.0,460.0,0.0,0.0,0.0,24.0,0,0.0,0.0,5.01,2.77,2.05,22.4,0.47,0.09,0.1,2.2,3.92,2.89,2.2,24.9,0.25,0.05,0.09,1.44,1000.0,有,有
704,2024,110.0,66.8,0.0,1.8,4.7,0.0,5.2,43.1,44.7,0.4,0.0,0.0,0.0,6.4,26.9,662.0,4.0,19.0,0.0,0.0,0.0,441.0,33.3,38.9,2.3,3.3,0.2,4.1,69.2,17.4,0.5,5.1,0.2,0.6,529.0,577.0,0.0,0.0,0.0,85.0,76.7,3.6,4.8,5.0,1.1,39.1,0.9,0.2,0.0,0.0,0,0.3,4.6,80.8,6.8,10.0,3.4,0.7,28.7,0.5,0.3,0.3,0.0,0,0.3,0.0,706.0,0.0,70.0,46.0,0.0,83.0,0.0,4.0,0.0,57.0,0,0.0,49.0,5.26,2.69,1.97,21.0,0.33,0.08,0.09,1.8,3.4,2.89,1.83,21.2,0.24,0.08,0.03,1.4,1117.0,有,有
705,2024,79.0,60.3,0.1,3.8,1.8,1.7,1.3,47.4,82.5,0.0,0.0,2.8,2.5,3.1,53.7,398.0,6.0,67.0,85.0,0.0,87.0,265.0,58.7,60.6,0.6,9.7,0.2,0.0,34.2,23.9,3.3,0.0,0.2,5.2,626.0,177.0,23.0,5.0,0.0,115.0,81.5,2.0,6.6,3.0,1.0,30.5,0.1,0.1,0.0,0.3,0,0.6,0.0,58.2,5.6,6.7,4.9,2.2,31.4,0.0,0.2,0.1,0.0,0,0.2,0.0,429.0,0.0,9.0,49.0,0.0,194.0,10.0,3.0,0.0,71.0,0,2.0,0.0,5.2,2.68,2.07,22.9,0.32,0.07,0.09,2.2,4.06,2.18,1.69,18.2,0.19,0.05,0.1,1.72,1089.0,有,有
706,2024,419.0,84.0,0.5,10.5,0.0,0.1,0.0,29.4,26.0,0.0,0.0,5.5,1.2,6.1,42.5,581.0,6.0,72.0,36.0,6.0,39.0,575.0,40.7,33.8,2.5,3.0,0.4,9.2,58.0,57.5,0.5,0.0,0.1,0.0,725.0,398.0,0.0,0.0,4.0,0.0,62.0,6.1,5.8,6.6,2.4,25.6,0.1,0.4,0.1,17.5,0,0.3,4.8,67.9,2.9,6.8,2.5,1.8,35.9,3.1,0.0,0.0,14.2,0,0.0,0.0,609.0,23.0,49.0,83.0,5.0,393.0,18.0,4.0,3.0,13.0,0,3.0,1.0,5.31,2.76,2.0,23.0,0.29,0.1,0.08,2.3,4.3,2.11,2.19,23.3,0.27,0.08,0.06,0.93,1042.0,有,有
707,2024,1125.0,64.0,0.0,0.0,3.3,0.6,8.1,40.1,51.0,0.0,12.1,0.0,1.4,0.0,50.5,207.0,6.0,0.0,0.0,1.0,22.0,340.0,75.7,35.8,1.5,0.7,0.6,0.0,70.8,59.9,2.0,3.1,0.7,0.0,492.0,406.0,30.0,51.0,0.0,0.0,61.2,3.2,8.2,2.7,0.0,40.3,1.3,0.3,0.0,10.3,0,0.0,9.7,52.6,5.6,5.7,3.3,0.0,21.5,0.0,0.2,0.0,1.0,0,0.0,3.8,645.0,0.0,72.0,0.0,0.0,171.0,0.0,0.0,0.0,67.0,0,1.0,32.0,5.28,2.67,2.09,24.4,0.22,0.08,0.07,1.8,3.64,2.45,2.2,18.5,0.19,0.08,0.06,0.52,1003.0,有,有
708,2024,669.0,64.6,0.1,11.1,0.7,2.9,0.0,33.5,66.0,0.3,6.3,4.8,7.0,4.4,52.4,702.0,0.0,43.0,85.0,0.0,50.0,459.0,74.6,59.2,0.0,0.6,0.0,3.9,44.1,19.6,0.0,1.8,0.6,3.7,568.0,563.0,13.0,0.0,0.0,3.0,51.7,2.2,6.0,0.0,0.0,29.5,0.0,0.0,0.0,10.7,0,0.7,11.2,63.7,1.9,1.5,0.0,0.8,30.9,1.4,0.5,0.0,1.0,0,0.1,3.6,643.0,48.0,11.0,70.0,29.0,338.0,9.0,0.0,1.0,0.0,0,2.0,72.0,5.43,2.76,2.05,22.9,0.19,0.07,0.06,2.3,5.12,2.76,2.2,24.9,0.16,0.04,0.04,1.15,1105.0,有,有
709,2024,468.0,83.3,0.2,8.3,0.0,0.0,0.8,38.9,59.8,0.3,0.0,2.8,1.1,5.6,33.0,304.0,1.0,0.0,0.0,49.0,43.0,405.0,83.0,33.0,1.7,13.2,0.0,4.0,18.6,23.9,0.0,7.3,0.5,5.8,549.0,421.0,0.0,0.0,0.0,156.0,66.1,3.0,4.9,1.5,2.0,15.7,1.8,0.2,0.0,1.0,0,0.1,5.1,54.3,2.3,2.9,0.0,1.0,36.1,1.4,0.0,0.0,0.0,0,0.1,0.0,491.0,0.0,54.0,51.0,19.0,479.0,0.0,1.0,1.0,0.0,0,8.0,30.0,5.15,2.78,2.03,24.3,0.22,0.09,0.1,2.3,5.66,2.89,1.87,22.3,0.24,0.07,0.06,1.14,1056.0,有,有
710,2024,1093.0,46.4,0.4,0.0,0.0,0.6,0.0,39.7,59.0,0.0,0.0,13.9,4.5,3.1,38.6,619.0,0.0,35.0,0.0,17.0,11.0,498.0,32.4,31.2,3.6,0.0,0.1,7.8,27.7,37.1,3.8,0.0,0.4,0.0,797.0,383.0,30.0,135.0,2.0,40.0,70.1,7.8,3.2,0.0,0.8,12.2,0.0,0.0,0.0,18.5,0,0.0,0.0,69.1,1.5,8.8,1.4,0.7,20.3,3.1,0.2,0.0,0.0,0,0.2,0.0,693.0,4.0,60.0,0.0,3.0,320.0,5.0,2.0,0.0,50.0,0,0.0,10.0,5.27,2.7,2.07,23.9,0.26,0.08,0.07,2.5,3.24,2.57,2.0,14.6,0.25,0.08,0.05,2.01,1157.0,有,有
711,2024,602.0,45.1,0.5,0.0,11.0,1.7,3.0,34.1,47.4,0.0,0.0,0.0,1.2,0.7,5.4,414.0,0.0,37.0,110.0,2.0,20.0,475.0,68.5,31.7,0.0,0.0,0.3,3.8,48.6,36.4,0.9,3.6,0.0,8.2,770.0,463.0,44.0,0.0,1.0,1.0,73.3,3.9,4.8,2.8,2.1,19.5,0.0,0.0,0.1,5.2,0,0.5,1.8,59.2,2.5,3.3,0.0,0.0,35.1,0.9,0.3,0.0,9.2,0,0.2,4.0,463.0,0.0,68.0,14.0,1.0,358.0,0.0,2.0,2.0,0.0,0,2.0,0.0,5.4,2.73,2.0,25.6,0.19,0.07,0.08,2.2,5.76,2.89,1.6,24.9,0.18,0.08,0.09,1.7,983.0,有,有
712,2024,412.0,62.0,0.5,0.0,16.8,0.2,4.0,37.2,70.2,0.8,2.3,0.0,0.9,0.0,32.4,627.0,0.0,69.0,50.0,24.0,57.0,381.0,69.7,49.4,3.4,0.0,0.0,14.3,58.9,29.0,2.9,5.4,0.3,1.9,546.0,352.0,40.0,8.0,3.0,93.0,61.2,5.5,1.4,4.8,2.4,34.8,0.5,0.1,0.1,7.3,0,0.0,17.1,46.5,1.1,5.6,1.4,1.6,22.7,2.2,0.1,0.0,0.0,0,0.0,5.6,248.0,27.0,55.0,31.0,30.0,297.0,22.0,7.0,0.0,154.0,0,2.0,0.0,5.14,2.67,2.05,21.6,0.35,0.1,0.11,2.0,4.95,2.26,2.2,24.9,0.17,0.09,0.07,1.03,1005.0,有,有
713,2024,187.0,52.7,0.1,0.0,6.5,1.1,3.3,34.7,46.2,0.3,1.8,1.9,2.5,8.3,34.3,750.0,0.0,0.0,36.0,10.0,59.0,243.0,68.3,42.9,1.4,0.0,0.0,3.8,43.7,39.3,0.5,0.0,0.5,2.2,534.0,484.0,15.0,67.0,6.0,0.0,83.5,7.9,2.1,0.0,0.2,31.7,0.0,0.2,0.1,0.0,0,0.1,0.0,45.4,0.0,5.4,3.3,0.5,26.0,1.7,0.5,0.0,0.0,0,0.0,8.5,564.0,35.0,118.0,53.0,6.0,258.0,0.0,6.0,1.0,14.0,0,1.0,0.0,5.21,2.73,2.06,21.0,0.41,0.08,0.1,1.7,5.79,2.89,2.1,18.8,0.19,0.08,0.1,1.64,981.0,有,有
714,2024,901.0,50.9,0.0,2.4,4.5,1.4,4.0,36.8,38.9,0.0,2.6,3.3,1.9,0.0,37.1,614.0,4.0,0.0,0.0,31.0,57.0,449.0,56.1,39.5,0.6,3.8,0.0,9.1,62.4,35.3,0.6,3.4,0.1,0.0,249.0,698.0,11.0,62.0,5.0,0.0,71.5,0.0,9.3,6.0,2.8,5.6,0.0,0.5,0.0,0.4,0,0.0,11.7,39.2,2.2,6.3,0.8,0.2,41.7,1.6,0.3,0.2,0.0,0,0.0,7.9,443.0,68.0,6.0,15.0,45.0,339.0,11.0,4.0,0.0,66.0,0,2.0,0.0,5.36,2.7,2.06,22.5,0.25,0.07,0.06,1.8,4.94,2.89,2.05,24.9,0.18,0.07,0.04,1.31,995.0,有,有
715,2024,452.0,74.0,0.7,3.9,7.6,0.0,0.0,13.4,49.8,0.9,0.0,4.9,1.8,9.9,16.9,660.0,2.0,88.0,114.0,57.0,39.0,275.0,40.4,38.3,1.0,0.0,0.1,0.0,58.4,41.3,1.3,0.4,0.4,0.0,599.0,389.0,12.0,0.0,2.0,140.0,77.2,7.6,0.6,0.0,1.7,14.4,1.4,0.0,0.1,5.0,0,0.1,1.9,63.6,4.1,1.3,0.0,2.4,33.1,4.2,0.4,0.0,5.8,0,0.0,5.0,585.0,17.0,29.0,47.0,5.0,224.0,22.0,3.0,0.0,110.0,0,5.0,117.0,5.3,2.78,2.06,22.9,0.27,0.12,0.08,2.4,5.79,2.89,1.32,15.0,0.16,0.06,0.05,0.67,1018.0,有,有
716,2024,963.0,46.7,0.0,0.0,10.5,1.8,7.3,25.0,51.9,0.3,0.0,4.3,1.0,1.6,23.4,786.0,4.0,137.0,81.0,0.0,6.0,498.0,32.7,48.8,0.6,0.0,0.5,3.5,30.4,51.8,1.0,0.0,0.0,0.5,829.0,263.0,28.0,31.0,3.0,54.0,51.8,2.6,0.0,10.6,4.2,18.5,3.5,0.4,0.1,1.9,0,0.7,0.0,48.6,4.3,6.9,5.6,2.4,17.4,1.7,0.3,0.0,3.6,0,0.0,0.3,612.0,82.0,54.0,34.0,7.0,280.0,0.0,3.0,0.0,132.0,0,1.0,58.0,5.02,2.74,2.04,25.5,0.41,0.09,0.09,1.8,5.79,2.83,1.99,24.5,0.27,0.08,0.07,1.56,1049.0,有,有
717,2024,108.0,60.3,0.4,5.7,0.0,0.7,1.9,23.0,70.3,0.0,15.2,2.2,1.3,0.3,26.9,541.0,2.0,0.0,0.0,18.0,62.0,326.0,51.1,39.8,0.2,0.0,0.1,9.8,56.8,38.4,0.0,0.0,0.7,1.5,506.0,441.0,26.0,112.0,0.0,41.0,57.4,1.3,3.5,4.0,0.0,22.4,0.2,0.4,0.2,6.5,0,0.5,0.8,76.4,0.0,0.0,2.2,1.9,28.0,0.2,0.1,0.2,0.0,0,0.3,11.1,509.0,31.0,57.0,13.0,43.0,330.0,32.0,1.0,0.0,58.0,0,3.0,11.0,5.26,2.74,2.02,21.4,0.31,0.06,0.11,2.8,5.79,1.85,1.21,10.0,0.21,0.09,0.08,1.14,1017.0,有,有
718,2024,479.0,84.9,0.3,0.0,4.4,1.5,2.6,33.5,56.9,0.0,0.0,2.2,1.6,3.7,44.9,680.0,0.0,42.0,29.0,34.0,13.0,365.0,53.6,37.1,3.4,10.3,0.3,8.2,35.7,47.3,1.6,1.9,0.2,0.0,489.0,375.0,2.0,32.0,0.0,65.0,67.6,4.0,1.6,2.0,3.0,47.3,0.6,0.0,0.1,0.0,0,0.6,0.6,81.6,4.9,0.8,2.9,0.7,22.8,4.7,0.9,0.0,0.0,0,0.2,0.0,514.0,47.0,56.0,0.0,13.0,358.0,50.0,0.0,0.0,0.0,0,2.0,0.0,5.06,2.71,2.02,24.9,0.36,0.11,0.08,1.7,5.06,1.93,1.99,24.9,0.17,0.08,0.02,1.12,994.0,有,有
719,2024,620.0,40.2,0.0,0.0,0.0,0.7,4.4,61.4,50.0,0.1,0.0,0.0,2.4,1.1,39.5,422.0,3.0,41.0,15.0,17.0,5.0,571.0,63.1,26.8,1.8,0.0,0.0,4.6,72.2,11.2,0.0,10.1,0.1,5.4,605.0,343.0,27.0,81.0,7.0,56.0,35.6,1.0,3.6,6.0,0.0,32.5,1.5,0.0,0.2,5.2,0,0.2,7.7,60.2,0.0,4.5,2.4,2.9,8.1,4.2,0.0,0.0,0.2,0,0.3,5.9,440.0,22.0,78.0,61.0,14.0,215.0,21.0,2.0,0.0,0.0,0,0.0,0.0,5.48,2.76,2.0,22.7,0.29,0.07,0.08,1.8,5.79,2.89,1.83,22.2,0.22,0.07,0.09,1.55,946.0,有,有
720,2024,740.0,47.3,0.2,7.2,4.2,0.8,1.5,37.5,53.2,0.0,1.9,7.0,2.4,5.7,43.6,555.0,1.0,1.0,0.0,33.0,5.0,331.0,37.9,25.3,0.9,11.2,0.0,8.3,48.0,44.4,1.0,5.1,0.4,3.8,409.0,449.0,28.0,122.0,0.0,109.0,57.0,6.3,7.3,0.0,0.0,32.9,0.0,0.5,0.0,5.9,0,0.0,9.9,34.9,3.5,9.5,5.4,0.0,24.8,0.0,0.0,0.1,7.6,0,0.5,11.6,549.0,13.0,87.0,0.0,1.0,487.0,0.0,0.0,0.0,63.0,0,5.0,28.0,5.27,2.75,2.09,20.7,0.34,0.08,0.06,2.2,5.79,2.7,1.84,24.9,0.3,0.09,0.08,0.89,1128.0,有,有
721,2024,538.0,70.0,0.3,0.0,5.9,1.5,2.6,30.9,51.7,0.4,0.0,0.0,0.1,0.9,40.7,866.0,0.0,0.0,1.0,10.0,34.0,398.0,59.7,46.7,0.0,11.9,0.1,15.4,59.3,64.9,0.0,0.0,0.0,0.0,544.0,213.0,14.0,54.0,5.0,0.0,23.1,1.2,3.0,3.9,1.2,24.8,0.2,0.3,0.1,0.0,0,0.0,4.2,39.4,2.1,2.4,2.4,3.1,27.4,0.0,0.1,0.0,0.0,0,0.0,0.6,494.0,0.0,59.0,134.0,31.0,346.0,21.0,2.0,1.0,0.0,0,2.0,0.0,5.38,2.68,2.04,24.3,0.26,0.08,0.06,2.3,4.4,2.38,1.99,17.8,0.14,0.07,0.06,1.38,1055.0,有,有
722,2024,1071.0,51.8,0.1,0.0,4.7,0.0,1.4,13.3,45.1,0.0,0.6,0.0,0.0,1.7,49.0,367.0,0.0,41.0,22.0,0.0,3.0,200.0,76.2,29.3,0.5,6.2,0.3,3.0,53.5,47.7,2.6,0.0,0.2,3.2,736.0,214.0,0.0,56.0,1.0,127.0,75.5,1.0,1.2,6.1,3.0,30.6,0.6,0.6,0.1,6.8,0,0.5,0.0,52.8,6.7,7.3,4.4,5.2,37.4,0.0,0.3,0.0,0.0,0,0.0,0.0,451.0,0.0,41.0,46.0,15.0,281.0,0.0,3.0,3.0,25.0,0,1.0,6.0,5.15,2.68,2.06,21.4,0.31,0.08,0.08,2.2,3.83,2.87,2.2,24.9,0.16,0.05,0.08,2.3,1062.0,有,有
723,2024,321.0,65.5,0.0,0.0,0.2,2.8,0.0,31.1,62.0,0.0,4.9,16.5,0.0,0.5,8.5,299.0,0.0,0.0,41.0,45.0,9.0,467.0,62.0,56.1,0.0,0.0,0.1,0.0,54.8,35.5,4.5,0.0,0.0,14.6,611.0,387.0,46.0,0.0,6.0,0.0,58.4,0.6,3.5,2.2,0.0,27.2,2.0,0.1,0.0,15.6,0,0.0,6.2,47.0,1.3,9.8,3.1,0.0,21.7,2.7,0.2,0.0,5.7,0,0.0,0.0,562.0,37.0,33.0,29.0,30.0,394.0,25.0,4.0,3.0,0.0,0,4.0,63.0,5.34,2.72,2.1,23.6,0.29,0.11,0.1,2.6,4.94,2.88,1.59,19.2,0.12,0.09,0.06,1.32,1034.0,有,有
724,2024,584.0,58.5,0.0,8.2,0.0,0.5,3.2,18.0,72.2,0.5,11.8,0.0,0.3,2.8,13.8,652.0,4.0,0.0,24.0,48.0,53.0,468.0,56.1,50.9,1.5,0.0,0.6,6.1,30.5,59.9,1.4,12.1,0.1,4.7,545.0,529.0,36.0,0.0,0.0,34.0,80.1,6.2,6.5,2.4,2.6,30.1,1.6,0.3,0.0,7.3,0,0.3,0.0,53.5,2.0,0.7,7.3,0.0,20.0,1.3,0.0,0.2,0.0,0,0.4,0.0,682.0,34.0,72.0,43.0,0.0,175.0,0.0,2.0,1.0,7.0,0,2.0,62.0,5.39,2.77,2.04,23.0,0.42,0.1,0.1,2.2,4.44,2.89,1.3,24.9,0.21,0.08,0.07,1.26,1001.0,有,有
725,2024,484.0,88.7,0.7,6.1,1.6,2.9,1.3,19.1,42.4,0.0,0.0,4.7,0.6,3.0,50.1,163.0,0.0,50.0,35.0,34.0,144.0,383.0,87.8,44.1,3.4,11.9,0.0,4.4,64.6,43.9,1.0,2.9,0.0,1.9,492.0,434.0,0.0,0.0,6.0,107.0,56.8,4.8,5.2,2.9,1.8,44.2,0.0,0.2,0.0,0.0,0,0.3,1.3,64.3,1.2,1.1,0.0,0.0,33.5,0.3,0.0,0.3,0.0,0,1.0,0.0,520.0,50.0,41.0,0.0,0.0,384.0,3.0,0.0,0.0,10.0,0,6.0,50.0,5.24,2.73,2.05,22.8,0.28,0.08,0.09,2.0,5.79,2.89,1.43,18.6,0.15,0.06,0.08,1.78,1018.0,有,有
726,2024,70.0,72.6,0.0,0.0,13.5,1.5,0.0,25.7,36.6,0.5,3.1,0.7,0.0,6.2,34.8,666.0,2.0,204.0,65.0,10.0,0.0,469.0,5.2,43.7,1.4,9.1,0.0,0.6,51.4,45.7,2.1,2.0,0.2,8.4,413.0,723.0,27.0,0.0,0.0,36.0,59.5,0.0,0.0,0.0,2.2,24.8,3.7,0.2,0.0,0.0,0,0.0,0.0,40.1,2.7,1.6,1.2,0.0,25.5,0.0,0.5,0.0,2.5,0,0.0,0.0,560.0,91.0,35.0,36.0,16.0,413.0,12.0,3.0,3.0,146.0,0,2.0,35.0,5.41,2.71,2.07,22.4,0.37,0.08,0.08,2.3,5.79,2.41,1.28,21.1,0.16,0.06,0.07,1.16,1034.0,有,有
727,2024,48.0,63.0,0.1,2.6,0.0,1.0,2.5,38.9,80.8,0.0,15.1,5.0,2.0,0.4,49.9,667.0,4.0,0.0,0.0,5.0,36.0,562.0,46.9,49.3,0.1,3.4,0.0,0.0,27.2,68.0,0.0,1.6,0.2,7.6,852.0,440.0,9.0,55.0,5.0,154.0,48.1,3.2,5.8,4.0,2.3,29.6,0.5,0.0,0.0,2.4,0,0.5,0.0,56.0,1.2,2.2,5.5,0.0,40.6,0.0,0.0,0.2,10.0,0,0.2,0.0,632.0,48.0,44.0,73.0,25.0,155.0,43.0,2.0,0.0,38.0,0,5.0,80.0,5.07,2.7,2.0,21.4,0.33,0.07,0.09,2.6,4.14,2.65,1.27,21.9,0.19,0.04,0.07,1.96,1163.0,有,有
728,2024,928.0,85.6,0.4,0.6,0.0,0.0,7.0,38.6,61.0,0.2,1.5,0.0,1.9,6.2,50.7,549.0,1.0,0.0,31.0,3.0,0.0,276.0,47.5,19.4,1.7,4.1,0.0,11.3,37.6,18.0,0.0,0.0,0.2,0.3,448.0,260.0,21.0,57.0,2.0,77.0,51.0,1.0,1.4,4.7,0.0,35.4,1.8,0.2,0.1,1.0,0,0.2,1.9,71.1,2.9,2.8,0.0,1.8,28.5,3.0,0.1,0.0,0.0,0,0.0,6.0,590.0,0.0,53.0,70.0,0.0,342.0,4.0,3.0,1.0,60.0,0,0.0,129.0,5.17,2.75,2.06,21.1,0.37,0.07,0.09,1.9,5.79,2.49,2.2,22.6,0.25,0.06,0.06,1.07,1058.0,有,有
729,2024,488.0,44.3,0.0,1.6,4.9,2.5,4.1,32.2,36.3,0.0,0.0,1.4,1.8,3.8,46.2,303.0,1.0,0.0,0.0,6.0,45.0,252.0,54.8,22.4,2.9,3.7,0.7,0.0,72.2,27.9,0.6,0.0,0.3,4.1,547.0,580.0,32.0,207.0,0.0,53.0,70.4,1.4,2.9,4.7,2.7,33.7,0.1,0.3,0.0,7.1,0,0.0,5.7,53.8,6.3,9.7,0.0,0.0,35.9,0.0,0.3,0.1,4.4,0,0.4,14.1,721.0,42.0,48.0,4.0,13.0,294.0,0.0,1.0,0.0,109.0,0,0.0,0.0,5.24,2.71,2.07,19.9,0.24,0.1,0.09,2.0,5.79,2.89,1.18,22.6,0.23,0.05,0.08,1.2,1086.0,有,有
730,2024,842.0,42.6,0.0,1.9,0.0,2.7,2.1,39.2,64.4,0.0,0.9,3.3,0.9,0.0,39.0,766.0,0.0,23.0,2.0,18.0,65.0,444.0,76.1,19.4,0.3,8.5,0.0,4.5,56.0,61.5,0.0,0.0,0.0,5.4,482.0,581.0,16.0,171.0,0.0,44.0,70.7,1.2,7.2,4.8,1.0,32.1,0.8,0.4,0.2,0.0,0,0.3,0.0,70.6,5.1,6.6,5.1,3.6,34.5,2.9,0.3,0.0,4.1,0,0.1,9.0,603.0,30.0,8.0,29.0,3.0,249.0,25.0,0.0,0.0,0.0,0,3.0,0.0,5.17,2.7,2.05,23.3,0.19,0.08,0.09,1.9,5.22,2.02,2.2,22.7,0.2,0.1,0.03,1.35,1007.0,有,有
731,2024,358.0,76.9,0.1,0.0,5.5,2.5,4.1,32.7,31.7,0.0,0.0,2.4,0.0,1.1,39.3,665.0,0.0,60.0,0.0,32.0,25.0,565.0,58.6,44.3,1.2,0.0,0.0,4.5,33.3,59.3,2.0,0.0,0.0,0.0,668.0,665.0,16.0,29.0,2.0,0.0,61.3,0.0,4.5,3.6,3.0,13.1,0.3,0.2,0.0,7.1,0,0.6,0.4,5.1,4.7,2.9,5.3,1.3,38.8,0.9,0.0,0.1,10.5,0,0.2,0.0,536.0,40.0,60.0,51.0,7.0,191.0,7.0,1.0,0.0,0.0,0,0.0,0.0,5.09,2.75,2.01,21.8,0.35,0.1,0.07,2.2,4.3,2.89,1.78,24.9,0.2,0.06,0.07,1.79,987.0,有,有
732,2024,861.0,75.0,0.0,0.0,4.4,1.0,3.7,39.8,59.5,0.3,12.3,0.0,1.1,0.0,52.3,455.0,0.0,70.0,80.0,18.0,4.0,416.0,44.2,34.1,0.6,0.0,0.6,12.9,50.0,38.8,3.5,7.4,0.6,7.5,837.0,260.0,38.0,0.0,1.0,0.0,71.1,2.1,0.0,0.0,0.7,40.6,0.8,0.3,0.0,0.0,0,0.0,0.4,78.4,1.5,6.9,4.1,0.4,39.0,2.3,0.1,0.2,0.0,0,0.1,0.0,412.0,112.0,3.0,25.0,10.0,444.0,0.0,5.0,0.0,0.0,0,7.0,29.0,5.12,2.68,2.04,20.9,0.54,0.11,0.08,1.7,3.85,2.89,2.02,19.6,0.17,0.08,0.06,1.71,1028.0,有,有
733,2024,148.0,53.1,0.7,10.6,8.6,1.2,6.7,36.9,55.6,0.0,8.1,11.2,0.6,4.9,16.7,415.0,0.0,0.0,0.0,0.0,76.0,410.0,66.1,27.3,2.7,0.0,0.5,0.0,70.8,18.0,0.0,9.2,0.0,13.6,701.0,457.0,0.0,0.0,0.0,85.0,74.4,3.3,6.1,0.6,0.0,33.5,0.2,0.0,0.0,0.0,0,0.4,14.4,43.2,3.4,5.1,0.0,2.2,30.5,1.7,0.1,0.2,0.0,0,0.0,0.0,485.0,16.0,101.0,26.0,0.0,300.0,0.0,0.0,0.0,0.0,0,2.0,92.0,5.34,2.73,2.05,21.9,0.24,0.1,0.09,2.8,3.38,2.01,2.2,22.7,0.11,0.05,0.09,1.56,1002.0,有,有
734,2024,348.0,38.3,0.6,1.0,2.0,0.7,0.0,32.5,33.0,0.1,9.1,0.0,2.2,8.1,32.0,518.0,0.0,106.0,71.0,18.0,79.0,293.0,48.4,26.0,2.3,0.0,0.4,0.0,38.8,28.1,0.0,5.6,0.0,1.3,746.0,376.0,17.0,64.0,5.0,33.0,65.5,4.5,1.4,0.9,0.1,32.4,0.3,0.3,0.0,0.0,0,0.1,7.8,66.7,0.3,0.0,0.4,1.5,19.4,2.7,0.1,0.0,7.2,0,0.3,5.6,695.0,26.0,75.0,49.0,24.0,279.0,19.0,2.0,0.0,85.0,0,0.0,41.0,5.09,2.68,2.02,24.2,0.29,0.1,0.08,2.0,4.94,2.67,2.2,24.9,0.33,0.07,0.07,1.39,1009.0,有,無
735,2024,569.0,67.8,0.0,0.9,0.0,0.5,3.3,17.3,40.6,0.0,0.0,4.0,0.6,3.8,45.3,613.0,2.0,123.0,0.0,4.0,18.0,363.0,55.5,61.5,1.4,0.0,0.2,1.3,45.4,39.7,0.5,0.0,0.2,8.6,402.0,544.0,0.0,0.0,5.0,0.0,69.5,4.3,1.0,2.2,0.7,27.4,1.0,0.0,0.0,0.6,0,0.0,0.0,35.7,0.0,2.9,3.5,0.0,34.9,1.2,0.3,0.1,15.2,0,0.3,3.8,528.0,49.0,0.0,13.0,28.0,149.0,16.0,3.0,3.0,0.0,0,4.0,90.0,5.32,2.75,1.96,19.6,0.41,0.09,0.08,2.5,4.36,1.55,2.2,21.6,0.21,0.07,0.07,1.77,1039.0,有,有
736,2024,821.0,66.6,0.4,0.1,5.7,0.8,0.3,34.1,69.3,0.0,10.0,3.6,0.0,6.6,55.6,516.0,4.0,94.0,43.0,0.0,46.0,296.0,51.7,41.8,0.2,0.0,0.2,3.2,76.6,43.2,0.0,0.0,0.3,0.0,295.0,89.0,0.0,0.0,2.0,29.0,53.9,3.8,6.0,6.9,4.1,27.5,1.3,0.1,0.2,0.8,0,0.2,1.8,68.4,0.0,5.9,2.6,0.8,21.9,3.0,0.2,0.0,20.1,0,0.3,4.4,511.0,102.0,74.0,21.0,1.0,76.0,24.0,0.0,1.0,48.0,0,5.0,92.0,5.28,2.76,2.06,24.1,0.33,0.09,0.09,2.5,5.79,1.89,2.2,16.2,0.2,0.07,0.05,1.66,1009.0,有,有
737,2024,508.0,40.2,0.0,0.0,4.0,0.7,3.2,50.2,35.7,0.2,0.0,17.5,0.4,0.0,48.4,426.0,6.0,61.0,4.0,11.0,28.0,242.0,81.2,32.5,0.4,3.9,0.0,5.1,69.2,17.8,1.2,0.0,0.6,0.0,455.0,486.0,45.0,177.0,0.0,31.0,56.6,2.7,1.9,0.6,0.0,33.0,0.0,0.0,0.2,0.0,0,0.2,4.4,76.8,2.6,0.0,8.5,0.0,21.1,0.0,0.4,0.0,0.0,0,0.4,6.8,477.0,50.0,9.0,56.0,25.0,330.0,2.0,1.0,0.0,60.0,0,3.0,0.0,5.22,2.75,1.97,23.3,0.3,0.09,0.1,2.2,3.6,2.54,1.93,24.9,0.15,0.05,0.05,1.75,1064.0,有,有
738,2024,933.0,76.6,0.0,0.0,0.0,0.7,5.3,32.6,53.1,0.0,0.0,0.8,0.7,6.7,29.7,610.0,0.0,102.0,61.0,10.0,51.0,485.0,54.8,47.6,1.0,3.8,0.4,4.5,58.5,50.0,0.0,2.1,0.0,3.9,720.0,380.0,10.0,13.0,7.0,106.0,50.6,2.4,5.4,0.7,0.7,17.2,0.0,0.2,0.0,0.0,0,0.0,11.2,49.1,4.2,3.6,6.7,0.2,35.3,0.5,0.3,0.0,2.4,0,0.4,1.6,602.0,39.0,38.0,69.0,0.0,488.0,33.0,5.0,1.0,0.0,0,4.0,24.0,5.24,2.68,2.04,24.4,0.25,0.08,0.1,1.9,5.5,2.75,2.2,22.4,0.22,0.07,0.09,0.46,1063.0,有,有
739,2024,559.0,41.5,0.1,5.4,5.1,0.0,3.6,43.9,30.1,0.1,12.1,9.4,4.4,4.8,19.7,511.0,0.0,56.0,0.0,12.0,77.0,177.0,50.0,42.9,0.0,0.0,0.3,4.1,54.7,54.0,5.0,5.9,0.0,5.2,704.0,410.0,0.0,0.0,4.0,22.0,45.3,0.0,1.3,0.7,0.0,10.1,0.0,0.2,0.0,1.9,0,0.5,4.2,31.9,7.1,5.2,0.0,1.1,40.6,0.0,0.4,0.0,8.1,0,0.7,5.0,561.0,53.0,25.0,39.0,30.0,271.0,2.0,0.0,1.0,52.0,0,5.0,91.0,5.01,2.78,2.08,21.7,0.24,0.08,0.09,2.4,1.66,1.74,2.2,17.2,0.27,0.07,0.05,1.83,1121.0,有,有
740,2024,237.0,74.4,0.1,3.3,0.0,1.0,3.4,21.1,76.1,0.2,20.9,0.0,1.1,6.5,13.2,481.0,0.0,0.0,50.0,20.0,42.0,408.0,69.1,42.6,2.1,1.8,0.0,13.4,61.0,32.6,3.6,4.8,0.8,8.2,269.0,475.0,25.0,126.0,0.0,87.0,49.5,0.0,6.5,3.7,0.0,26.4,0.0,0.2,0.1,5.9,0,0.0,0.2,60.0,6.7,1.8,0.0,1.6,42.9,2.8,0.2,0.1,3.0,0,0.0,5.9,601.0,8.0,6.0,35.0,71.0,353.0,23.0,0.0,0.0,30.0,0,2.0,79.0,5.15,2.72,2.01,23.6,0.25,0.07,0.08,2.0,4.02,2.38,1.57,12.7,0.17,0.09,0.06,1.83,1083.0,有,有
741,2024,83.0,62.7,0.0,0.0,0.0,0.0,7.0,21.8,76.2,0.2,7.0,1.5,1.3,1.2,24.9,422.0,3.0,33.0,57.0,0.0,65.0,245.0,57.7,45.8,0.7,0.0,0.5,0.0,64.5,37.1,1.1,0.0,0.4,1.0,808.0,636.0,16.0,0.0,0.0,146.0,63.4,3.1,1.8,2.7,0.0,30.4,0.0,0.1,0.3,0.0,0,0.4,2.8,56.7,5.6,4.1,0.0,1.2,30.8,3.5,0.2,0.0,5.4,0,0.0,3.7,497.0,10.0,84.0,24.0,0.0,373.0,6.0,0.0,0.0,27.0,0,0.0,71.0,5.12,2.73,2.01,23.3,0.27,0.08,0.09,2.2,5.23,2.03,2.2,15.4,0.13,0.07,0.07,2.0,1062.0,有,有
742,2024,201.0,77.8,0.0,11.1,3.2,0.2,8.0,28.0,46.3,0.6,5.8,0.0,0.0,5.2,47.6,683.0,2.0,24.0,84.0,19.0,72.0,518.0,76.9,34.0,0.3,10.3,0.0,9.3,31.8,50.0,0.0,6.3,0.8,0.0,560.0,274.0,23.0,172.0,3.0,12.0,76.9,0.0,3.4,0.8,2.0,24.3,0.5,0.3,0.2,2.8,0,0.3,10.9,48.7,6.9,7.0,1.7,1.6,21.3,2.6,0.0,0.3,4.5,0,0.2,3.6,866.0,22.0,0.0,46.0,3.0,64.0,18.0,7.0,0.0,133.0,0,3.0,21.0,5.43,2.7,2.06,21.7,0.19,0.08,0.1,2.1,4.25,2.14,1.85,24.3,0.27,0.07,0.1,1.1,1143.0,有,有
743,2024,441.0,75.5,0.0,4.0,7.9,2.9,3.9,35.5,71.4,0.3,8.7,2.0,0.4,4.5,29.1,691.0,6.0,6.0,38.0,0.0,59.0,488.0,45.4,37.5,1.6,3.7,0.0,12.4,81.9,57.0,1.4,6.6,0.1,14.1,833.0,111.0,14.0,0.0,0.0,70.0,57.9,2.4,1.9,0.5,0.0,13.3,3.0,0.2,0.2,8.9,0,0.0,0.6,34.4,6.4,7.1,1.5,1.2,25.5,2.1,0.4,0.0,12.3,0,0.5,1.3,598.0,1.0,34.0,0.0,10.0,411.0,6.0,0.0,2.0,33.0,0,1.0,29.0,5.37,2.8,2.08,21.7,0.25,0.1,0.1,2.4,5.01,2.89,1.45,15.2,0.16,0.06,0.09,1.95,1050.0,有,有
744,2024,847.0,65.0,0.0,2.5,9.4,1.2,0.8,13.7,66.6,0.0,0.6,0.0,0.0,3.8,40.3,517.0,2.0,15.0,117.0,14.0,46.0,385.0,83.0,48.8,0.0,1.6,0.7,20.9,47.5,49.4,1.0,0.0,0.8,0.0,339.0,361.0,0.0,101.0,0.0,0.0,30.8,7.9,2.1,6.3,1.9,26.0,0.0,0.0,0.0,5.0,0,0.0,2.6,55.6,6.6,4.5,6.1,0.0,35.3,1.9,0.0,0.1,11.9,0,0.3,3.4,450.0,0.0,10.0,114.0,16.0,277.0,12.0,1.0,2.0,34.0,0,1.0,14.0,5.19,2.75,2.01,22.8,0.21,0.09,0.06,2.7,5.2,2.27,1.63,24.9,0.13,0.06,0.08,1.62,1010.0,有,有
745,2024,637.0,59.0,0.1,3.7,11.5,0.0,5.2,40.1,43.0,0.0,0.0,0.0,0.5,2.1,35.1,606.0,2.0,0.0,34.0,6.0,0.0,302.0,88.7,33.8,0.9,6.8,0.0,0.0,58.4,41.2,1.5,1.4,0.0,5.7,372.0,465.0,29.0,75.0,0.0,90.0,65.1,4.4,0.0,5.3,1.7,32.6,4.9,0.3,0.1,0.0,0,0.0,5.0,50.4,5.3,0.5,1.0,0.0,34.6,3.0,0.0,0.1,14.1,0,0.2,4.2,549.0,0.0,13.0,47.0,20.0,188.0,8.0,0.0,2.0,73.0,0,1.0,93.0,5.15,2.69,2.0,21.8,0.46,0.08,0.11,2.5,5.79,2.49,1.34,21.9,0.1,0.08,0.09,1.99,1059.0,有,有
746,2024,404.0,64.2,0.2,11.0,0.0,0.0,0.0,36.2,64.1,0.2,0.0,0.0,0.0,0.3,41.3,668.0,4.0,32.0,34.0,13.0,60.0,439.0,88.7,40.4,0.4,0.0,0.1,0.0,59.8,61.7,0.8,0.0,0.2,0.0,793.0,537.0,1.0,31.0,6.0,113.0,75.8,1.1,7.0,4.7,1.7,11.9,1.1,0.3,0.3,0.0,0,0.6,7.8,50.2,1.1,0.3,0.0,0.8,29.5,2.5,0.3,0.1,0.0,0,0.4,1.2,350.0,6.0,58.0,18.0,20.0,426.0,0.0,2.0,3.0,60.0,0,5.0,75.0,5.36,2.68,2.06,23.7,0.28,0.08,0.08,2.0,3.14,2.47,1.61,24.9,0.18,0.07,0.07,2.18,1033.0,有,有
747,2024,1085.0,58.5,0.4,0.8,0.3,0.8,3.3,27.9,36.2,0.1,0.0,1.9,0.3,6.7,31.9,725.0,0.0,90.0,43.0,5.0,58.0,317.0,26.9,54.9,0.0,1.4,0.2,1.7,50.8,37.5,0.8,8.1,0.2,2.4,648.0,289.0,0.0,41.0,1.0,101.0,65.9,3.4,3.1,2.8,3.3,17.9,0.3,0.6,0.1,8.1,0,0.1,10.1,53.6,3.0,1.4,0.0,0.9,35.8,3.0,0.1,0.0,12.9,0,0.0,0.0,439.0,33.0,62.0,0.0,19.0,335.0,34.0,0.0,3.0,0.0,0,2.0,53.0,5.27,2.76,2.04,23.1,0.25,0.07,0.1,1.6,4.67,2.84,2.2,14.2,0.24,0.05,0.08,1.25,1068.0,有,有
748,2024,702.0,45.6,0.1,4.8,3.5,0.0,0.7,36.2,37.7,0.0,4.1,0.0,2.8,2.7,34.0,553.0,1.0,0.0,67.0,18.0,46.0,239.0,72.7,53.1,0.0,0.0,0.0,5.7,66.5,32.9,0.0,4.1,0.0,0.0,102.0,189.0,6.0,48.0,1.0,0.0,52.9,4.7,5.6,2.6,0.0,16.3,1.6,0.3,0.1,0.0,0,0.4,2.5,37.6,0.0,1.6,2.1,1.4,27.0,1.6,0.1,0.0,0.0,0,0.0,17.2,610.0,53.0,44.0,0.0,0.0,236.0,37.0,4.0,1.0,0.0,0,0.0,72.0,5.19,2.71,2.05,19.4,0.28,0.09,0.07,2.2,3.5,2.78,2.2,22.3,0.18,0.06,0.08,0.92,1081.0,有,有
749,2024,916.0,49.1,0.0,3.8,4.1,0.3,0.0,33.9,68.4,0.0,8.4,2.3,0.0,0.5,42.1,630.0,2.0,191.0,46.0,57.0,33.0,428.0,64.4,32.9,1.8,12.3,0.0,0.0,52.1,51.3,1.8,10.7,0.5,7.0,831.0,294.0,11.0,88.0,1.0,115.0,60.8,5.7,1.5,1.9,0.0,24.1,1.0,0.1,0.1,0.0,0,0.3,5.6,50.1,1.0,1.3,2.3,3.4,32.4,2.2,0.1,0.0,6.4,0,0.0,11.8,410.0,5.0,36.0,32.0,42.0,477.0,23.0,4.0,2.0,0.0,0,3.0,25.0,5.12,2.79,2.08,21.6,0.33,0.09,0.08,2.2,4.75,2.83,1.94,24.6,0.16,0.08,0.07,1.61,1020.0,有,有
750,2024,709.0,63.6,0.1,1.6,0.0,0.0,2.6,34.1,84.5,0.0,0.0,0.5,3.2,0.0,32.2,558.0,0.0,21.0,21.0,0.0,62.0,328.0,61.4,12.3,0.6,3.7,0.1,0.0,54.9,37.4,0.4,0.0,0.0,8.9,551.0,553.0,0.0,0.0,0.0,0.0,45.0,5.5,6.9,7.4,0.0,38.4,2.4,0.0,0.3,5.3,0,0.3,6.3,35.2,1.8,6.8,4.2,3.3,29.5,0.0,0.0,0.0,0.0,0,0.1,0.0,602.0,39.0,0.0,29.0,0.0,245.0,0.0,0.0,0.0,0.0,0,0.0,23.0,5.55,2.74,2.03,22.0,0.34,0.08,0.08,2.3,3.99,1.94,2.2,24.9,0.2,0.09,0.06,1.61,1072.0,有,有
751,2024,41.0,50.8,0.4,10.5,10.8,2.6,2.2,40.7,74.5,0.1,5.7,0.0,1.9,9.4,56.2,380.0,0.0,64.0,122.0,44.0,28.0,473.0,54.5,37.7,2.1,2.7,0.4,6.2,52.2,47.8,2.3,0.0,0.0,0.0,728.0,676.0,0.0,106.0,1.0,0.0,77.6,0.0,6.8,6.2,0.7,34.4,1.8,0.2,0.2,0.0,0,0.1,2.4,55.7,1.1,4.8,2.0,2.2,25.6,1.4,0.3,0.0,0.0,0,0.0,9.5,564.0,66.0,17.0,9.0,10.0,402.0,15.0,5.0,0.0,0.0,0,1.0,86.0,5.24,2.76,2.13,19.4,0.43,0.1,0.07,2.2,5.44,2.33,2.2,24.9,0.26,0.05,0.12,1.64,1045.0,有,有
752,2024,370.0,37.2,0.0,0.0,0.0,0.7,0.0,19.5,51.1,0.7,0.0,0.0,2.6,1.4,14.0,779.0,0.0,0.0,0.0,16.0,0.0,503.0,57.3,40.4,1.9,10.4,0.2,9.8,29.1,57.0,1.9,12.2,0.2,0.0,866.0,488.0,34.0,0.0,0.0,2.0,43.4,1.9,6.6,3.3,0.5,15.4,0.0,0.6,0.0,0.0,0,0.3,8.5,41.6,2.6,4.0,7.1,0.0,33.0,2.6,0.2,0.4,6.9,0,0.0,6.9,786.0,17.0,44.0,45.0,20.0,227.0,43.0,3.0,1.0,71.0,0,4.0,0.0,5.15,2.75,2.08,22.7,0.39,0.06,0.09,2.4,5.79,2.7,2.2,18.2,0.23,0.08,0.09,1.3,992.0,有,有
753,2024,531.0,67.5,0.1,4.4,3.9,1.5,6.9,16.9,50.1,0.2,2.0,5.2,0.6,9.3,40.5,527.0,9.0,49.0,0.0,18.0,27.0,365.0,71.3,24.8,0.8,9.1,0.0,5.9,65.1,46.3,1.5,5.9,0.2,0.0,623.0,337.0,0.0,132.0,2.0,85.0,39.4,1.2,8.8,0.1,1.0,33.2,0.0,0.5,0.1,7.0,0,0.0,0.0,43.8,4.8,0.0,5.4,0.0,32.5,1.4,0.1,0.0,23.1,0,0.3,0.0,498.0,95.0,29.0,23.0,13.0,302.0,0.0,2.0,0.0,0.0,0,0.0,21.0,5.3,2.69,2.11,20.0,0.24,0.1,0.08,2.2,4.54,2.71,2.19,18.4,0.2,0.1,0.02,1.39,1088.0,有,有
754,2024,1023.0,72.2,0.1,0.0,0.0,0.0,0.0,33.1,42.9,0.0,2.7,0.0,1.6,0.0,24.5,635.0,3.0,0.0,74.0,9.0,66.0,320.0,78.2,56.8,2.7,7.1,0.0,0.0,36.5,24.9,0.2,6.6,1.0,4.1,478.0,257.0,28.0,75.0,6.0,59.0,70.6,0.0,4.1,5.6,3.0,15.7,0.5,0.0,0.0,6.2,0,0.4,2.8,35.2,8.0,4.6,2.6,1.2,46.6,0.1,0.6,0.0,0.0,0,0.0,3.9,773.0,95.0,62.0,24.0,0.0,126.0,29.0,1.0,1.0,39.0,0,5.0,23.0,5.25,2.77,2.06,20.5,0.19,0.09,0.07,2.0,3.76,2.7,2.2,23.7,0.11,0.05,0.07,1.46,1083.0,有,有
755,2024,420.0,28.2,0.1,2.9,3.1,0.2,1.1,16.4,68.6,0.0,0.0,2.2,0.3,4.4,38.1,686.0,1.0,0.0,35.0,13.0,104.0,287.0,59.5,41.0,1.6,7.5,0.4,2.4,58.5,58.0,0.0,4.9,0.0,1.5,481.0,330.0,35.0,0.0,0.0,64.0,53.4,6.3,0.0,0.6,0.3,29.9,2.5,0.0,0.1,7.2,0,0.0,0.1,46.0,0.0,4.1,5.4,0.8,36.0,1.6,0.2,0.0,2.7,0,0.0,3.5,548.0,73.0,33.0,81.0,23.0,381.0,7.0,3.0,1.0,144.0,0,1.0,130.0,5.45,2.76,2.05,21.6,0.19,0.09,0.08,2.4,2.24,2.62,1.82,23.4,0.15,0.08,0.08,1.65,1013.0,有,有
756,2024,934.0,88.7,0.0,3.6,12.4,0.5,0.0,45.5,52.3,0.0,2.3,9.5,0.9,1.8,42.1,485.0,3.0,0.0,93.0,0.0,22.0,380.0,40.5,22.7,0.0,7.0,0.4,7.3,78.0,56.4,1.3,6.3,0.3,0.0,561.0,537.0,0.0,0.0,0.0,35.0,75.6,1.4,0.0,5.0,0.4,27.4,0.0,0.1,0.2,0.0,0,0.2,3.3,49.5,0.0,10.0,8.7,0.0,26.3,0.7,0.3,0.1,0.0,0,0.0,5.2,635.0,75.0,27.0,77.0,13.0,280.0,5.0,2.0,2.0,0.0,0,3.0,0.0,5.4,2.71,2.0,24.1,0.37,0.07,0.08,1.8,4.46,1.78,2.05,24.9,0.11,0.07,0.06,1.84,1074.0,有,有
757,2024,1037.0,65.0,0.3,1.4,0.0,0.0,3.5,25.5,38.2,0.7,7.9,0.0,1.3,5.3,38.2,617.0,2.0,0.0,0.0,0.0,31.0,468.0,55.4,33.0,0.0,10.1,0.2,4.7,58.7,16.7,1.8,0.9,0.0,7.1,330.0,578.0,34.0,0.0,5.0,116.0,64.9,5.6,5.8,6.2,0.5,20.2,0.8,0.1,0.1,0.0,0,0.1,0.0,40.1,0.9,2.6,0.0,0.0,35.0,1.6,0.4,0.0,2.3,0,0.0,2.6,424.0,29.0,30.0,43.0,9.0,444.0,12.0,6.0,1.0,0.0,0,2.0,18.0,5.07,2.72,2.11,23.4,0.3,0.1,0.07,2.2,4.03,2.61,1.89,14.6,0.19,0.07,0.06,1.44,1107.0,有,有
758,2024,1075.0,41.4,0.3,2.4,3.0,0.2,6.5,46.6,26.8,0.0,0.0,0.1,0.4,4.8,42.4,668.0,7.0,0.0,59.0,18.0,15.0,386.0,51.8,36.3,1.5,14.4,0.0,4.2,58.7,22.0,2.6,1.2,0.0,11.2,287.0,231.0,0.0,7.0,0.0,97.0,65.0,8.0,10.4,3.8,2.3,24.1,1.8,0.3,0.1,0.7,0,0.0,14.2,73.9,4.6,4.7,2.8,1.6,11.1,0.7,0.4,0.0,7.8,0,0.3,0.0,572.0,2.0,3.0,21.0,26.0,380.0,8.0,6.0,0.0,48.0,0,3.0,102.0,5.28,2.71,1.98,20.3,0.19,0.08,0.09,2.3,4.6,2.69,2.2,24.9,0.17,0.05,0.08,1.81,1022.0,有,有
759,2024,535.0,80.4,0.2,0.0,3.1,0.0,3.0,47.8,35.3,0.3,0.0,0.0,3.1,0.0,42.8,344.0,1.0,0.0,0.0,0.0,42.0,401.0,67.7,36.8,2.6,0.0,0.0,9.2,54.9,35.9,1.9,6.4,0.7,8.5,623.0,293.0,0.0,49.0,4.0,112.0,36.5,3.5,5.3,5.0,3.0,39.5,0.5,0.1,0.2,7.5,0,0.3,1.3,77.5,9.2,0.8,3.7,1.3,23.6,3.6,0.1,0.0,5.5,0,0.2,9.9,823.0,59.0,104.0,0.0,6.0,374.0,11.0,2.0,0.0,0.0,0,3.0,33.0,5.39,2.69,2.04,24.0,0.37,0.08,0.08,2.5,5.1,2.77,1.66,20.5,0.13,0.04,0.06,1.13,957.0,有,有
760,2024,144.0,41.9,0.1,0.0,4.6,1.0,5.2,46.5,57.6,0.2,2.5,2.3,0.3,4.1,36.8,684.0,5.0,0.0,0.0,23.0,18.0,359.0,51.0,44.5,4.2,0.0,0.0,2.8,55.8,38.3,2.1,1.4,0.8,1.1,709.0,530.0,7.0,56.0,4.0,56.0,73.9,3.0,4.1,3.5,0.0,32.5,0.0,0.0,0.2,0.0,0,0.4,7.7,67.9,1.5,1.1,4.1,1.2,45.8,2.0,0.5,0.1,19.1,0,0.6,7.6,392.0,40.0,89.0,16.0,15.0,443.0,10.0,2.0,1.0,0.0,0,2.0,94.0,5.04,2.7,2.09,22.8,0.3,0.08,0.1,1.8,2.99,2.68,2.03,24.1,0.27,0.05,0.09,1.35,1016.0,有,有
761,2024,1097.0,36.5,0.3,5.8,1.9,0.0,4.6,35.4,43.7,0.5,6.7,10.8,1.1,6.2,43.7,613.0,0.0,0.0,73.0,0.0,81.0,194.0,79.0,54.5,0.5,0.0,0.0,8.7,76.8,49.3,0.3,0.0,0.0,3.2,473.0,342.0,0.0,97.0,0.0,0.0,88.7,2.3,0.0,2.8,1.8,37.9,0.2,0.2,0.0,0.0,0,0.6,0.0,48.7,5.2,0.0,1.4,0.1,29.0,1.2,0.1,0.0,0.0,0,0.3,1.6,717.0,83.0,128.0,70.0,18.0,100.0,0.0,5.0,2.0,0.0,0,0.0,0.0,5.4,2.75,2.05,21.2,0.19,0.1,0.08,2.3,5.79,2.89,1.38,23.5,0.2,0.05,0.03,1.38,1046.0,有,有
762,2024,586.0,39.4,0.4,3.1,0.0,0.9,3.4,44.3,81.2,0.3,5.9,2.2,2.3,2.2,19.0,309.0,0.0,0.0,102.0,35.0,7.0,273.0,57.6,58.9,2.1,3.0,0.1,1.8,69.5,45.9,1.9,0.0,0.0,6.8,667.0,214.0,0.0,4.0,4.0,37.0,53.8,0.0,6.9,4.1,1.2,35.1,1.9,0.3,0.0,11.7,0,0.3,0.0,32.6,3.4,3.0,4.5,2.0,32.5,2.2,0.3,0.1,2.4,0,0.1,2.8,497.0,9.0,65.0,67.0,28.0,322.0,2.0,4.0,2.0,0.0,0,0.0,47.0,5.37,2.7,1.97,22.3,0.41,0.08,0.11,2.2,5.79,2.89,1.81,21.3,0.25,0.09,0.06,2.02,1003.0,有,有
763,2024,733.0,44.3,0.0,11.6,0.0,0.7,3.1,33.4,55.8,0.2,4.3,11.3,3.1,7.9,45.0,346.0,4.0,19.0,59.0,0.0,64.0,691.0,77.6,51.0,0.0,0.0,0.0,0.0,25.4,40.9,0.0,7.7,0.1,15.6,585.0,598.0,0.0,0.0,0.0,144.0,64.1,2.7,3.1,0.0,1.4,18.0,0.0,0.1,0.1,0.0,0,0.1,0.0,60.9,2.5,11.6,4.7,2.4,22.3,1.5,0.3,0.0,0.0,0,0.1,10.9,710.0,43.0,0.0,46.0,14.0,104.0,3.0,2.0,5.0,47.0,0,2.0,0.0,5.4,2.65,2.07,21.1,0.21,0.11,0.07,2.0,5.46,2.51,1.88,16.9,0.2,0.05,0.06,0.79,1048.0,有,有
764,2024,27.0,73.3,0.3,9.9,0.0,0.8,3.7,28.7,57.9,0.6,6.9,0.1,2.7,0.0,31.9,547.0,2.0,0.0,139.0,12.0,79.0,292.0,56.9,31.3,0.2,0.4,0.1,5.1,47.9,41.0,2.3,0.0,0.2,7.3,692.0,392.0,0.0,14.0,0.0,16.0,56.4,3.3,3.7,2.3,0.0,28.3,3.6,0.4,0.1,0.0,0,0.0,2.8,65.2,5.5,8.4,0.4,0.0,28.3,0.0,0.3,0.0,0.0,0,0.2,8.6,802.0,28.0,30.0,66.0,12.0,228.0,0.0,0.0,2.0,0.0,0,2.0,42.0,5.2,2.72,2.03,22.6,0.42,0.06,0.1,2.0,5.79,2.6,1.44,21.8,0.06,0.06,0.06,1.11,1078.0,有,有
765,2024,1070.0,62.4,0.2,10.5,18.3,0.8,5.7,19.4,37.4,0.0,0.0,8.5,0.1,4.6,43.4,866.0,1.0,34.0,10.0,15.0,12.0,251.0,63.2,24.2,0.0,6.1,0.0,10.9,47.4,53.2,0.0,5.0,0.5,0.0,426.0,689.0,35.0,68.0,0.0,49.0,16.2,3.6,0.0,2.4,0.0,17.0,0.0,0.1,0.0,0.0,0,0.3,3.9,56.5,2.6,8.2,6.8,2.5,15.7,0.1,0.2,0.0,7.1,0,0.3,6.5,746.0,18.0,64.0,14.0,6.0,335.0,57.0,0.0,0.0,97.0,0,0.0,0.0,5.21,2.76,2.14,21.8,0.19,0.1,0.08,1.6,5.06,2.89,2.2,21.1,0.21,0.05,0.06,1.97,1130.0,有,有
766,2024,580.0,51.7,0.1,3.4,0.0,0.0,6.5,31.1,42.0,0.0,0.0,2.0,0.8,4.8,34.8,276.0,1.0,24.0,40.0,18.0,110.0,539.0,88.7,41.4,0.4,11.0,0.0,4.3,53.1,37.9,1.0,5.0,0.1,6.6,519.0,287.0,10.0,24.0,0.0,0.0,70.2,5.2,0.0,5.9,0.0,27.8,0.0,0.6,0.0,0.9,0,0.2,0.0,71.3,1.7,3.7,6.3,2.2,29.8,1.4,0.1,0.2,8.3,0,0.1,0.0,780.0,0.0,43.0,9.0,2.0,249.0,0.0,0.0,0.0,77.0,0,2.0,138.0,5.31,2.75,2.01,21.5,0.4,0.08,0.1,2.5,2.76,1.86,1.63,24.0,0.15,0.06,0.1,1.47,1122.0,有,有
767,2024,845.0,58.7,0.3,3.2,0.9,0.0,4.1,29.4,45.4,0.3,4.1,7.8,1.3,9.5,40.1,647.0,0.0,0.0,76.0,20.0,28.0,353.0,54.3,35.1,0.0,0.0,0.0,7.1,51.9,40.7,0.0,0.0,0.3,0.0,385.0,302.0,18.0,0.0,3.0,11.0,62.4,2.9,1.8,4.3,0.0,0.0,0.0,0.0,0.0,0.0,0,0.4,0.0,82.6,0.0,7.4,4.7,0.0,28.6,0.0,0.1,0.1,0.4,0,0.8,2.5,640.0,0.0,29.0,60.0,12.0,427.0,0.0,3.0,3.0,111.0,0,0.0,46.0,5.27,2.68,2.0,18.8,0.46,0.09,0.12,1.8,5.22,2.89,1.92,13.5,0.19,0.06,0.07,1.51,1038.0,有,有
768,2024,844.0,45.1,0.0,0.9,9.7,0.0,8.7,32.6,55.7,0.0,1.2,10.0,0.0,3.5,38.2,667.0,0.0,0.0,88.0,10.0,57.0,334.0,50.6,56.0,0.0,7.6,0.2,0.0,42.7,34.1,2.7,0.0,0.1,3.9,572.0,552.0,26.0,14.0,0.0,7.0,30.9,1.8,7.3,1.4,0.5,11.7,1.2,0.6,0.3,0.0,0,0.0,5.2,56.7,4.0,8.9,2.5,0.2,15.5,0.6,0.0,0.0,0.0,0,0.2,8.7,561.0,1.0,63.0,26.0,13.0,421.0,0.0,4.0,0.0,89.0,0,2.0,0.0,5.45,2.72,2.0,24.1,0.26,0.1,0.1,1.8,5.77,2.24,1.97,21.1,0.18,0.05,0.07,2.01,994.0,有,有
769,2024,982.0,59.6,0.1,0.0,0.0,1.9,8.1,28.3,60.2,0.0,10.0,0.0,0.0,0.3,32.2,673.0,6.0,13.0,70.0,20.0,38.0,337.0,49.3,49.7,1.5,0.0,0.0,8.9,43.1,22.2,0.9,0.0,0.3,0.8,446.0,298.0,27.0,0.0,0.0,117.0,32.1,0.7,6.0,1.2,1.0,41.4,2.2,0.0,0.0,0.0,0,0.2,3.3,61.4,2.7,5.5,1.1,0.7,28.5,0.4,0.0,0.3,12.5,0,0.0,6.6,675.0,27.0,45.0,6.0,45.0,408.0,20.0,1.0,0.0,0.0,0,4.0,17.0,5.13,2.76,2.01,21.5,0.22,0.09,0.08,2.2,5.3,2.89,2.2,24.9,0.22,0.03,0.07,0.76,1024.0,有,無
770,2024,132.0,43.7,0.3,16.2,4.9,2.0,5.1,10.7,63.8,0.0,7.0,13.6,1.7,1.7,45.0,737.0,0.0,173.0,30.0,0.0,20.0,400.0,75.6,60.0,0.0,10.9,0.3,5.1,35.6,57.0,1.6,0.0,0.0,0.0,536.0,486.0,10.0,21.0,0.0,0.0,42.8,4.8,5.8,2.3,0.7,18.1,0.0,0.4,0.2,2.8,0,0.3,0.0,52.6,0.4,0.0,0.2,0.5,18.7,0.5,0.4,0.0,0.0,0,0.9,0.0,315.0,17.0,40.0,47.0,23.0,121.0,0.0,0.0,0.0,0.0,0,0.0,17.0,5.16,2.67,2.13,24.7,0.3,0.08,0.06,2.4,3.42,2.32,1.56,23.4,0.2,0.07,0.09,0.91,1044.0,有,有
771,2024,627.0,4.8,0.0,0.0,12.4,1.6,3.5,52.0,25.6,0.0,0.0,0.0,0.0,5.2,53.3,616.0,5.0,209.0,182.0,16.0,55.0,660.0,41.3,22.5,0.0,7.1,0.0,11.0,39.1,28.2,0.0,7.7,0.7,0.0,472.0,401.0,39.0,0.0,0.0,45.0,82.5,5.1,0.4,7.2,2.3,18.9,1.2,0.5,0.0,0.0,0,0.1,0.0,44.2,1.5,4.9,5.6,1.5,20.8,2.4,0.2,0.0,12.8,0,0.0,1.9,726.0,8.0,32.0,14.0,3.0,281.0,0.0,6.0,3.0,30.0,0,1.0,74.0,5.18,2.77,2.06,23.4,0.47,0.11,0.09,2.3,5.52,2.89,1.89,17.0,0.13,0.1,0.03,1.78,1039.0,有,有
772,2024,771.0,42.2,0.3,11.7,4.4,0.2,8.4,39.3,71.8,0.5,0.0,13.7,0.0,0.8,17.8,589.0,6.0,0.0,31.0,9.0,50.0,266.0,47.1,21.8,0.3,0.0,0.4,4.7,48.9,53.2,2.8,1.6,0.0,2.8,284.0,114.0,26.0,151.0,0.0,71.0,64.7,2.8,7.0,0.0,2.3,24.9,1.2,0.4,0.1,8.9,0,0.4,4.6,52.3,6.4,2.7,4.1,0.7,21.9,2.7,0.1,0.0,0.0,0,0.0,4.7,681.0,31.0,0.0,19.0,25.0,238.0,0.0,2.0,0.0,0.0,0,0.0,104.0,5.22,2.75,2.04,23.3,0.19,0.09,0.09,2.2,5.75,2.53,1.11,18.2,0.16,0.08,0.07,2.31,1073.0,有,有
773,2024,1112.0,61.3,0.4,0.0,3.4,0.3,6.3,43.5,74.0,0.0,2.8,8.4,0.0,9.5,44.4,866.0,0.0,0.0,70.0,7.0,55.0,424.0,47.1,53.2,0.7,1.2,0.7,4.3,77.6,61.6,1.5,0.0,0.0,3.6,764.0,517.0,3.0,137.0,5.0,34.0,65.2,0.0,6.7,2.3,0.2,27.3,0.0,0.2,0.3,0.0,0,0.9,1.3,57.5,1.5,7.4,7.8,0.2,22.0,4.4,0.4,0.0,6.7,0,0.1,12.7,837.0,35.0,39.0,56.0,23.0,233.0,16.0,3.0,0.0,75.0,0,2.0,39.0,5.27,2.75,2.02,23.8,0.29,0.08,0.08,1.4,3.58,2.75,1.12,22.1,0.21,0.07,0.05,1.73,1112.0,有,有
774,2024,1012.0,42.8,0.7,3.5,3.7,0.5,3.8,38.4,60.3,0.1,0.0,2.1,2.4,2.8,26.9,588.0,0.0,0.0,36.0,37.0,100.0,231.0,76.7,28.4,0.0,2.3,0.0,2.4,48.6,54.2,3.6,0.0,0.4,1.4,605.0,399.0,5.0,8.0,0.0,0.0,70.3,2.3,1.8,0.0,0.0,14.2,1.7,0.2,0.1,0.0,0,0.0,1.9,52.1,2.6,3.0,2.0,0.2,36.1,0.7,0.3,0.1,1.6,0,0.1,7.6,438.0,65.0,33.0,0.0,7.0,357.0,24.0,0.0,0.0,0.0,0,2.0,26.0,5.37,2.77,2.07,21.2,0.39,0.07,0.08,1.6,5.1,2.89,1.73,18.4,0.18,0.09,0.07,1.71,1005.0,有,有
775,2024,99.0,65.3,0.8,8.5,5.4,1.0,6.0,31.3,39.5,0.0,0.0,3.0,3.3,2.2,56.4,619.0,3.0,0.0,48.0,21.0,16.0,294.0,70.7,43.9,2.5,0.0,0.0,5.4,65.1,25.7,3.8,0.0,0.0,14.6,866.0,298.0,36.0,47.0,0.0,57.0,39.0,5.6,3.6,3.7,2.0,39.7,0.0,0.0,0.0,7.2,0,0.0,2.3,59.0,8.8,6.6,6.2,0.9,28.6,0.3,0.4,0.3,0.0,0,0.0,5.6,419.0,0.0,55.0,34.0,32.0,158.0,5.0,0.0,1.0,0.0,0,4.0,78.0,5.25,2.76,2.1,21.6,0.29,0.09,0.12,2.4,5.57,2.89,1.38,24.9,0.15,0.09,0.05,1.21,1051.0,有,有
776,2024,850.0,60.8,0.1,3.1,4.8,0.0,4.0,25.5,60.9,0.3,11.0,4.5,1.4,3.5,12.4,377.0,0.0,0.0,0.0,19.0,79.0,423.0,28.7,41.1,1.2,3.7,0.3,0.0,48.0,53.6,1.4,0.0,0.4,4.7,866.0,502.0,21.0,71.0,1.0,113.0,41.1,5.1,4.8,5.8,0.0,23.8,1.2,0.2,0.2,3.2,0,0.1,3.4,76.6,2.6,9.2,1.7,2.2,29.6,1.3,0.4,0.0,0.0,0,0.0,0.0,782.0,0.0,57.0,29.0,1.0,464.0,11.0,2.0,2.0,0.0,0,0.0,17.0,5.35,2.71,1.94,23.6,0.36,0.09,0.08,2.0,5.79,2.16,1.79,17.9,0.15,0.08,0.07,0.97,1076.0,有,有
777,2024,600.0,49.8,0.0,0.0,3.9,0.0,6.1,63.6,43.5,0.2,2.2,2.5,0.6,5.5,24.6,627.0,3.0,0.0,0.0,0.0,33.0,469.0,36.5,44.5,0.0,0.0,0.2,7.5,49.9,29.2,1.3,1.3,0.0,0.0,735.0,355.0,0.0,0.0,4.0,7.0,60.6,2.9,0.0,4.8,0.3,42.1,2.7,0.2,0.1,2.5,0,0.0,7.0,54.2,6.4,2.2,0.5,0.0,21.9,1.0,0.1,0.0,13.1,0,0.0,0.0,424.0,7.0,34.0,17.0,12.0,498.0,21.0,3.0,2.0,35.0,0,0.0,71.0,5.25,2.77,2.05,21.9,0.28,0.08,0.09,2.6,2.75,2.89,2.19,21.8,0.2,0.08,0.07,1.12,1084.0,有,無
778,2024,1067.0,20.8,0.6,13.0,0.0,0.1,2.6,41.8,59.4,0.0,14.3,6.1,0.0,0.0,53.4,866.0,1.0,88.0,0.0,14.0,60.0,331.0,41.2,31.8,0.0,0.0,0.0,0.0,32.9,35.3,0.7,5.9,0.6,5.4,468.0,351.0,28.0,16.0,5.0,83.0,45.0,10.8,4.4,0.0,3.0,27.3,2.2,0.3,0.0,0.0,0,0.1,0.0,59.2,2.9,1.9,2.5,0.0,24.0,2.1,0.1,0.0,5.0,0,0.3,1.8,559.0,8.0,24.0,62.0,13.0,415.0,21.0,5.0,0.0,0.0,0,0.0,67.0,5.16,2.73,2.04,23.9,0.24,0.09,0.09,2.6,4.28,2.12,2.1,23.8,0.24,0.11,0.1,1.73,1053.0,有,有
779,2024,681.0,31.6,0.0,1.5,5.5,0.9,4.8,46.5,54.4,0.4,11.9,0.0,3.1,0.8,50.4,371.0,0.0,70.0,0.0,54.0,72.0,157.0,59.7,56.9,1.9,0.0,0.8,8.6,63.3,29.3,3.4,3.7,0.6,9.4,760.0,391.0,18.0,0.0,0.0,28.0,61.7,0.0,2.6,0.0,0.0,38.2,1.4,0.0,0.0,0.0,0,0.2,9.7,19.9,3.2,5.6,2.5,0.0,40.1,0.0,0.1,0.1,4.6,0,0.0,4.7,612.0,18.0,0.0,10.0,33.0,455.0,22.0,3.0,1.0,0.0,0,2.0,126.0,5.28,2.69,2.07,22.6,0.39,0.1,0.08,2.3,3.81,1.96,1.52,20.6,0.2,0.07,0.06,1.57,1036.0,有,有
780,2024,359.0,70.4,0.1,0.1,2.7,1.9,3.4,41.2,86.8,0.7,0.0,11.2,0.7,4.7,25.1,516.0,0.0,10.0,0.0,0.0,11.0,262.0,72.5,16.7,0.2,6.3,0.3,0.0,58.0,61.3,0.0,0.0,0.0,12.4,394.0,423.0,2.0,78.0,0.0,98.0,70.0,3.8,9.9,0.4,0.6,30.9,1.3,0.7,0.0,0.0,0,0.3,0.0,51.2,1.0,0.0,5.4,1.9,39.1,0.0,0.4,0.2,6.1,0,0.4,4.5,282.0,2.0,50.0,55.0,28.0,367.0,0.0,1.0,2.0,0.0,0,1.0,0.0,5.17,2.66,2.04,23.4,0.31,0.08,0.07,2.3,5.28,2.89,2.03,13.2,0.14,0.04,0.08,1.25,1095.0,有,有
781,2024,465.0,47.3,0.2,4.5,4.8,0.0,2.1,13.2,54.7,0.4,6.2,0.0,1.7,5.2,35.4,742.0,0.0,50.0,1.0,7.0,0.0,282.0,56.5,39.8,0.1,3.0,0.0,0.0,55.5,41.9,1.0,14.5,0.4,6.1,375.0,278.0,4.0,40.0,5.0,35.0,64.6,2.8,4.4,2.4,1.3,30.0,1.0,0.1,0.0,0.0,0,0.1,0.0,52.1,7.1,5.2,1.2,2.0,34.9,0.0,0.0,0.0,2.5,0,0.2,1.2,738.0,16.0,59.0,75.0,17.0,238.0,0.0,2.0,1.0,0.0,0,0.0,0.0,5.29,2.77,2.04,21.9,0.36,0.1,0.1,1.9,5.79,2.36,2.2,24.9,0.21,0.04,0.07,1.04,1109.0,有,有
782,2024,496.0,52.3,0.0,0.0,0.0,1.6,1.3,30.6,65.7,0.1,0.0,12.8,1.8,7.1,25.2,537.0,0.0,0.0,57.0,23.0,57.0,429.0,80.1,38.7,3.1,0.7,0.1,0.7,53.9,35.4,3.1,15.6,0.2,4.8,511.0,329.0,0.0,0.0,2.0,43.0,88.0,7.8,2.5,0.0,2.4,46.3,2.3,0.3,0.0,3.3,0,0.0,2.4,58.3,5.6,2.8,0.2,0.9,29.9,0.0,0.3,0.2,3.7,0,0.0,0.0,600.0,0.0,6.0,57.0,13.0,439.0,22.0,0.0,0.0,112.0,0,0.0,0.0,5.15,2.77,2.05,23.0,0.24,0.09,0.07,2.4,4.96,1.93,1.95,23.8,0.23,0.03,0.06,1.11,1033.0,有,有
783,2024,1034.0,64.4,0.1,8.3,0.0,0.1,3.9,24.4,68.1,0.0,0.0,0.7,0.2,4.5,53.9,528.0,5.0,0.0,3.0,1.0,33.0,397.0,53.2,50.8,0.2,17.6,0.2,0.0,64.3,18.1,1.2,6.0,0.3,0.0,644.0,554.0,16.0,52.0,0.0,0.0,58.9,3.1,6.0,4.1,0.0,20.4,0.3,0.1,0.2,0.9,0,0.0,6.8,81.7,4.5,2.5,1.2,1.2,43.9,0.0,0.8,0.1,10.6,0,0.0,9.4,866.0,107.0,82.0,7.0,0.0,158.0,27.0,0.0,1.0,0.0,0,7.0,49.0,5.35,2.72,1.99,22.8,0.19,0.1,0.07,2.0,4.0,2.89,2.09,14.4,0.22,0.06,0.09,1.51,1107.0,有,有
784,2024,151.0,88.7,0.0,3.9,0.0,0.0,2.8,21.6,51.7,0.1,13.0,7.3,0.0,1.6,66.0,707.0,5.0,97.0,0.0,0.0,28.0,315.0,74.0,25.6,0.0,0.0,0.4,3.7,68.1,39.3,0.7,0.0,0.1,0.0,530.0,315.0,0.0,8.0,0.0,101.0,52.0,7.2,2.2,4.9,1.0,13.5,2.1,0.4,0.0,6.6,0,0.0,2.5,70.9,3.3,4.3,6.1,0.4,27.9,3.1,0.1,0.0,0.0,0,0.0,6.4,669.0,56.0,27.0,53.0,15.0,293.0,0.0,2.0,2.0,49.0,0,4.0,70.0,5.27,2.75,1.97,21.4,0.28,0.1,0.09,2.0,4.96,2.89,1.01,14.1,0.15,0.09,0.07,2.22,1056.0,有,有
785,2024,362.0,35.0,0.0,0.0,2.8,0.0,0.0,38.4,48.6,0.2,0.0,6.2,0.6,5.0,20.9,498.0,2.0,0.0,68.0,0.0,22.0,431.0,66.6,53.4,0.4,15.4,0.0,3.1,35.7,46.4,4.0,0.0,0.6,11.3,650.0,411.0,16.0,0.0,0.0,38.0,46.1,4.3,10.0,2.3,1.3,34.6,0.0,0.1,0.1,0.0,0,0.0,4.8,30.6,3.0,6.4,0.0,1.9,37.6,0.0,0.3,0.0,8.5,0,0.0,13.9,593.0,0.0,50.0,50.0,54.0,369.0,3.0,0.0,0.0,0.0,0,0.0,51.0,5.1,2.73,2.03,23.0,0.49,0.1,0.11,2.0,5.79,1.89,2.02,24.8,0.18,0.07,0.09,1.62,1075.0,有,有
786,2024,633.0,56.4,0.0,0.0,0.0,0.0,7.7,33.5,52.6,0.1,5.6,8.2,0.4,6.0,38.6,779.0,3.0,82.0,25.0,0.0,22.0,363.0,88.7,44.9,0.6,1.7,0.3,0.0,59.7,53.8,4.0,3.0,0.5,5.9,541.0,532.0,22.0,0.0,4.0,42.0,29.7,4.1,1.5,4.9,0.1,32.0,0.2,0.5,0.0,0.0,0,0.0,6.7,42.0,0.1,6.7,0.0,2.2,30.2,3.3,0.2,0.3,0.0,0,0.1,7.0,583.0,23.0,51.0,31.0,0.0,319.0,41.0,5.0,0.0,0.0,0,3.0,39.0,5.12,2.78,2.02,23.8,0.47,0.08,0.08,1.8,4.94,2.89,1.17,22.0,0.15,0.06,0.08,1.17,1105.0,有,有
787,2024,660.0,55.5,0.0,0.0,0.0,0.0,4.2,64.2,39.0,0.5,0.0,5.6,0.4,0.0,7.7,678.0,3.0,24.0,0.0,49.0,25.0,333.0,68.7,34.6,0.2,3.2,0.5,0.0,65.6,41.4,0.0,0.9,0.2,5.5,635.0,489.0,0.0,35.0,3.0,4.0,72.3,5.4,7.7,2.8,0.5,25.6,0.4,0.3,0.0,0.0,0,0.2,2.0,77.0,7.4,0.0,0.0,0.9,14.4,1.2,0.1,0.0,0.0,0,0.2,1.9,545.0,64.0,13.0,22.0,2.0,268.0,3.0,3.0,1.0,29.0,0,1.0,72.0,5.23,2.74,2.01,22.8,0.39,0.09,0.11,1.7,4.13,2.89,2.2,20.1,0.25,0.05,0.07,1.12,1071.0,有,無
788,2024,279.0,64.6,0.2,0.0,0.7,0.0,6.1,26.5,62.0,0.0,0.0,3.6,6.2,8.1,47.2,653.0,0.0,0.0,0.0,24.0,86.0,606.0,75.3,55.2,2.5,0.0,0.5,4.9,17.1,31.3,2.7,0.0,0.0,7.1,768.0,126.0,39.0,179.0,4.0,48.0,63.4,2.9,1.2,3.6,1.4,22.5,0.0,0.0,0.0,4.5,0,0.1,0.0,53.4,9.0,5.2,5.9,1.6,34.6,0.7,0.0,0.0,0.0,0,0.1,2.0,651.0,0.0,32.0,20.0,29.0,191.0,0.0,2.0,0.0,0.0,0,0.0,16.0,5.19,2.77,2.03,24.4,0.25,0.09,0.1,1.5,3.28,2.03,1.58,24.9,0.24,0.08,0.08,1.29,1097.0,有,有
789,2024,478.0,72.2,0.4,0.0,14.8,0.4,2.0,40.1,41.7,0.0,0.0,8.4,4.9,0.0,38.8,648.0,3.0,109.0,0.0,24.0,84.0,470.0,54.7,57.1,0.0,5.0,0.1,10.8,78.7,52.8,0.0,0.0,0.1,0.0,483.0,699.0,2.0,107.0,0.0,2.0,52.5,0.0,2.3,4.8,1.1,36.6,0.0,0.3,0.1,0.0,0,0.0,0.0,67.6,3.7,5.1,2.9,0.0,41.2,0.5,0.1,0.0,6.5,0,0.4,0.0,636.0,58.0,33.0,27.0,24.0,298.0,6.0,0.0,0.0,29.0,0,8.0,0.0,5.07,2.66,2.01,20.8,0.37,0.09,0.07,2.3,3.95,2.32,1.67,20.7,0.23,0.08,0.09,1.45,997.0,有,有
790,2024,568.0,64.3,0.0,1.2,5.5,0.4,4.3,50.2,67.6,0.0,0.0,9.0,0.0,0.9,34.8,387.0,2.0,72.0,63.0,21.0,32.0,461.0,54.4,29.0,0.2,0.0,0.1,0.0,65.8,20.9,1.9,6.8,0.4,1.3,450.0,675.0,0.0,3.0,0.0,53.0,59.9,2.9,4.0,5.1,2.5,32.9,1.7,0.4,0.1,0.0,0,0.3,4.8,53.8,6.1,1.6,6.0,0.0,32.7,0.0,0.5,0.0,1.5,0,0.1,0.0,637.0,0.0,1.0,0.0,12.0,242.0,0.0,1.0,0.0,0.0,0,0.0,0.0,5.38,2.74,2.04,21.5,0.55,0.08,0.06,1.7,4.66,2.67,2.11,24.3,0.24,0.08,0.07,1.26,960.0,有,有
791,2024,32.0,27.4,0.0,0.0,2.9,0.0,6.2,58.6,52.5,0.0,0.0,0.2,0.8,0.1,70.7,677.0,1.0,55.0,0.0,0.0,74.0,432.0,70.7,59.9,0.8,0.0,0.3,1.2,53.1,58.8,1.7,0.1,0.4,1.5,422.0,274.0,22.0,79.0,4.0,46.0,75.2,0.0,4.3,5.0,0.1,45.6,0.9,0.1,0.1,0.0,0,0.2,7.1,73.0,4.8,4.2,0.0,0.0,34.8,6.1,0.0,0.2,0.0,0,0.0,2.4,654.0,46.0,40.0,0.0,18.0,347.0,0.0,3.0,0.0,174.0,0,0.0,0.0,5.5,2.77,2.0,23.5,0.29,0.09,0.1,2.5,3.49,2.89,2.2,22.4,0.22,0.06,0.08,1.6,1076.0,有,有
792,2024,1122.0,46.6,0.6,0.0,0.0,0.5,1.3,39.1,68.2,0.7,3.0,0.0,0.0,1.7,49.7,707.0,8.0,68.0,61.0,19.0,12.0,421.0,52.3,39.2,0.2,12.4,0.0,0.5,62.7,39.5,3.7,0.7,0.0,7.1,625.0,487.0,28.0,0.0,4.0,64.0,54.3,2.9,4.5,3.2,0.0,29.1,0.3,0.1,0.0,4.4,0,0.3,6.3,72.3,5.4,3.3,6.0,2.8,23.6,1.6,0.3,0.1,0.7,0,0.1,1.9,640.0,63.0,44.0,23.0,32.0,355.0,9.0,0.0,3.0,22.0,0,7.0,0.0,5.32,2.74,2.05,19.6,0.19,0.09,0.11,2.2,4.94,2.19,1.96,20.3,0.21,0.07,0.06,1.71,1035.0,有,有
793,2024,1005.0,53.6,0.5,0.0,2.3,1.3,8.1,43.1,60.0,0.3,3.0,0.0,3.6,2.0,20.9,689.0,0.0,6.0,0.0,0.0,22.0,452.0,43.5,26.7,3.4,0.0,0.0,3.0,70.7,36.6,2.0,9.3,0.5,12.0,543.0,366.0,8.0,19.0,2.0,0.0,61.4,0.0,3.3,7.0,1.8,30.6,1.1,0.0,0.1,0.0,0,0.2,3.7,43.8,1.5,4.6,0.0,0.3,29.7,0.0,0.7,0.0,0.0,0,0.2,1.8,689.0,24.0,0.0,33.0,17.0,103.0,21.0,2.0,2.0,17.0,0,0.0,0.0,5.19,2.72,2.1,22.8,0.19,0.07,0.09,2.4,4.57,1.68,2.07,21.5,0.26,0.06,0.07,0.51,995.0,有,有
794,2024,527.0,52.9,0.0,0.0,0.7,2.3,10.3,43.0,52.0,0.4,14.2,6.6,1.3,1.4,27.3,604.0,3.0,0.0,56.0,33.0,55.0,323.0,52.7,24.9,1.1,1.2,0.1,2.6,63.1,26.6,1.4,0.0,0.3,0.0,420.0,445.0,5.0,0.0,7.0,134.0,74.9,2.8,4.0,1.2,0.0,16.9,2.9,0.3,0.0,2.6,0,0.0,4.6,52.8,0.0,4.3,1.8,2.2,22.8,1.1,0.5,0.2,4.6,0,0.2,3.4,689.0,0.0,0.0,74.0,2.0,416.0,22.0,1.0,0.0,12.0,0,4.0,0.0,5.12,2.82,2.05,22.1,0.25,0.08,0.1,2.8,3.48,2.59,2.15,21.0,0.18,0.11,0.06,1.03,1047.0,有,有
795,2024,238.0,83.1,0.6,10.8,9.1,0.0,6.1,36.3,52.6,0.2,13.9,0.5,0.0,2.8,31.1,499.0,7.0,109.0,0.0,0.0,44.0,510.0,59.5,30.4,1.6,10.8,0.5,0.6,70.1,42.6,1.7,4.8,0.3,19.1,703.0,502.0,15.0,0.0,0.0,62.0,68.2,0.0,2.8,6.3,1.3,35.1,1.2,0.1,0.0,0.0,0,0.0,3.9,53.2,3.3,0.0,1.6,2.0,12.5,2.0,0.6,0.3,20.9,0,0.6,1.1,619.0,9.0,33.0,7.0,0.0,349.0,0.0,4.0,2.0,58.0,0,0.0,0.0,5.43,2.73,2.05,22.4,0.31,0.1,0.09,2.2,5.79,2.89,1.66,21.2,0.29,0.09,0.08,1.37,1044.0,有,有
796,2024,121.0,59.4,0.0,0.0,7.6,0.1,1.5,41.8,56.3,0.7,0.3,7.6,2.7,2.4,36.4,481.0,0.0,0.0,27.0,11.0,84.0,496.0,75.5,45.9,0.0,2.8,0.0,0.0,45.8,53.5,0.0,0.0,0.0,3.5,671.0,502.0,36.0,4.0,6.0,0.0,66.3,5.1,1.3,0.6,0.1,36.5,0.3,0.0,0.1,4.0,0,0.0,4.1,48.0,4.1,4.3,1.9,1.5,21.4,0.0,0.5,0.0,11.5,0,0.0,2.3,452.0,41.0,41.0,21.0,24.0,294.0,18.0,2.0,2.0,92.0,0,0.0,21.0,5.15,2.75,2.07,22.3,0.25,0.1,0.08,2.0,5.79,2.48,1.65,24.9,0.19,0.08,0.09,1.62,1193.0,有,有
797,2024,473.0,57.7,0.0,0.0,0.0,0.0,4.8,32.0,50.0,0.0,3.3,4.3,1.1,0.3,24.2,472.0,0.0,21.0,66.0,33.0,50.0,309.0,74.7,37.5,0.5,0.0,0.4,0.3,66.9,45.1,0.6,0.0,0.1,0.0,529.0,356.0,24.0,124.0,2.0,0.0,49.2,4.2,1.4,4.0,2.1,21.1,1.9,0.7,0.1,0.0,0,0.0,0.0,50.0,0.2,2.3,0.0,0.0,45.8,1.2,0.6,0.0,10.4,0,0.4,0.0,750.0,51.0,70.0,17.0,3.0,485.0,14.0,3.0,2.0,0.0,0,3.0,0.0,5.27,2.73,2.04,20.9,0.34,0.07,0.1,2.3,5.12,2.0,2.2,23.6,0.22,0.06,0.05,1.68,1044.0,有,有
798,2024,86.0,45.8,0.3,2.3,0.0,0.0,2.1,57.6,56.5,0.1,0.0,3.2,0.6,5.2,37.3,496.0,4.0,72.0,0.0,0.0,0.0,648.0,26.3,25.8,1.2,6.1,0.0,1.0,81.5,27.4,0.7,4.1,0.0,9.6,531.0,386.0,43.0,67.0,0.0,0.0,50.2,0.0,2.0,0.0,0.8,20.4,0.4,0.4,0.1,0.0,0,0.4,9.9,61.7,0.7,5.8,0.0,1.1,47.8,2.8,0.2,0.0,1.5,0,0.2,0.0,547.0,14.0,21.0,1.0,1.0,340.0,37.0,4.0,0.0,0.0,0,0.0,109.0,5.18,2.74,2.01,22.4,0.19,0.09,0.09,2.2,5.79,2.77,1.69,18.1,0.34,0.09,0.09,1.03,1001.0,有,有
799,2024,53.0,74.6,0.4,0.0,7.3,0.5,0.4,45.7,40.7,0.0,4.7,0.0,0.0,2.3,31.5,348.0,2.0,34.0,191.0,13.0,15.0,256.0,37.6,32.8,0.0,2.0,0.0,0.0,74.2,21.8,1.3,6.2,0.0,1.6,326.0,565.0,28.0,0.0,0.0,142.0,67.8,2.5,5.6,0.0,0.0,22.6,1.2,0.4,0.1,10.1,0,0.3,0.0,73.2,5.4,8.8,8.3,0.4,30.4,1.1,0.0,0.0,0.0,0,0.2,4.0,644.0,19.0,0.0,36.0,18.0,249.0,12.0,6.0,2.0,22.0,0,0.0,41.0,5.42,2.72,2.0,21.3,0.43,0.11,0.06,2.5,5.09,2.35,2.06,17.3,0.2,0.03,0.06,2.29,1026.0,有,有
800,2024,436.0,19.2,0.2,0.0,3.1,1.0,6.2,28.0,68.3,0.0,2.3,2.2,1.0,6.3,28.9,806.0,0.0,126.0,87.0,0.0,0.0,56.0,64.6,31.6,0.0,0.0,0.0,9.7,55.3,54.7,4.5,0.6,0.1,0.0,630.0,383.0,0.0,64.0,2.0,68.0,77.4,8.3,2.5,0.0,1.4,18.9,0.8,0.0,0.0,3.2,0,0.0,0.0,30.4,8.7,1.1,0.0,0.9,27.4,1.5,0.3,0.2,10.2,0,0.5,14.0,563.0,61.0,112.0,0.0,33.0,27.0,58.0,6.0,2.0,0.0,0,0.0,79.0,5.25,2.75,2.03,22.9,0.51,0.09,0.11,2.2,5.04,2.71,1.53,18.7,0.18,0.07,0.05,1.13,1095.0,有,有
801,2024,515.0,31.6,0.4,0.0,0.0,0.2,4.1,36.0,50.0,0.6,1.8,0.0,0.4,7.6,24.0,476.0,4.0,0.0,101.0,3.0,67.0,463.0,41.5,33.2,1.5,2.2,0.0,0.0,61.8,4.5,1.3,5.8,0.1,0.0,217.0,377.0,48.0,0.0,0.0,0.0,63.0,4.3,0.4,0.0,0.0,24.8,1.4,0.2,0.0,3.2,0,0.0,8.6,65.3,5.5,5.7,6.5,0.0,13.2,0.3,0.0,0.0,0.0,0,0.0,3.1,530.0,82.0,50.0,66.0,8.0,244.0,7.0,3.0,5.0,0.0,0,1.0,0.0,5.2,2.73,2.1,22.0,0.26,0.1,0.12,2.2,4.14,2.89,1.66,22.5,0.25,0.06,0.09,1.26,1032.0,有,有
802,2024,1098.0,26.9,0.4,8.2,2.9,2.3,1.6,23.1,54.1,0.1,0.0,7.4,2.8,2.9,47.4,641.0,4.0,72.0,0.0,14.0,5.0,500.0,64.3,61.4,0.0,2.2,0.4,3.5,50.0,36.9,1.5,0.0,0.1,0.0,851.0,369.0,21.0,0.0,0.0,0.0,50.3,1.9,4.4,5.9,0.0,28.4,0.0,0.2,0.1,13.3,0,0.3,13.3,62.5,4.2,0.8,8.0,0.0,30.7,0.0,0.4,0.0,0.0,0,0.8,1.0,543.0,98.0,81.0,68.0,29.0,349.0,37.0,0.0,2.0,61.0,0,2.0,21.0,5.2,2.78,2.01,22.6,0.34,0.11,0.09,1.9,5.21,1.53,1.84,24.9,0.26,0.06,0.07,1.45,973.0,有,有
803,2024,998.0,48.6,0.0,0.0,0.0,0.1,0.0,29.6,41.6,0.0,3.1,0.0,0.0,2.2,30.9,426.0,0.0,9.0,62.0,0.0,69.0,211.0,33.2,48.4,1.0,12.2,0.3,10.4,64.9,45.1,5.6,0.0,0.0,1.1,635.0,242.0,17.0,55.0,1.0,0.0,54.8,5.2,5.6,0.0,2.2,31.9,0.0,0.2,0.1,0.0,0,0.0,0.0,39.0,3.1,5.1,4.7,0.4,25.7,1.7,0.4,0.0,8.4,0,0.0,0.0,438.0,41.0,56.0,0.0,31.0,379.0,17.0,0.0,0.0,33.0,0,5.0,117.0,5.2,2.78,2.08,23.3,0.32,0.07,0.07,2.5,5.09,2.73,1.77,20.4,0.25,0.06,0.04,1.16,1112.0,有,有
804,2024,84.0,48.3,0.5,0.0,0.2,0.9,5.7,35.0,50.1,0.6,0.0,0.0,0.0,2.4,27.1,670.0,0.0,168.0,0.0,22.0,0.0,242.0,40.7,30.3,0.0,0.0,0.1,8.8,30.5,23.0,0.9,0.0,0.0,0.0,535.0,225.0,0.0,0.0,0.0,59.0,35.4,0.9,3.9,2.2,2.9,28.1,2.0,0.2,0.2,4.1,0,0.0,0.0,50.2,4.0,3.4,4.8,0.0,38.6,1.0,0.2,0.0,11.8,0,0.3,1.8,650.0,56.0,28.0,52.0,20.0,285.0,16.0,4.0,0.0,0.0,0,3.0,0.0,5.22,2.69,2.0,22.0,0.46,0.08,0.07,1.8,4.61,2.71,0.89,20.9,0.22,0.09,0.08,1.02,1046.0,有,有
805,2024,684.0,43.2,0.0,2.1,21.9,0.0,2.4,19.4,54.5,0.2,0.2,3.4,0.0,0.6,31.1,671.0,2.0,41.0,0.0,0.0,0.0,405.0,75.9,44.3,1.6,14.1,0.0,1.2,58.0,15.1,2.5,1.7,0.3,0.0,585.0,253.0,24.0,88.0,0.0,207.0,77.0,3.0,0.0,5.0,0.0,39.0,1.0,0.4,0.0,1.4,0,0.3,3.8,42.8,0.0,0.0,3.5,2.1,45.2,0.4,0.0,0.0,0.0,0,0.1,3.0,627.0,10.0,57.0,56.0,30.0,390.0,9.0,3.0,0.0,28.0,0,0.0,0.0,5.46,2.76,2.0,22.1,0.34,0.08,0.06,1.6,5.79,2.66,2.2,21.2,0.16,0.1,0.08,2.1,1102.0,有,有
806,2024,839.0,48.3,0.0,0.0,0.0,0.3,6.5,25.0,54.1,0.2,0.0,0.0,1.5,3.2,36.9,647.0,3.0,0.0,30.0,5.0,76.0,289.0,88.7,26.9,1.8,0.0,0.5,14.5,55.6,23.5,1.5,13.3,0.4,7.9,428.0,577.0,0.0,44.0,0.0,72.0,60.6,6.5,5.2,4.6,1.5,38.7,1.3,0.1,0.0,0.0,0,0.0,3.7,64.5,1.9,2.1,7.4,1.9,41.3,1.8,0.5,0.3,0.0,0,0.1,5.4,569.0,39.0,51.0,0.0,19.0,373.0,0.0,0.0,0.0,0.0,0,0.0,0.0,5.06,2.76,2.04,20.2,0.45,0.08,0.11,2.2,4.84,2.54,1.76,20.1,0.15,0.09,0.09,1.73,1064.0,有,有
807,2024,302.0,49.3,0.0,7.2,9.5,1.6,0.0,42.0,79.4,0.0,0.0,3.3,0.0,2.0,11.7,449.0,3.0,132.0,52.0,0.0,11.0,723.0,74.8,35.5,1.0,0.3,0.1,2.0,53.6,34.3,0.4,1.2,0.3,2.7,342.0,253.0,10.0,0.0,7.0,46.0,57.3,2.0,4.6,6.8,0.3,36.2,1.5,0.5,0.0,0.0,0,0.1,0.0,46.2,1.1,1.8,4.2,0.4,27.0,1.9,1.0,0.0,0.0,0,0.0,2.9,540.0,11.0,65.0,72.0,9.0,362.0,3.0,4.0,1.0,0.0,0,0.0,0.0,5.21,2.73,2.16,24.8,0.19,0.1,0.07,1.9,2.86,2.21,1.02,16.4,0.3,0.07,0.1,1.56,1160.0,有,有
808,2024,97.0,66.5,0.7,0.0,11.6,0.8,4.9,25.0,66.7,0.3,12.3,2.7,2.2,3.8,43.1,545.0,3.0,0.0,0.0,16.0,0.0,439.0,65.2,29.8,0.5,0.0,0.2,0.0,43.0,39.5,0.0,0.0,0.0,8.5,403.0,367.0,12.0,36.0,0.0,0.0,59.2,8.8,1.9,1.4,1.2,13.1,2.2,0.0,0.0,0.0,0,0.3,0.0,69.7,2.4,9.2,7.7,1.7,33.3,3.1,0.0,0.2,7.6,0,0.4,2.4,519.0,0.0,33.0,21.0,0.0,251.0,0.0,0.0,2.0,0.0,0,0.0,50.0,5.27,2.75,2.03,23.2,0.24,0.08,0.09,2.2,5.49,2.58,2.2,20.8,0.13,0.08,0.08,2.31,1155.0,有,有
809,2024,242.0,31.1,0.0,0.1,10.8,0.4,3.8,55.1,71.7,0.3,6.1,2.9,1.0,6.1,31.2,575.0,2.0,0.0,0.0,66.0,59.0,472.0,68.9,19.3,0.6,5.3,0.0,10.9,61.3,38.7,2.3,6.3,0.0,0.0,674.0,231.0,0.0,32.0,1.0,19.0,46.2,2.8,3.5,5.5,1.8,29.4,0.0,0.3,0.0,8.7,0,0.2,4.7,44.0,6.0,8.1,2.3,1.3,29.6,1.5,0.0,0.0,4.0,0,0.2,16.0,786.0,37.0,19.0,42.0,0.0,553.0,5.0,3.0,1.0,110.0,0,3.0,0.0,5.25,2.75,2.05,22.4,0.35,0.1,0.08,2.3,5.79,2.89,1.77,18.7,0.24,0.08,0.06,1.51,996.0,有,有
810,2024,1051.0,30.7,0.0,4.8,3.2,0.0,1.7,28.2,67.6,0.0,0.0,0.3,0.0,4.4,18.4,529.0,5.0,0.0,130.0,0.0,83.0,575.0,63.8,38.1,1.8,0.0,0.0,0.1,49.5,39.9,0.3,0.8,0.4,0.8,856.0,314.0,13.0,0.0,1.0,0.0,51.3,1.0,1.2,4.2,0.4,28.2,0.0,0.3,0.0,0.0,0,0.6,3.9,44.7,4.4,10.0,7.6,3.2,14.6,1.1,0.3,0.0,5.5,0,0.5,0.0,843.0,37.0,37.0,41.0,40.0,372.0,0.0,1.0,0.0,0.0,0,0.0,47.0,5.33,2.72,2.11,20.5,0.27,0.08,0.07,2.3,5.38,2.89,2.2,21.0,0.18,0.08,0.07,0.88,1114.0,有,有
811,2024,376.0,59.6,0.0,2.4,14.8,0.0,6.8,32.3,31.8,0.0,0.0,1.0,4.0,5.8,38.2,826.0,8.0,50.0,48.0,7.0,58.0,441.0,41.6,34.7,1.0,8.1,0.4,0.0,70.9,64.9,2.0,2.2,0.0,1.7,664.0,642.0,9.0,19.0,0.0,0.0,32.5,0.9,1.1,3.4,0.3,29.9,0.7,0.1,0.1,0.0,0,0.0,3.3,62.6,0.0,4.5,5.0,2.6,46.7,0.8,0.0,0.0,0.0,0,0.0,5.0,509.0,50.0,54.0,41.0,0.0,351.0,38.0,0.0,0.0,8.0,0,5.0,184.0,5.03,2.72,2.1,25.0,0.25,0.09,0.08,2.4,5.79,2.47,2.2,14.3,0.22,0.08,0.1,1.83,993.0,有,有
812,2024,767.0,67.3,0.4,4.4,0.0,0.5,2.8,43.7,60.8,0.0,0.0,1.2,0.2,6.3,31.7,558.0,0.0,87.0,136.0,6.0,26.0,594.0,80.9,45.3,3.2,7.4,0.0,2.8,48.1,51.6,3.4,0.0,0.2,0.0,524.0,449.0,14.0,48.0,0.0,0.0,67.2,7.2,2.4,1.8,0.0,21.0,1.7,0.3,0.0,7.9,0,0.2,0.1,59.9,0.0,5.9,2.6,2.5,26.0,0.3,0.1,0.0,7.0,0,0.0,0.0,473.0,60.0,90.0,50.0,29.0,456.0,15.0,0.0,0.0,95.0,0,0.0,11.0,5.42,2.8,2.04,23.5,0.28,0.09,0.09,2.2,4.11,2.89,1.77,21.4,0.16,0.08,0.07,1.73,1078.0,有,有
813,2024,116.0,77.0,0.0,0.3,3.7,3.6,6.9,29.7,64.3,0.1,0.0,3.4,3.1,8.0,32.8,269.0,3.0,0.0,30.0,30.0,41.0,557.0,49.9,33.3,2.5,7.6,0.3,2.6,60.3,47.5,3.3,1.4,0.0,0.0,332.0,404.0,0.0,0.0,3.0,13.0,44.0,3.1,0.0,8.5,1.9,23.4,0.0,0.6,0.1,11.6,0,0.3,0.0,68.1,0.0,3.7,3.2,1.4,39.6,4.7,0.0,0.1,9.4,0,0.1,1.6,273.0,37.0,7.0,17.0,6.0,247.0,22.0,4.0,4.0,15.0,0,0.0,106.0,5.39,2.73,2.05,23.6,0.29,0.11,0.09,2.1,4.55,2.31,1.65,17.6,0.15,0.09,0.07,1.2,1025.0,有,有
814,2024,464.0,48.9,0.0,13.0,10.9,1.0,6.2,41.4,71.8,0.1,0.0,8.0,0.0,5.1,25.1,243.0,0.0,0.0,35.0,25.0,14.0,259.0,60.8,45.4,0.6,12.4,0.0,7.5,42.1,38.1,0.0,0.0,0.1,0.0,779.0,220.0,0.0,35.0,0.0,10.0,66.5,6.6,0.7,8.2,0.3,18.1,0.1,0.2,0.0,9.5,0,0.3,10.8,45.1,0.0,7.0,4.1,2.0,20.3,2.7,0.5,0.0,0.0,0,0.0,1.6,590.0,0.0,32.0,22.0,0.0,225.0,0.0,7.0,0.0,0.0,0,1.0,0.0,5.36,2.73,2.06,20.7,0.27,0.09,0.08,1.9,4.51,1.87,2.17,24.9,0.22,0.09,0.06,1.05,1035.0,有,有
815,2024,402.0,65.7,0.1,12.3,5.5,0.0,4.0,32.7,59.9,0.0,0.0,0.0,4.0,5.1,34.1,469.0,2.0,0.0,91.0,4.0,0.0,214.0,45.0,34.0,0.0,0.0,0.0,10.2,39.9,41.3,3.3,9.3,0.3,2.3,758.0,341.0,21.0,0.0,5.0,9.0,66.2,1.5,0.0,2.6,1.1,8.3,0.0,0.0,0.0,0.0,0,0.4,0.0,62.1,0.0,0.0,0.1,0.0,33.7,0.6,0.0,0.0,5.8,0,0.0,7.8,444.0,44.0,41.0,30.0,19.0,181.0,0.0,2.0,0.0,94.0,0,1.0,55.0,5.33,2.75,2.12,21.9,0.22,0.09,0.09,2.1,5.51,1.96,2.2,24.9,0.28,0.07,0.03,1.78,1022.0,有,有
816,2024,540.0,56.2,0.0,0.0,0.0,2.2,6.1,22.0,44.4,0.0,0.0,0.0,0.0,3.0,41.5,739.0,3.0,92.0,0.0,10.0,42.0,245.0,52.0,19.8,3.4,5.4,0.1,1.3,28.4,37.6,2.5,0.0,0.1,0.4,294.0,477.0,27.0,0.0,3.0,27.0,58.8,0.0,5.6,0.6,1.7,17.0,0.2,0.4,0.0,0.0,0,0.0,5.2,58.2,2.0,4.6,0.0,3.6,31.0,0.0,0.2,0.0,7.0,0,0.0,5.4,507.0,28.0,32.0,8.0,21.0,332.0,6.0,2.0,1.0,57.0,0,1.0,0.0,5.27,2.69,1.95,22.5,0.27,0.1,0.08,2.2,5.6,2.62,2.09,24.9,0.18,0.07,0.07,2.33,1039.0,有,有
817,2024,905.0,53.8,0.2,0.1,8.6,0.0,4.1,24.0,32.3,0.2,0.0,11.8,0.0,2.5,37.0,462.0,0.0,123.0,0.0,0.0,37.0,455.0,38.3,36.1,0.8,0.0,0.1,0.0,35.4,26.3,2.2,9.8,0.3,0.0,402.0,296.0,25.0,10.0,4.0,84.0,46.8,5.8,0.1,1.0,1.4,32.0,2.3,0.0,0.0,0.0,0,0.2,0.0,48.6,4.3,0.0,0.0,0.3,35.5,0.0,0.3,0.0,0.0,0,0.1,6.4,494.0,45.0,61.0,19.0,21.0,302.0,22.0,7.0,0.0,0.0,0,0.0,0.0,5.29,2.77,2.12,22.4,0.29,0.1,0.06,2.1,3.9,2.39,1.55,18.7,0.24,0.04,0.05,1.43,1112.0,有,有
818,2024,944.0,65.1,0.7,0.0,0.0,1.0,11.8,28.0,53.1,0.1,0.0,0.0,0.0,3.0,37.8,701.0,1.0,0.0,0.0,21.0,0.0,505.0,45.8,35.7,0.0,8.0,0.5,14.1,49.7,50.3,0.1,0.5,0.0,7.8,776.0,277.0,12.0,0.0,1.0,0.0,64.5,2.1,4.0,0.0,3.6,29.8,2.3,0.1,0.0,7.5,0,0.7,16.2,41.8,0.0,6.7,6.6,1.1,27.5,3.7,0.7,0.0,0.0,0,0.2,0.0,569.0,92.0,35.0,36.0,4.0,252.0,33.0,5.0,0.0,3.0,0,0.0,27.0,5.45,2.72,1.99,24.1,0.29,0.08,0.06,1.8,5.79,2.13,1.92,24.9,0.13,0.07,0.04,1.64,995.0,有,有
819,2024,235.0,75.6,0.2,11.3,8.0,0.0,1.6,33.8,37.6,0.4,0.0,1.9,0.0,0.0,45.8,766.0,1.0,22.0,152.0,37.0,108.0,411.0,34.2,38.8,1.8,10.3,0.0,7.5,55.1,47.4,0.0,0.0,0.0,8.8,662.0,360.0,24.0,0.0,1.0,49.0,64.3,4.3,4.4,5.7,1.5,19.6,1.2,0.2,0.2,6.6,0,0.2,0.0,31.5,2.7,6.7,3.8,3.0,32.2,1.2,0.4,0.0,3.6,0,0.0,4.9,725.0,2.0,70.0,39.0,12.0,190.0,0.0,1.0,2.0,0.0,0,1.0,80.0,5.49,2.74,2.01,24.0,0.26,0.08,0.07,1.5,5.02,2.02,2.2,24.9,0.25,0.05,0.05,1.2,1108.0,有,有
820,2024,549.0,74.0,0.0,0.0,0.0,1.2,0.0,28.6,55.6,0.2,3.9,1.9,2.5,5.6,31.6,587.0,0.0,100.0,0.0,0.0,50.0,354.0,37.3,22.5,0.0,3.9,0.0,0.1,82.4,34.9,0.0,10.5,0.3,1.3,324.0,281.0,15.0,109.0,4.0,0.0,55.7,5.5,5.1,0.0,1.8,25.6,0.0,0.1,0.1,0.3,0,0.0,1.1,27.5,1.1,10.0,7.9,1.5,35.9,2.0,0.0,0.0,1.0,0,0.3,0.0,365.0,45.0,57.0,92.0,48.0,237.0,11.0,2.0,3.0,8.0,0,2.0,40.0,5.12,2.78,2.02,21.2,0.31,0.09,0.12,1.9,3.86,2.89,2.12,22.9,0.23,0.1,0.09,1.84,1073.0,有,有
821,2024,1084.0,44.4,0.0,0.0,0.0,0.3,3.1,26.1,66.8,0.0,0.0,2.4,1.8,3.1,41.7,683.0,0.0,0.0,0.0,7.0,22.0,404.0,43.3,26.7,0.0,0.0,0.4,0.0,26.8,45.0,0.0,0.0,0.6,1.3,792.0,352.0,19.0,88.0,8.0,112.0,59.9,3.0,1.8,0.0,4.3,39.0,0.0,0.0,0.1,0.0,0,0.0,7.5,45.8,0.3,6.8,7.4,1.1,12.1,1.5,0.1,0.2,8.2,0,0.5,6.0,303.0,33.0,80.0,0.0,20.0,307.0,0.0,5.0,1.0,132.0,0,0.0,9.0,5.29,2.73,2.11,22.3,0.39,0.1,0.08,2.4,5.5,2.89,2.2,12.5,0.16,0.08,0.06,1.53,1004.0,有,有
822,2024,90.0,67.9,0.1,0.0,10.2,1.9,6.1,33.9,52.7,0.4,0.0,7.2,1.3,3.6,40.1,416.0,0.0,185.0,72.0,18.0,29.0,146.0,41.9,20.8,1.1,4.1,0.3,3.7,75.8,20.0,2.1,5.6,0.1,8.2,356.0,511.0,17.0,55.0,4.0,98.0,53.0,7.2,7.0,0.6,1.1,20.7,0.5,0.1,0.0,0.0,0,0.0,0.0,41.0,1.3,2.5,2.9,0.6,38.0,0.7,0.1,0.0,0.0,0,0.8,10.3,504.0,11.0,2.0,24.0,11.0,276.0,20.0,0.0,2.0,0.0,0,5.0,10.0,5.16,2.72,2.09,21.5,0.23,0.1,0.09,2.0,4.09,2.55,2.2,17.9,0.25,0.08,0.04,2.17,971.0,有,無
823,2024,830.0,24.9,0.0,7.7,0.2,0.0,6.2,22.2,74.8,0.2,0.0,7.2,0.2,6.9,33.9,389.0,5.0,0.0,14.0,10.0,56.0,214.0,56.0,31.9,2.4,0.0,0.2,3.9,60.9,40.9,0.0,8.6,0.0,0.0,683.0,360.0,16.0,83.0,0.0,27.0,45.3,4.9,3.7,3.4,0.0,23.4,0.1,0.0,0.1,4.5,0,0.2,0.0,37.9,1.3,2.5,1.3,0.0,24.7,3.1,0.1,0.2,6.3,0,0.0,0.0,623.0,18.0,30.0,24.0,21.0,352.0,0.0,0.0,2.0,120.0,0,0.0,34.0,5.3,2.75,2.01,21.3,0.27,0.08,0.06,2.4,4.7,2.66,2.2,24.9,0.17,0.1,0.09,1.66,1063.0,有,有
824,2024,427.0,49.6,0.1,2.2,1.2,2.1,2.7,31.2,53.6,0.2,0.0,10.4,2.2,5.2,29.5,464.0,0.0,0.0,0.0,12.0,41.0,572.0,42.1,17.8,1.3,0.0,0.5,5.5,73.5,40.6,0.0,0.0,0.0,3.3,751.0,355.0,13.0,0.0,1.0,144.0,59.1,7.8,3.0,0.0,0.1,9.4,0.5,0.1,0.1,0.0,0,0.0,0.0,49.7,7.7,2.3,4.3,1.0,44.6,1.7,0.0,0.0,0.0,0,0.4,2.7,533.0,37.0,7.0,44.0,31.0,250.0,0.0,2.0,0.0,24.0,0,0.0,0.0,5.25,2.81,2.05,21.3,0.25,0.09,0.07,2.3,5.79,2.51,2.2,16.9,0.3,0.09,0.08,1.66,1046.0,有,有
825,2024,837.0,88.7,0.1,0.0,1.1,0.4,5.4,35.7,54.9,0.4,0.0,4.9,1.5,1.2,21.1,738.0,1.0,2.0,19.0,9.0,8.0,321.0,49.1,55.6,3.7,0.0,0.0,6.3,46.1,33.2,1.0,3.4,0.0,0.8,377.0,313.0,17.0,0.0,0.0,23.0,14.5,2.3,0.1,0.0,3.4,32.5,1.2,0.1,0.1,0.0,0,0.3,3.6,60.9,0.0,4.2,8.1,0.0,34.9,5.7,0.6,0.0,0.0,0,0.0,0.0,719.0,41.0,4.0,25.0,2.0,147.0,7.0,2.0,3.0,28.0,0,0.0,44.0,5.43,2.71,2.09,22.0,0.38,0.08,0.06,2.4,4.9,1.72,2.2,24.4,0.25,0.09,0.08,1.77,1113.0,有,有
826,2024,1060.0,54.5,0.4,3.0,2.5,0.0,3.2,29.8,51.6,0.0,0.0,1.6,4.4,5.4,36.0,593.0,6.0,0.0,0.0,4.0,49.0,556.0,69.0,37.4,4.8,0.0,0.4,0.5,53.5,23.4,0.0,4.4,0.0,12.4,615.0,349.0,7.0,21.0,6.0,0.0,37.3,1.7,0.7,2.1,4.4,28.1,0.0,0.5,0.0,5.4,0,0.0,2.3,31.9,4.9,2.1,9.2,1.1,24.2,3.1,0.0,0.0,3.1,0,0.4,6.2,360.0,79.0,8.0,114.0,20.0,453.0,0.0,1.0,1.0,48.0,0,2.0,104.0,5.1,2.72,2.1,21.3,0.42,0.08,0.08,1.8,5.35,2.66,1.78,21.1,0.24,0.05,0.06,1.88,1058.0,有,有
827,2024,11.0,88.7,0.2,11.6,0.1,1.1,4.3,30.1,65.3,0.0,0.0,2.8,1.6,8.5,24.0,451.0,0.0,94.0,0.0,0.0,35.0,547.0,37.3,16.9,0.0,0.0,0.3,2.9,60.6,25.9,1.5,5.2,0.5,0.1,457.0,444.0,5.0,0.0,0.0,0.0,69.0,0.0,1.4,7.0,0.5,13.9,2.1,0.1,0.2,11.8,0,0.1,7.1,49.1,2.4,13.7,4.9,0.0,21.9,0.2,0.0,0.0,13.0,0,0.7,15.2,424.0,74.0,0.0,26.0,24.0,388.0,29.0,1.0,0.0,90.0,0,0.0,0.0,5.36,2.75,2.01,21.4,0.26,0.07,0.09,2.1,3.88,2.89,1.59,14.9,0.2,0.07,0.06,1.67,1059.0,有,有
828,2024,36.0,85.1,0.0,0.0,8.5,0.7,0.4,14.2,86.8,0.1,0.0,1.4,0.0,2.8,24.9,534.0,0.0,121.0,0.0,0.0,74.0,242.0,46.3,28.2,2.3,2.9,0.3,0.7,65.4,74.5,0.0,10.6,0.4,6.8,750.0,185.0,32.0,5.0,0.0,32.0,40.5,3.1,5.0,4.8,0.7,24.4,0.0,0.4,0.0,0.0,0,0.0,0.0,76.2,0.8,3.0,0.7,1.8,29.2,0.4,0.0,0.2,0.0,0,0.4,2.4,588.0,13.0,26.0,92.0,24.0,354.0,0.0,0.0,1.0,0.0,0,3.0,38.0,5.23,2.71,2.08,24.1,0.32,0.1,0.1,2.1,4.68,2.33,2.2,15.9,0.21,0.06,0.07,1.64,995.0,有,有
829,2024,168.0,61.9,0.2,0.0,1.7,1.8,0.0,31.8,67.3,0.0,17.1,7.4,1.3,8.7,39.1,506.0,0.0,21.0,22.0,14.0,52.0,276.0,57.2,40.4,0.4,0.7,0.3,2.0,44.9,53.0,1.1,0.0,0.1,0.0,854.0,504.0,0.0,15.0,3.0,95.0,49.8,8.7,9.1,3.3,3.0,25.8,2.7,0.2,0.1,0.0,0,0.2,9.2,63.0,6.0,4.3,5.4,0.5,26.9,0.8,0.7,0.2,0.0,0,0.0,5.6,513.0,29.0,184.0,0.0,3.0,440.0,3.0,1.0,0.0,12.0,0,4.0,28.0,5.32,2.71,2.07,22.7,0.23,0.09,0.08,2.4,5.69,2.5,2.12,15.9,0.25,0.09,0.06,1.74,1115.0,有,有
830,2024,1101.0,56.3,0.5,0.0,5.6,0.0,6.1,14.1,44.5,0.0,0.0,7.0,1.0,4.2,32.4,515.0,0.0,0.0,71.0,19.0,2.0,395.0,87.9,38.9,1.4,0.0,0.1,2.6,56.6,36.2,0.6,6.6,0.1,4.0,550.0,487.0,0.0,65.0,5.0,6.0,58.8,5.3,8.6,2.1,1.3,46.7,1.2,0.2,0.0,0.5,0,0.0,2.7,79.2,0.4,2.4,0.0,0.4,44.7,2.5,0.0,0.1,0.0,0,0.7,7.5,709.0,48.0,0.0,46.0,0.0,411.0,0.0,0.0,0.0,87.0,0,1.0,74.0,5.14,2.71,2.03,21.2,0.24,0.1,0.1,1.7,5.79,2.43,2.01,21.8,0.24,0.06,0.03,1.41,1031.0,有,有
831,2024,284.0,33.6,0.2,11.5,6.3,1.9,1.8,23.3,44.5,0.0,4.7,5.0,1.2,0.0,23.1,570.0,0.0,75.0,51.0,1.0,48.0,410.0,39.0,29.0,1.7,1.9,0.2,0.0,16.5,30.6,0.0,3.3,0.0,0.0,679.0,345.0,15.0,54.0,0.0,128.0,53.7,4.4,0.0,1.1,0.5,18.8,2.0,0.3,0.2,0.0,0,0.2,5.1,62.7,0.7,3.6,0.6,0.2,16.4,3.2,0.0,0.0,5.1,0,0.0,0.9,295.0,16.0,41.0,64.0,7.0,340.0,31.0,0.0,1.0,44.0,0,1.0,0.0,5.14,2.76,2.01,21.7,0.19,0.09,0.06,2.3,4.62,2.89,2.2,18.1,0.18,0.09,0.09,1.72,1027.0,有,有
832,2024,421.0,43.6,0.0,0.0,8.5,0.1,0.0,27.6,50.1,0.2,0.0,2.6,2.5,3.6,33.0,675.0,4.0,0.0,39.0,0.0,49.0,443.0,66.3,30.8,2.5,0.0,0.0,7.0,42.6,18.7,0.0,0.0,0.3,8.3,605.0,524.0,20.0,46.0,9.0,14.0,74.9,6.6,3.0,3.8,1.6,31.1,1.3,0.0,0.2,0.0,0,0.2,2.7,79.4,0.0,1.1,5.1,3.0,37.9,0.0,0.0,0.3,2.5,0,0.0,2.4,255.0,20.0,61.0,0.0,0.0,523.0,0.0,3.0,3.0,0.0,0,0.0,0.0,5.21,2.76,2.03,22.5,0.3,0.08,0.08,2.5,5.65,2.89,2.18,15.7,0.18,0.08,0.08,1.91,934.0,有,無
833,2024,594.0,64.7,0.1,10.2,12.2,0.0,3.4,21.5,77.0,0.2,0.0,0.0,3.5,4.0,31.6,457.0,4.0,45.0,108.0,13.0,3.0,591.0,46.4,41.9,0.0,0.0,0.1,2.8,47.4,32.7,1.6,6.8,0.0,0.0,541.0,515.0,36.0,18.0,5.0,40.0,48.2,6.0,0.0,3.3,3.2,23.3,1.7,0.3,0.0,8.4,0,0.1,2.4,55.2,1.4,1.5,10.7,0.2,26.7,0.0,0.0,0.4,0.0,0,0.5,4.1,715.0,63.0,87.0,0.0,14.0,322.0,26.0,2.0,3.0,0.0,0,5.0,39.0,5.45,2.75,2.01,21.9,0.43,0.08,0.09,1.7,4.89,2.69,2.2,24.9,0.13,0.08,0.06,0.81,1031.0,有,無
834,2024,635.0,25.4,0.1,10.6,6.7,0.0,7.1,25.0,86.8,0.5,3.6,0.0,3.0,6.2,60.2,574.0,2.0,0.0,0.0,0.0,3.0,481.0,52.3,44.6,1.7,8.7,0.3,0.0,80.5,42.2,2.1,0.0,0.9,2.2,745.0,333.0,41.0,0.0,9.0,0.0,42.5,1.0,8.6,5.2,0.0,22.6,2.2,0.1,0.0,6.6,0,0.4,6.0,46.3,1.7,0.0,3.1,1.7,28.7,1.4,0.5,0.0,0.0,0,0.4,4.1,492.0,10.0,48.0,18.0,0.0,364.0,7.0,0.0,2.0,74.0,0,0.0,0.0,5.16,2.82,2.06,22.9,0.45,0.06,0.08,1.4,1.26,2.89,2.0,20.9,0.15,0.08,0.09,1.48,1092.0,有,有
835,2024,871.0,88.7,0.0,9.3,0.0,0.2,6.6,27.7,50.9,0.4,0.6,0.0,0.0,4.1,38.3,625.0,3.0,3.0,51.0,28.0,52.0,244.0,32.5,45.3,0.0,2.9,0.0,7.7,54.0,33.9,2.2,3.7,0.3,0.0,385.0,245.0,30.0,0.0,0.0,89.0,50.3,3.6,0.0,0.8,2.2,24.4,0.6,0.0,0.0,8.3,0,0.0,2.5,43.1,7.6,3.1,0.0,0.0,26.7,1.1,0.2,0.1,12.2,0,0.3,1.9,745.0,22.0,0.0,69.0,8.0,355.0,0.0,3.0,3.0,0.0,0,1.0,64.0,5.24,2.74,2.03,22.5,0.19,0.08,0.08,2.1,5.79,2.89,2.2,19.9,0.22,0.07,0.08,1.33,1033.0,有,有
836,2024,680.0,41.3,0.0,0.5,17.5,1.0,4.8,31.6,59.9,0.2,0.0,12.7,0.0,1.5,51.2,498.0,1.0,149.0,65.0,0.0,43.0,747.0,78.8,30.2,0.8,0.0,0.4,1.4,66.4,40.3,0.7,0.0,0.3,0.1,594.0,540.0,9.0,0.0,5.0,0.0,88.7,3.9,7.6,0.0,1.0,23.3,1.7,0.3,0.0,1.2,0,0.4,0.0,36.0,0.0,2.6,8.4,2.8,32.1,0.2,0.4,0.0,8.5,0,0.1,7.5,553.0,63.0,13.0,47.0,25.0,234.0,3.0,1.0,0.0,10.0,0,1.0,0.0,5.49,2.72,2.02,22.9,0.31,0.11,0.07,1.9,5.4,2.44,2.2,16.7,0.2,0.08,0.04,1.68,1011.0,有,有
837,2024,361.0,54.9,0.4,12.9,10.6,0.2,0.8,24.4,33.8,0.2,8.4,2.4,1.7,0.5,25.6,675.0,1.0,0.0,33.0,0.0,75.0,567.0,46.8,24.4,0.6,0.0,0.4,8.3,48.6,30.1,1.9,5.9,0.0,1.9,425.0,617.0,32.0,51.0,1.0,108.0,58.7,4.6,4.6,4.6,2.5,29.6,0.0,0.4,0.2,0.6,0,0.3,5.0,46.5,3.3,0.6,4.0,2.8,33.1,1.7,0.2,0.0,3.7,0,0.0,2.0,609.0,52.0,56.0,47.0,43.0,405.0,15.0,7.0,2.0,0.0,0,0.0,102.0,5.23,2.74,2.06,22.6,0.4,0.1,0.1,2.0,5.79,2.89,2.12,17.3,0.21,0.1,0.06,1.49,978.0,有,有
838,2024,629.0,54.0,0.2,6.6,0.0,0.4,1.3,45.4,64.2,0.0,10.0,3.7,1.2,3.6,38.1,437.0,3.0,14.0,0.0,14.0,17.0,527.0,36.4,46.0,2.0,3.1,0.1,0.0,44.2,44.2,3.6,10.8,0.6,0.0,513.0,577.0,36.0,0.0,2.0,68.0,40.1,6.9,1.6,0.0,1.0,20.9,2.3,0.5,0.0,11.1,0,0.0,1.6,34.6,0.0,5.8,0.4,1.0,30.9,3.2,0.0,0.1,1.5,0,0.1,4.1,529.0,41.0,67.0,0.0,5.0,422.0,0.0,0.0,0.0,0.0,0,0.0,0.0,5.39,2.73,1.98,22.9,0.35,0.1,0.09,2.6,4.58,2.16,2.2,14.7,0.29,0.07,0.04,1.15,1083.0,有,有
839,2024,487.0,32.2,0.0,0.0,4.1,0.2,3.1,58.6,33.2,0.2,5.3,12.3,0.4,0.0,34.7,606.0,4.0,0.0,40.0,18.0,11.0,337.0,36.9,48.7,2.6,9.9,0.1,11.0,57.0,32.2,0.0,5.7,0.0,0.0,862.0,404.0,39.0,105.0,0.0,0.0,39.1,5.1,9.0,9.3,0.0,25.3,2.6,0.3,0.0,0.0,0,0.2,10.5,56.1,0.0,0.0,9.5,0.9,15.3,2.5,0.5,0.0,9.0,0,0.2,0.0,536.0,51.0,75.0,8.0,19.0,378.0,33.0,9.0,0.0,73.0,0,0.0,64.0,5.32,2.74,1.99,20.1,0.19,0.11,0.1,2.5,5.79,2.81,2.2,24.9,0.16,0.07,0.06,0.92,1001.0,有,有
840,2024,997.0,85.8,0.5,3.9,11.7,0.6,3.2,36.7,38.3,0.2,0.0,17.0,0.8,2.1,37.9,455.0,0.0,131.0,0.0,20.0,70.0,442.0,70.7,30.6,0.1,0.0,0.2,0.4,32.4,28.8,0.0,0.0,0.3,4.9,539.0,303.0,0.0,67.0,4.0,39.0,55.8,1.7,3.5,0.6,0.0,28.3,0.0,0.0,0.0,0.0,0,0.3,0.0,70.8,1.2,0.0,3.3,0.6,36.6,0.0,0.4,0.0,3.7,0,0.5,0.4,560.0,24.0,20.0,32.0,0.0,180.0,20.0,3.0,0.0,0.0,0,1.0,2.0,5.22,2.7,2.07,22.0,0.31,0.08,0.07,2.5,5.79,2.47,1.98,24.9,0.16,0.07,0.09,1.84,1065.0,有,有
841,2024,1018.0,39.4,0.4,5.1,4.5,0.0,0.6,21.8,56.0,0.1,0.0,6.3,1.8,7.3,37.9,795.0,2.0,0.0,0.0,29.0,56.0,354.0,74.3,52.0,0.0,0.0,0.3,7.6,69.8,21.6,2.0,0.0,0.0,1.1,574.0,207.0,9.0,0.0,1.0,176.0,59.2,0.6,7.4,2.4,1.5,30.4,0.0,0.4,0.1,1.1,0,0.4,0.0,52.5,6.8,9.1,0.5,2.7,44.4,2.7,0.3,0.2,0.0,0,0.4,0.0,660.0,63.0,55.0,32.0,50.0,526.0,55.0,3.0,0.0,112.0,0,0.0,43.0,5.15,2.75,2.04,23.1,0.35,0.08,0.09,2.6,4.75,2.39,2.2,24.9,0.13,0.08,0.05,1.1,1049.0,有,有
842,2024,482.0,60.5,0.2,0.0,3.5,0.0,0.0,39.0,72.4,0.3,1.5,8.1,0.0,5.5,45.0,564.0,0.0,0.0,2.0,31.0,0.0,250.0,74.7,13.0,2.1,2.3,0.1,9.0,34.6,49.1,0.9,0.0,0.0,0.4,443.0,294.0,39.0,67.0,5.0,2.0,61.1,0.4,2.8,1.9,3.0,17.8,0.1,0.0,0.0,3.0,0,0.0,10.2,48.4,0.2,0.0,8.7,3.1,29.3,0.0,0.4,0.0,0.0,0,0.7,5.3,680.0,18.0,79.0,34.0,29.0,252.0,21.0,5.0,0.0,103.0,0,2.0,60.0,5.28,2.83,2.05,22.3,0.45,0.07,0.08,2.1,4.44,2.79,1.59,24.9,0.19,0.06,0.08,1.73,1069.0,有,有
843,2024,1048.0,75.7,0.0,2.3,0.0,1.5,0.3,27.7,40.6,0.0,8.3,4.9,0.0,1.5,27.1,440.0,0.0,0.0,0.0,18.0,62.0,414.0,80.8,21.2,3.0,1.1,0.0,0.0,57.6,10.9,1.0,6.4,0.0,7.0,520.0,487.0,9.0,118.0,0.0,16.0,57.9,2.9,5.5,0.3,2.5,20.8,0.0,0.2,0.0,5.1,0,0.1,0.8,42.3,5.6,9.9,4.4,1.9,24.0,2.0,0.2,0.1,5.8,0,0.0,1.3,721.0,40.0,53.0,30.0,0.0,342.0,34.0,4.0,0.0,37.0,0,0.0,46.0,5.11,2.76,2.04,24.0,0.19,0.08,0.08,2.2,4.2,2.32,1.95,9.4,0.22,0.09,0.08,1.37,1087.0,有,有
844,2024,556.0,42.4,0.4,6.7,0.0,1.1,3.2,23.2,35.9,0.0,4.5,0.0,2.5,4.5,39.2,444.0,4.0,161.0,24.0,0.0,8.0,196.0,40.7,42.3,0.0,0.0,0.0,2.7,67.1,42.5,3.6,17.3,0.0,1.7,149.0,378.0,36.0,92.0,3.0,41.0,47.1,6.2,7.4,4.9,0.2,30.9,0.0,0.1,0.0,0.0,0,0.3,2.4,66.8,0.5,4.4,2.2,0.0,27.9,1.3,0.5,0.1,5.5,0,0.1,0.0,866.0,98.0,80.0,9.0,0.0,354.0,9.0,1.0,0.0,47.0,0,0.0,0.0,5.1,2.66,1.99,23.5,0.35,0.12,0.07,2.3,4.61,2.89,2.07,19.9,0.18,0.03,0.08,1.33,1051.0,有,有
845,2024,596.0,50.6,0.2,11.0,3.3,0.7,2.5,40.4,28.1,0.0,20.3,2.3,1.3,3.5,46.6,529.0,4.0,25.0,0.0,30.0,0.0,281.0,71.6,15.8,1.8,5.0,0.1,0.0,52.4,51.5,0.0,3.6,0.0,3.5,591.0,370.0,13.0,85.0,0.0,131.0,64.3,1.5,3.1,3.4,2.5,24.5,1.2,0.2,0.0,8.7,0,0.0,9.8,66.0,4.1,7.0,0.4,3.2,42.6,2.1,0.3,0.0,0.0,0,0.2,2.2,764.0,4.0,145.0,65.0,26.0,302.0,11.0,5.0,0.0,0.0,0,0.0,19.0,5.14,2.74,2.06,22.0,0.28,0.07,0.08,1.9,5.44,2.65,1.18,22.9,0.15,0.05,0.07,1.65,1030.0,有,有
846,2024,743.0,45.5,0.0,1.5,3.6,1.5,10.4,28.2,73.3,0.0,3.5,0.0,0.0,0.0,46.6,487.0,1.0,0.0,98.0,5.0,28.0,504.0,33.4,35.6,1.7,14.8,0.1,0.3,54.0,33.0,1.0,5.9,0.0,0.0,666.0,455.0,25.0,0.0,6.0,67.0,68.7,6.2,3.4,0.0,0.0,21.6,0.4,0.4,0.1,0.0,0,0.2,0.0,55.0,3.4,6.2,3.7,1.2,21.4,4.2,0.4,0.4,8.0,0,0.0,0.3,775.0,58.0,49.0,2.0,0.0,378.0,47.0,4.0,0.0,109.0,0,0.0,22.0,5.15,2.74,2.05,21.9,0.37,0.09,0.1,2.6,4.58,2.21,2.08,22.4,0.21,0.09,0.07,1.29,1046.0,有,有
847,2024,1100.0,72.3,0.0,3.1,0.5,0.3,0.0,31.1,45.4,0.0,1.5,0.0,0.8,3.3,47.7,440.0,0.0,0.0,82.0,17.0,0.0,290.0,63.5,28.4,0.0,8.7,0.3,0.0,44.5,40.6,0.0,0.0,0.3,6.0,759.0,524.0,0.0,0.0,0.0,45.0,73.9,0.8,7.9,2.6,0.6,32.8,0.4,0.0,0.0,8.6,0,0.0,0.0,61.9,3.4,1.2,5.1,1.4,14.5,0.0,0.2,0.1,3.8,0,0.0,0.0,753.0,0.0,81.0,79.0,0.0,345.0,19.0,3.0,0.0,0.0,0,2.0,87.0,5.25,2.78,2.04,21.8,0.37,0.1,0.08,1.8,4.97,2.89,2.08,21.5,0.13,0.06,0.04,1.89,1028.0,有,有
848,2024,166.0,82.3,0.0,7.1,9.0,0.5,2.0,34.8,65.0,0.3,9.5,4.8,0.0,2.1,57.9,523.0,6.0,33.0,26.0,37.0,51.0,534.0,79.7,21.1,2.6,3.7,0.7,1.8,36.1,49.6,3.8,3.6,0.3,0.0,625.0,426.0,0.0,0.0,5.0,0.0,63.2,2.8,4.3,2.5,0.0,20.0,0.0,0.2,0.0,0.0,0,0.0,12.7,62.5,1.8,1.0,2.7,2.0,17.1,3.5,0.0,0.1,0.0,0,0.0,5.6,564.0,29.0,52.0,46.0,11.0,239.0,23.0,0.0,0.0,28.0,0,1.0,80.0,5.13,2.69,2.02,18.9,0.4,0.06,0.07,2.6,4.04,2.74,1.9,22.0,0.19,0.06,0.09,2.06,1018.0,有,有
849,2024,497.0,41.8,0.4,0.0,0.0,0.0,0.8,37.5,40.4,0.0,0.0,4.2,1.8,4.9,36.3,414.0,0.0,143.0,89.0,12.0,37.0,480.0,42.3,31.7,1.3,0.0,0.0,12.2,41.9,64.0,3.0,11.2,0.3,0.0,206.0,185.0,0.0,0.0,2.0,36.0,64.7,6.4,1.7,0.0,0.0,15.8,1.2,0.0,0.0,11.1,0,0.4,3.7,42.0,2.3,0.2,4.3,1.4,28.2,0.0,0.7,0.0,4.4,0,0.2,7.2,394.0,31.0,57.0,0.0,15.0,440.0,2.0,1.0,1.0,0.0,0,2.0,82.0,5.04,2.78,2.08,24.3,0.43,0.08,0.07,2.1,5.79,2.3,2.2,14.2,0.18,0.09,0.07,1.23,1037.0,有,有
850,2024,607.0,42.2,0.3,0.0,0.0,1.0,1.6,17.5,77.9,0.0,0.0,3.9,3.5,10.0,24.7,659.0,0.0,0.0,57.0,0.0,23.0,223.0,64.9,46.4,0.4,14.2,0.0,9.6,66.0,49.2,0.7,0.0,0.3,0.0,472.0,390.0,27.0,0.0,3.0,0.0,75.1,3.6,5.7,7.5,0.9,40.6,1.1,0.2,0.0,4.7,0,0.3,1.7,36.4,1.4,7.4,5.3,2.1,29.2,1.3,0.1,0.0,0.0,0,0.6,0.4,764.0,6.0,46.0,64.0,5.0,301.0,20.0,1.0,0.0,91.0,0,0.0,134.0,5.19,2.77,2.05,22.5,0.26,0.08,0.1,1.6,4.03,2.79,2.05,21.9,0.15,0.05,0.08,1.16,1063.0,有,有
851,2024,290.0,41.3,0.1,0.9,0.0,0.7,3.4,26.9,57.0,0.5,12.3,0.0,1.2,3.5,61.2,549.0,6.0,0.0,33.0,15.0,120.0,275.0,51.5,53.8,0.0,2.8,0.2,12.9,61.7,29.9,0.7,0.0,0.0,0.0,866.0,316.0,19.0,100.0,3.0,85.0,75.4,2.3,4.3,1.7,4.7,29.8,0.0,0.0,0.2,0.0,0,0.2,0.0,70.0,0.6,0.3,0.0,0.4,5.1,1.1,0.2,0.1,4.0,0,0.3,13.5,592.0,0.0,30.0,80.0,0.0,401.0,7.0,7.0,0.0,0.0,0,0.0,0.0,5.32,2.75,2.05,23.5,0.41,0.08,0.07,2.2,4.8,2.28,2.2,20.1,0.18,0.08,0.09,1.39,1052.0,有,有
852,2024,60.0,83.9,0.1,5.2,8.3,0.4,1.3,47.6,54.9,0.0,0.0,0.0,0.7,3.5,33.3,561.0,0.0,0.0,83.0,19.0,0.0,487.0,18.3,29.2,2.8,0.0,0.0,8.1,37.3,28.3,4.0,0.0,0.1,0.0,190.0,312.0,44.0,0.0,0.0,46.0,41.0,0.8,4.2,5.0,2.7,24.4,0.0,0.0,0.0,4.7,0,0.0,0.0,52.1,0.2,6.6,3.7,1.3,24.2,0.4,0.0,0.3,0.0,0,0.2,1.6,545.0,28.0,31.0,0.0,14.0,334.0,7.0,1.0,0.0,63.0,0,0.0,0.0,5.27,2.74,2.03,23.1,0.24,0.09,0.09,2.2,4.16,2.63,2.2,24.9,0.12,0.05,0.06,1.44,1088.0,有,有
853,2024,592.0,32.7,0.0,0.0,12.4,1.4,0.5,47.9,57.5,0.0,10.8,3.1,0.8,0.0,5.1,378.0,3.0,0.0,12.0,17.0,67.0,406.0,73.0,29.5,1.4,0.0,0.0,12.2,33.3,26.1,1.7,0.0,0.0,1.8,413.0,480.0,9.0,37.0,0.0,55.0,59.1,3.2,6.1,6.8,2.0,21.5,1.4,0.1,0.1,11.7,0,0.2,8.8,56.6,2.8,3.2,1.9,2.4,39.2,0.0,0.5,0.1,6.9,0,0.7,0.0,441.0,27.0,22.0,0.0,2.0,356.0,21.0,4.0,0.0,66.0,0,2.0,40.0,5.27,2.76,2.05,21.3,0.44,0.09,0.11,2.5,4.42,2.89,1.78,24.9,0.24,0.08,0.07,1.92,944.0,有,有
854,2024,133.0,50.4,0.4,0.0,8.4,0.2,3.4,30.8,47.7,0.0,1.5,8.6,2.1,2.5,45.6,632.0,0.0,50.0,0.0,28.0,31.0,453.0,65.7,29.6,2.8,3.4,0.0,10.4,52.2,69.8,3.0,15.6,0.0,3.7,668.0,579.0,11.0,0.0,2.0,45.0,75.7,2.5,6.1,1.0,0.7,39.0,1.3,0.1,0.1,0.0,0,0.0,0.0,54.3,2.8,4.7,5.1,0.0,39.8,1.9,0.5,0.0,0.4,0,0.0,2.1,683.0,4.0,70.0,18.0,10.0,347.0,9.0,0.0,1.0,0.0,0,3.0,36.0,5.34,2.71,2.07,22.5,0.26,0.09,0.1,2.2,4.3,2.89,1.35,16.5,0.24,0.06,0.04,1.48,993.0,有,有
855,2024,774.0,33.2,0.0,0.0,17.1,0.0,3.5,34.3,68.7,0.0,0.0,0.8,2.3,5.8,17.2,247.0,2.0,8.0,0.0,0.0,63.0,397.0,40.4,31.6,1.0,1.3,0.1,6.7,55.3,47.5,0.0,0.0,0.3,4.7,670.0,763.0,25.0,24.0,0.0,36.0,60.5,2.8,5.9,3.5,0.0,28.0,0.5,0.3,0.0,0.0,0,0.0,7.1,36.8,1.1,2.4,3.8,2.4,42.6,2.1,0.0,0.0,13.2,0,0.6,2.9,458.0,71.0,75.0,0.0,0.0,418.0,39.0,0.0,0.0,0.0,0,3.0,101.0,5.38,2.72,2.06,24.9,0.19,0.1,0.09,1.7,3.65,2.81,0.88,14.3,0.13,0.07,0.06,2.02,1069.0,有,有
856,2024,819.0,59.6,0.0,0.0,0.0,0.0,5.5,36.6,67.6,0.2,3.8,3.1,1.6,1.5,22.8,802.0,2.0,44.0,64.0,0.0,51.0,421.0,61.4,41.3,0.7,0.0,0.0,2.4,68.5,50.8,3.7,9.9,0.3,2.2,721.0,724.0,11.0,146.0,5.0,8.0,22.9,2.3,10.4,4.1,0.6,27.7,0.0,0.5,0.0,0.0,0,0.0,8.4,77.9,5.7,2.1,5.3,2.8,37.8,0.0,0.0,0.0,0.0,0,0.6,0.0,742.0,0.0,45.0,46.0,0.0,286.0,2.0,2.0,1.0,2.0,0,2.0,76.0,5.14,2.7,2.02,23.7,0.28,0.11,0.07,2.0,5.3,1.87,2.16,19.0,0.23,0.04,0.07,1.12,1082.0,有,有
857,2024,230.0,65.2,0.1,0.0,0.0,2.0,4.1,20.0,69.1,0.4,0.0,0.1,0.0,9.7,30.6,501.0,3.0,32.0,0.0,14.0,42.0,293.0,87.3,41.9,0.0,0.0,0.0,2.8,40.7,54.4,0.0,21.8,0.3,0.0,471.0,348.0,17.0,0.0,1.0,37.0,49.7,3.7,7.8,7.0,2.2,16.2,0.0,0.0,0.0,0.0,0,0.2,4.8,46.2,0.0,3.3,5.2,2.8,40.6,1.4,0.3,0.3,2.1,0,0.2,9.3,549.0,15.0,95.0,70.0,5.0,216.0,0.0,3.0,1.0,0.0,0,1.0,0.0,5.28,2.74,2.09,21.3,0.36,0.08,0.07,2.1,5.79,2.81,1.64,15.5,0.18,0.05,0.08,1.53,1064.0,有,有
858,2024,119.0,53.6,0.0,7.2,0.0,3.2,0.8,13.2,60.5,0.3,0.0,4.5,0.0,0.6,15.5,631.0,0.0,0.0,134.0,10.0,74.0,240.0,53.1,54.6,0.0,5.7,0.2,0.0,32.9,52.3,0.8,1.3,0.1,0.0,684.0,507.0,11.0,20.0,1.0,120.0,47.2,0.0,3.2,1.1,2.0,13.2,0.8,0.2,0.0,12.0,0,0.3,1.9,76.5,4.2,0.0,8.6,0.9,30.3,0.9,0.3,0.3,0.0,0,0.0,0.9,370.0,56.0,48.0,21.0,21.0,325.0,0.0,1.0,1.0,2.0,0,7.0,20.0,5.45,2.75,2.01,21.7,0.23,0.08,0.11,2.2,4.52,2.85,2.11,21.6,0.25,0.05,0.07,1.59,1012.0,有,有
859,2024,849.0,33.1,0.6,15.4,2.1,0.0,8.0,46.3,62.5,0.0,20.5,0.0,2.3,8.6,23.9,759.0,6.0,0.0,140.0,11.0,0.0,380.0,25.3,36.7,2.4,16.4,0.1,14.2,54.7,51.0,2.0,0.0,0.2,9.7,701.0,481.0,0.0,10.0,2.0,0.0,75.8,5.9,2.7,3.6,1.7,28.7,0.0,0.3,0.2,4.0,0,0.1,6.2,67.5,0.2,2.3,3.4,1.0,19.1,0.1,0.1,0.0,0.0,0,0.4,5.9,711.0,0.0,73.0,7.0,41.0,262.0,0.0,1.0,2.0,48.0,0,1.0,0.0,5.18,2.75,2.08,24.6,0.34,0.08,0.09,2.2,3.52,2.89,1.69,24.3,0.23,0.08,0.08,1.63,1085.0,有,無
860,2024,140.0,45.4,0.3,0.0,2.2,0.0,7.6,38.7,42.9,0.0,14.3,6.2,2.4,0.2,39.7,493.0,4.0,0.0,56.0,23.0,0.0,545.0,74.1,30.2,0.4,0.0,0.1,3.4,22.8,35.1,2.5,1.9,0.3,2.7,684.0,375.0,8.0,0.0,0.0,0.0,61.8,2.3,5.7,3.8,1.5,28.0,2.4,0.0,0.0,5.2,0,0.0,0.2,67.8,0.0,0.6,7.5,3.0,23.0,0.0,0.1,0.1,12.1,0,0.3,2.5,508.0,33.0,0.0,7.0,1.0,312.0,9.0,0.0,0.0,0.0,0,3.0,56.0,5.28,2.76,2.13,22.6,0.25,0.09,0.06,2.5,5.65,2.89,1.83,22.0,0.19,0.07,0.05,1.72,1004.0,有,有
861,2024,656.0,69.7,0.0,1.6,9.7,0.0,0.3,8.4,58.7,0.0,0.0,10.3,2.1,3.4,36.5,571.0,3.0,0.0,77.0,2.0,0.0,377.0,47.3,41.7,1.2,0.1,0.3,5.3,49.3,19.3,2.9,5.8,0.0,7.7,763.0,482.0,14.0,174.0,1.0,22.0,68.3,1.8,0.9,0.7,0.0,26.7,0.6,0.0,0.0,0.0,0,0.0,2.7,53.4,0.0,4.4,3.8,0.9,17.9,3.3,0.5,0.1,0.0,0,0.3,14.3,672.0,15.0,66.0,38.0,22.0,476.0,36.0,2.0,0.0,13.0,0,3.0,56.0,5.1,2.74,2.06,23.8,0.29,0.08,0.1,2.1,5.79,2.57,2.2,24.9,0.15,0.1,0.04,1.94,1073.0,有,有
862,2024,722.0,65.6,0.0,0.0,11.2,1.3,1.8,46.1,55.9,0.0,0.0,0.0,2.5,7.2,17.8,481.0,2.0,30.0,22.0,20.0,31.0,305.0,53.0,27.3,2.5,0.0,0.0,0.0,57.0,71.5,1.3,0.0,0.8,2.3,641.0,747.0,0.0,161.0,4.0,27.0,71.5,3.3,6.5,1.4,0.0,23.9,0.0,0.5,0.0,0.0,0,0.6,0.0,50.5,7.5,4.9,9.4,2.7,19.5,2.9,0.7,0.3,0.0,0,0.2,4.8,531.0,24.0,13.0,55.0,5.0,348.0,33.0,7.0,0.0,0.0,0,7.0,90.0,5.22,2.76,2.1,22.9,0.26,0.08,0.11,2.1,4.74,2.47,1.43,20.5,0.15,0.08,0.04,1.57,1049.0,有,有
863,2024,760.0,88.7,0.4,0.0,3.4,0.0,11.7,53.3,24.6,0.0,0.0,2.5,0.1,3.3,15.3,762.0,2.0,0.0,0.0,11.0,0.0,578.0,59.8,32.2,0.0,0.0,0.0,0.0,64.4,29.4,0.0,5.9,0.1,3.1,514.0,364.0,49.0,92.0,0.0,17.0,57.5,0.0,1.4,0.8,0.0,34.8,0.0,0.2,0.0,12.4,0,0.2,5.5,52.2,7.4,6.4,4.4,1.6,18.3,0.0,0.0,0.3,6.6,0,0.1,0.0,510.0,44.0,64.0,66.0,17.0,265.0,16.0,0.0,2.0,0.0,0,7.0,71.0,5.15,2.73,2.01,24.3,0.34,0.11,0.1,2.2,4.3,2.89,2.2,22.9,0.24,0.06,0.08,1.44,1058.0,有,有
864,2024,312.0,49.4,0.0,2.8,0.0,0.8,0.0,41.2,58.0,0.3,0.0,0.0,3.1,3.8,33.9,362.0,2.0,0.0,44.0,0.0,21.0,463.0,53.8,29.3,1.7,0.0,0.5,0.0,49.2,37.1,3.4,0.0,0.0,5.2,640.0,490.0,26.0,80.0,2.0,0.0,46.2,7.2,5.5,4.1,0.6,30.2,1.3,0.3,0.1,5.7,0,0.0,10.7,56.7,5.4,0.6,0.6,1.1,25.3,0.3,0.1,0.0,5.4,0,0.0,0.4,722.0,5.0,0.0,24.0,30.0,265.0,47.0,2.0,1.0,194.0,0,3.0,88.0,5.38,2.69,2.08,22.9,0.31,0.07,0.08,2.1,4.42,2.89,2.2,19.0,0.26,0.04,0.06,1.38,1012.0,有,有
865,2024,900.0,23.0,0.0,1.3,0.0,0.2,2.7,23.6,44.3,0.3,0.0,0.0,2.4,0.0,32.2,645.0,1.0,0.0,84.0,3.0,34.0,468.0,70.7,57.4,0.0,0.0,0.0,10.1,49.0,32.1,1.6,10.4,0.1,0.0,498.0,460.0,29.0,0.0,6.0,48.0,71.1,1.7,6.2,0.1,2.1,19.8,1.1,0.6,0.1,0.0,0,0.0,3.6,50.8,5.6,4.5,2.0,0.0,42.0,1.2,0.0,0.2,0.0,0,0.0,0.0,611.0,46.0,57.0,51.0,20.0,296.0,30.0,0.0,0.0,25.0,0,0.0,0.0,5.21,2.71,1.99,24.7,0.42,0.11,0.09,2.5,5.79,2.89,2.05,24.9,0.23,0.05,0.06,1.79,1082.0,有,有
866,2024,1056.0,81.2,0.2,1.6,0.0,0.0,5.6,19.5,70.0,0.6,0.0,1.0,0.0,0.6,48.1,557.0,1.0,0.0,0.0,8.0,44.0,292.0,32.0,32.4,2.0,2.6,0.0,0.0,73.5,25.0,0.0,0.0,0.0,14.8,768.0,562.0,9.0,0.0,3.0,69.0,55.0,6.4,4.2,5.8,0.0,38.1,1.2,0.0,0.0,2.8,0,0.0,0.0,61.2,0.9,5.1,4.8,1.1,30.3,0.5,0.2,0.0,0.0,0,0.0,3.7,664.0,55.0,67.0,17.0,11.0,500.0,0.0,5.0,0.0,67.0,0,2.0,56.0,5.25,2.73,2.03,21.3,0.36,0.11,0.09,1.8,3.43,2.88,2.2,19.0,0.19,0.1,0.08,1.58,1015.0,有,有
867,2024,130.0,41.3,0.5,0.0,7.6,0.0,2.5,48.3,57.1,0.3,10.4,7.5,0.4,5.1,27.8,636.0,0.0,29.0,24.0,36.0,0.0,257.0,88.7,30.4,0.0,0.0,0.3,3.8,30.9,36.0,0.2,0.2,0.0,0.8,782.0,437.0,20.0,72.0,7.0,93.0,35.0,7.0,1.6,3.0,1.3,21.4,0.0,0.2,0.0,1.9,0,0.0,8.7,41.4,0.0,0.2,3.4,3.1,23.9,1.5,0.3,0.2,0.0,0,0.0,6.2,530.0,80.0,0.0,39.0,10.0,378.0,0.0,2.0,1.0,0.0,0,0.0,0.0,5.17,2.71,2.05,22.9,0.36,0.08,0.1,2.2,5.22,2.89,1.31,22.8,0.22,0.08,0.05,1.89,1038.0,有,有
868,2024,470.0,45.8,0.0,0.0,3.8,0.0,1.2,58.3,49.6,0.1,0.0,2.9,0.4,4.8,24.5,860.0,0.0,0.0,7.0,1.0,45.0,333.0,50.9,30.7,0.0,1.3,0.2,0.0,58.9,35.7,1.0,0.0,0.7,0.0,800.0,432.0,21.0,0.0,0.0,38.0,59.8,0.0,5.0,1.9,0.2,32.1,0.0,0.3,0.2,11.8,0,0.8,7.0,79.7,1.3,1.3,10.1,3.0,35.9,2.7,0.0,0.0,6.4,0,0.0,2.2,525.0,69.0,64.0,37.0,8.0,553.0,7.0,4.0,0.0,0.0,0,1.0,18.0,5.12,2.74,2.08,24.0,0.33,0.08,0.07,2.2,3.15,2.58,1.37,18.6,0.19,0.07,0.06,1.06,1053.0,有,有
869,2024,1121.0,70.9,0.0,8.7,0.0,0.0,4.3,35.2,46.8,0.3,3.7,3.7,4.5,0.0,31.4,364.0,5.0,39.0,100.0,46.0,32.0,521.0,49.0,38.6,0.7,1.5,0.0,9.6,68.4,32.2,0.0,0.1,0.0,0.0,346.0,619.0,8.0,0.0,4.0,77.0,66.5,6.3,3.7,0.4,3.4,27.1,1.2,0.4,0.0,12.4,0,0.1,0.0,69.0,4.1,5.5,1.6,0.0,30.4,0.0,0.4,0.0,0.0,0,0.0,0.0,506.0,33.0,48.0,52.0,16.0,296.0,0.0,0.0,0.0,0.0,0,0.0,0.0,5.27,2.71,2.05,22.2,0.4,0.08,0.09,2.4,5.79,2.52,2.2,24.9,0.12,0.1,0.06,0.57,1021.0,有,有
870,2024,74.0,50.7,0.0,0.0,6.5,0.0,0.0,25.5,67.0,0.1,0.6,0.0,1.1,6.7,47.4,349.0,3.0,0.0,0.0,19.0,3.0,339.0,65.5,37.2,3.0,0.0,0.0,6.1,48.2,47.1,2.1,5.2,0.5,2.9,690.0,478.0,58.0,111.0,5.0,63.0,47.2,0.0,3.4,4.6,2.7,31.3,1.0,0.4,0.0,0.0,0,0.4,0.0,60.0,4.1,8.1,4.9,0.0,30.5,0.0,0.4,0.2,7.0,0,0.1,0.5,743.0,7.0,54.0,20.0,10.0,305.0,3.0,0.0,0.0,0.0,0,6.0,0.0,5.21,2.77,2.04,24.7,0.36,0.07,0.07,2.1,3.67,2.66,2.04,12.7,0.19,0.06,0.05,1.63,1123.0,有,有
871,2024,692.0,58.7,0.0,0.0,8.8,1.0,0.8,19.4,41.0,0.1,0.0,2.2,0.0,0.9,34.7,610.0,0.0,70.0,26.0,0.0,54.0,296.0,49.7,42.1,2.7,0.0,0.0,10.9,86.8,50.4,0.8,0.0,0.0,10.6,754.0,398.0,21.0,0.0,1.0,0.0,82.7,3.0,0.0,1.3,1.4,16.9,0.0,0.1,0.0,0.0,0,0.0,1.4,60.4,5.1,3.5,3.9,4.2,41.2,0.1,0.1,0.3,0.0,0,0.1,0.5,713.0,53.0,37.0,23.0,0.0,434.0,27.0,6.0,0.0,32.0,0,2.0,5.0,5.13,2.75,2.02,20.9,0.23,0.09,0.06,2.5,5.59,2.89,2.2,24.7,0.21,0.05,0.03,1.52,1098.0,有,有
872,2024,801.0,65.3,0.2,0.0,2.8,0.7,3.8,37.2,44.8,0.0,4.5,4.7,2.2,0.0,23.4,635.0,0.0,0.0,80.0,5.0,48.0,335.0,26.3,32.8,0.9,24.6,0.0,1.4,32.3,48.6,1.9,0.0,0.0,0.0,852.0,453.0,38.0,0.0,0.0,28.0,46.6,0.0,0.0,5.2,0.6,36.6,0.5,0.4,0.2,6.3,0,0.2,0.1,42.4,0.7,7.4,0.0,1.1,33.8,0.0,0.2,0.2,1.5,0,0.2,11.3,372.0,49.0,57.0,64.0,0.0,113.0,51.0,0.0,1.0,0.0,0,6.0,75.0,5.01,2.76,2.04,23.4,0.25,0.1,0.07,2.2,5.29,2.89,1.6,23.5,0.19,0.08,0.08,1.31,1004.0,有,有
873,2024,444.0,61.9,0.3,4.7,0.4,0.0,0.6,32.4,29.4,0.0,0.0,0.8,0.8,4.3,47.8,579.0,3.0,0.0,15.0,12.0,13.0,648.0,57.9,18.0,0.0,0.0,0.8,1.8,81.1,51.5,0.4,0.0,0.1,8.0,342.0,380.0,0.0,35.0,0.0,0.0,71.1,2.1,0.1,2.9,0.0,24.4,0.3,0.2,0.3,13.7,0,0.0,9.7,65.0,4.6,4.1,7.3,2.3,31.5,2.7,0.4,0.1,5.4,0,0.3,10.5,629.0,82.0,54.0,39.0,9.0,105.0,21.0,0.0,1.0,86.0,0,0.0,47.0,5.11,2.69,2.05,23.1,0.29,0.11,0.07,2.2,5.13,2.28,1.99,24.9,0.27,0.07,0.06,1.37,1036.0,有,有
874,2024,1014.0,64.7,0.3,11.8,0.4,0.9,3.3,39.4,44.7,0.3,0.0,5.7,0.0,8.9,26.9,609.0,5.0,69.0,0.0,0.0,94.0,285.0,71.2,41.8,1.7,5.4,0.1,1.5,65.9,17.0,1.0,1.2,0.7,5.7,658.0,433.0,13.0,43.0,2.0,20.0,67.0,3.4,3.8,1.0,0.4,26.4,2.4,0.1,0.2,0.0,0,0.4,3.4,66.7,3.1,5.1,0.9,0.7,13.3,0.4,0.0,0.1,0.0,0,0.0,4.5,617.0,32.0,83.0,26.0,0.0,400.0,28.0,2.0,0.0,0.0,0,0.0,0.0,5.33,2.74,2.05,20.7,0.34,0.08,0.08,1.9,5.37,2.75,0.99,19.0,0.28,0.05,0.05,1.88,1022.0,有,有
875,2024,63.0,48.6,0.1,1.6,6.0,1.3,7.6,36.3,54.1,0.0,0.1,3.8,0.0,6.8,40.5,547.0,0.0,0.0,0.0,7.0,9.0,455.0,71.6,43.9,0.0,0.1,0.2,1.7,57.1,22.9,0.0,5.2,0.0,0.3,509.0,381.0,0.0,4.0,0.0,39.0,71.3,1.9,0.0,2.0,1.5,21.1,0.0,0.3,0.1,0.2,0,0.2,3.7,49.0,5.9,3.2,2.2,1.7,36.4,0.0,0.7,0.2,6.8,0,0.2,0.0,342.0,48.0,88.0,44.0,20.0,235.0,5.0,1.0,0.0,82.0,0,0.0,13.0,5.31,2.7,2.06,22.0,0.33,0.09,0.07,2.2,5.79,2.5,1.73,17.2,0.12,0.04,0.09,1.14,1089.0,有,有
876,2024,127.0,52.3,0.0,2.9,0.0,1.8,2.3,34.4,39.7,0.0,4.2,2.9,1.4,5.0,28.1,469.0,3.0,96.0,56.0,13.0,24.0,160.0,38.9,34.9,0.0,0.0,0.0,1.4,46.2,50.2,0.0,3.7,0.0,13.0,804.0,366.0,30.0,0.0,1.0,41.0,62.6,2.8,1.4,3.3,0.3,36.6,1.5,0.2,0.0,0.0,0,0.0,0.0,58.0,5.8,0.0,6.1,1.5,18.2,1.6,0.0,0.0,0.0,0,0.1,0.0,196.0,112.0,48.0,26.0,4.0,393.0,24.0,3.0,0.0,2.0,0,3.0,0.0,5.21,2.75,2.07,21.7,0.2,0.08,0.06,1.7,4.31,2.31,1.77,20.0,0.17,0.04,0.08,2.29,1108.0,有,有
877,2024,261.0,80.8,0.2,3.8,3.1,0.0,0.8,32.4,33.1,0.0,0.0,8.2,1.4,0.4,24.1,679.0,2.0,49.0,80.0,0.0,13.0,276.0,39.8,53.8,1.6,0.0,0.0,4.9,38.7,53.6,3.3,2.4,0.4,7.9,510.0,587.0,0.0,39.0,5.0,80.0,50.0,10.7,7.8,4.2,1.1,26.4,2.4,0.1,0.0,0.1,0,0.6,2.5,74.9,4.0,0.3,4.6,3.5,26.1,1.5,0.2,0.3,0.0,0,0.4,8.2,428.0,0.0,57.0,10.0,18.0,252.0,0.0,0.0,2.0,6.0,0,2.0,31.0,5.03,2.69,2.05,22.6,0.27,0.06,0.07,2.3,5.79,2.89,1.69,12.7,0.16,0.06,0.06,1.39,1068.0,有,有
878,2024,165.0,43.8,0.0,0.0,0.0,0.0,2.9,38.3,36.8,0.0,7.2,10.5,1.6,1.5,16.3,689.0,0.0,0.0,72.0,23.0,41.0,448.0,29.7,40.6,1.5,3.6,0.0,0.0,52.4,31.4,1.6,7.1,0.7,3.4,373.0,476.0,6.0,28.0,0.0,0.0,56.1,5.5,4.4,5.7,1.0,34.3,0.0,0.3,0.0,0.0,0,0.2,3.3,54.3,0.0,1.7,2.3,2.9,27.3,0.6,0.0,0.3,0.0,0,0.1,3.3,501.0,47.0,64.0,57.0,0.0,268.0,2.0,0.0,1.0,36.0,0,1.0,146.0,5.2,2.71,1.97,22.1,0.37,0.08,0.11,1.8,5.0,2.89,2.2,14.3,0.15,0.08,0.07,1.5,1045.0,有,有
879,2024,788.0,57.2,0.3,4.5,0.0,1.0,5.1,32.4,41.9,0.0,12.3,5.8,2.5,3.8,56.3,614.0,4.0,68.0,102.0,15.0,42.0,262.0,23.5,46.0,0.0,0.0,0.0,0.0,80.8,37.6,0.0,0.0,0.1,0.0,662.0,522.0,26.0,94.0,9.0,0.0,59.6,1.5,1.9,0.0,2.1,16.0,0.5,0.0,0.0,0.0,0,0.7,8.7,67.7,2.1,4.9,3.6,1.0,16.3,3.3,0.1,0.0,5.6,0,0.0,10.0,542.0,81.0,49.0,39.0,11.0,393.0,20.0,4.0,2.0,164.0,0,5.0,0.0,5.21,2.73,2.02,23.4,0.22,0.09,0.09,2.3,5.79,2.17,2.1,20.2,0.29,0.03,0.07,2.0,1001.0,有,有
880,2024,232.0,66.4,0.4,0.0,0.0,0.2,1.0,35.0,86.8,0.2,3.5,1.6,1.0,8.2,52.6,627.0,3.0,0.0,95.0,36.0,44.0,331.0,50.1,34.1,0.6,0.0,0.3,0.0,65.8,50.8,3.2,7.2,0.3,0.0,665.0,318.0,0.0,23.0,7.0,3.0,87.4,0.0,7.1,0.0,3.0,18.1,1.7,0.1,0.1,0.0,0,0.0,1.9,46.1,2.0,3.0,1.2,1.4,21.7,3.8,0.3,0.0,0.0,0,0.4,2.1,548.0,30.0,69.0,56.0,10.0,493.0,29.0,2.0,0.0,0.0,0,5.0,91.0,5.3,2.73,2.09,24.0,0.26,0.09,0.08,2.0,3.77,2.77,1.78,19.1,0.2,0.06,0.08,2.06,1001.0,有,有
881,2024,1002.0,74.8,0.4,2.9,9.6,2.1,1.0,51.7,51.3,0.0,0.9,1.9,2.0,5.7,51.9,471.0,3.0,25.0,0.0,5.0,60.0,440.0,60.6,11.7,3.3,0.0,0.2,5.3,42.4,57.4,1.6,5.4,0.4,7.3,460.0,386.0,0.0,88.0,3.0,65.0,57.4,0.3,1.9,4.6,2.6,29.1,0.0,0.4,0.0,0.7,0,0.0,5.3,51.6,0.1,5.1,0.4,2.3,18.8,1.4,0.2,0.1,5.7,0,0.0,0.0,625.0,44.0,85.0,18.0,18.0,215.0,9.0,3.0,0.0,13.0,0,2.0,0.0,5.41,2.73,2.03,22.2,0.29,0.07,0.11,2.4,5.69,2.89,2.2,21.5,0.18,0.01,0.06,1.23,1035.0,有,有
882,2024,922.0,67.1,0.0,3.4,0.0,0.0,0.0,43.5,50.6,0.0,0.0,4.9,0.0,2.9,40.9,462.0,3.0,61.0,17.0,5.0,28.0,361.0,55.9,56.2,0.7,0.0,0.3,0.4,58.4,45.4,2.5,0.9,0.2,0.0,322.0,353.0,18.0,0.0,0.0,67.0,40.5,4.0,5.5,3.5,1.9,24.4,0.0,0.2,0.3,3.9,0,0.1,7.9,49.1,1.4,5.3,8.3,0.9,27.9,0.0,0.1,0.0,4.1,0,0.3,2.3,760.0,23.0,57.0,10.0,9.0,311.0,39.0,0.0,6.0,77.0,0,0.0,0.0,5.21,2.67,2.01,21.0,0.45,0.08,0.09,2.0,4.06,2.3,1.36,24.9,0.27,0.09,0.07,1.94,1026.0,有,有
883,2024,1113.0,49.1,0.0,1.6,8.6,2.3,0.6,33.0,32.5,0.3,0.0,7.7,0.0,6.1,34.2,522.0,7.0,0.0,143.0,24.0,51.0,483.0,46.9,65.4,1.1,18.9,0.7,1.0,55.7,37.6,2.6,0.0,0.1,8.5,619.0,268.0,0.0,0.0,0.0,67.0,81.4,5.2,0.0,0.6,2.1,41.2,0.0,0.0,0.0,0.0,0,0.0,0.0,48.1,2.4,9.1,1.2,0.7,10.1,2.8,0.1,0.0,3.3,0,0.0,0.0,644.0,60.0,0.0,96.0,20.0,280.0,0.0,0.0,0.0,86.0,0,0.0,5.0,5.21,2.75,2.06,23.2,0.38,0.07,0.11,2.4,3.42,2.89,2.15,22.7,0.23,0.01,0.09,1.79,986.0,有,有
884,2024,384.0,75.2,0.0,15.9,1.1,1.0,0.3,36.7,55.6,0.0,0.0,6.9,0.0,0.3,57.9,448.0,1.0,0.0,69.0,10.0,70.0,556.0,73.6,57.7,1.3,1.1,0.0,10.3,63.5,56.5,1.3,0.0,0.0,1.0,521.0,353.0,17.0,25.0,1.0,0.0,37.2,2.4,3.2,0.0,0.1,33.0,0.6,0.6,0.1,0.0,0,0.0,4.5,47.5,5.2,1.1,2.2,0.3,35.5,2.0,0.5,0.0,1.3,0,0.1,0.0,723.0,1.0,65.0,53.0,7.0,318.0,0.0,3.0,1.0,0.0,0,4.0,33.0,5.3,2.71,2.08,22.6,0.43,0.11,0.08,1.7,5.45,2.89,1.47,22.0,0.22,0.06,0.05,1.64,1027.0,有,有
885,2024,947.0,84.0,0.3,0.0,4.9,0.4,0.0,40.9,65.4,0.0,7.7,0.0,0.0,4.6,46.6,745.0,7.0,0.0,63.0,19.0,0.0,411.0,20.8,44.8,0.1,2.2,0.0,0.0,71.1,38.4,3.0,0.0,0.0,0.0,712.0,558.0,2.0,102.0,0.0,56.0,68.7,2.0,8.4,3.4,4.0,28.3,0.3,0.0,0.2,2.7,0,0.0,5.4,70.8,0.0,4.5,0.0,0.6,23.2,0.0,0.1,0.0,0.0,0,0.0,3.9,737.0,65.0,70.0,9.0,0.0,315.0,0.0,0.0,1.0,7.0,0,0.0,75.0,5.21,2.68,2.03,23.5,0.25,0.11,0.09,2.3,3.68,2.89,2.18,24.1,0.2,0.06,0.08,1.67,997.0,有,有
886,2024,240.0,66.2,0.7,0.0,0.0,1.1,7.3,32.6,73.8,0.1,2.7,1.9,1.6,0.7,57.8,577.0,1.0,0.0,67.0,8.0,15.0,380.0,49.2,47.8,0.8,10.1,0.9,0.8,51.6,55.1,3.3,1.3,0.3,1.7,447.0,348.0,27.0,4.0,0.0,175.0,43.8,0.0,3.3,4.3,0.0,20.6,0.0,0.0,0.0,1.6,0,0.0,2.7,75.0,2.9,3.7,0.0,1.8,28.6,3.9,0.1,0.0,4.2,0,0.6,2.5,698.0,78.0,61.0,0.0,0.0,252.0,25.0,0.0,2.0,118.0,0,5.0,151.0,5.37,2.71,2.01,22.1,0.21,0.08,0.1,2.1,5.79,2.55,2.2,21.6,0.17,0.07,0.07,1.74,973.0,有,有
887,2024,713.0,57.7,0.4,0.0,2.8,1.4,0.0,46.6,81.4,0.0,0.0,3.8,4.3,1.0,53.0,866.0,5.0,131.0,38.0,0.0,4.0,159.0,56.5,31.1,0.6,5.1,0.1,4.3,21.9,18.0,4.0,21.2,0.2,0.4,555.0,537.0,0.0,0.0,0.0,53.0,57.8,3.2,7.0,2.6,3.5,22.1,1.8,0.0,0.0,14.9,0,0.2,0.0,64.8,0.0,1.9,3.7,0.3,29.0,1.2,0.2,0.0,0.0,0,0.2,3.9,866.0,63.0,0.0,0.0,0.0,391.0,33.0,0.0,0.0,0.0,0,0.0,88.0,5.35,2.75,2.0,22.5,0.23,0.07,0.1,2.1,5.34,2.03,2.2,15.6,0.11,0.08,0.07,0.91,1062.0,有,有
888,2024,1074.0,44.0,0.0,14.7,0.0,0.8,0.0,33.8,56.6,0.0,0.0,11.3,3.3,3.6,61.0,826.0,0.0,0.0,90.0,13.0,20.0,532.0,40.3,31.5,1.0,3.3,0.3,0.6,54.6,34.8,0.2,5.1,0.0,5.7,621.0,470.0,16.0,78.0,0.0,170.0,50.9,0.0,5.1,3.2,0.6,21.6,0.3,0.5,0.0,1.2,0,0.0,9.8,54.4,0.0,2.3,1.1,1.4,39.9,1.8,0.0,0.0,9.3,0,0.0,0.0,604.0,41.0,72.0,27.0,0.0,341.0,0.0,3.0,1.0,29.0,0,5.0,78.0,5.24,2.75,2.08,22.8,0.38,0.11,0.1,2.6,5.79,2.7,0.9,23.8,0.16,0.06,0.06,1.31,981.0,有,無
889,2024,632.0,61.5,0.0,15.0,0.0,1.6,1.4,25.3,52.9,0.2,9.2,11.2,1.9,6.4,24.9,403.0,3.0,56.0,85.0,16.0,31.0,288.0,30.9,41.7,0.8,0.0,0.0,0.0,68.0,36.1,1.5,14.7,0.5,15.8,772.0,355.0,20.0,0.0,5.0,0.0,65.6,3.9,6.4,3.8,0.9,32.4,0.0,0.0,0.2,6.8,0,0.4,4.8,56.8,4.9,7.2,4.5,0.0,35.3,1.5,0.1,0.1,10.2,0,0.2,7.7,566.0,41.0,24.0,0.0,29.0,264.0,45.0,2.0,0.0,0.0,0,4.0,4.0,5.25,2.75,1.97,21.8,0.42,0.07,0.11,1.6,5.79,2.57,2.2,24.9,0.22,0.09,0.09,1.0,1033.0,有,有
890,2024,504.0,54.3,0.3,8.4,4.6,0.9,4.5,37.1,46.0,0.0,5.8,0.0,1.9,3.7,41.9,392.0,0.0,20.0,0.0,28.0,29.0,262.0,50.2,19.7,0.9,0.0,0.4,13.4,24.2,45.0,1.7,9.3,0.1,1.1,829.0,385.0,24.0,114.0,0.0,73.0,43.3,7.8,8.0,0.0,0.0,13.8,0.0,0.0,0.0,11.8,0,0.2,4.4,49.6,0.0,0.3,4.9,0.0,30.2,0.7,0.0,0.1,7.3,0,0.0,1.8,641.0,0.0,72.0,20.0,40.0,368.0,48.0,6.0,1.0,0.0,0,2.0,0.0,5.52,2.74,2.09,24.8,0.22,0.07,0.1,2.5,3.79,2.83,0.66,21.2,0.18,0.07,0.08,1.82,1087.0,有,有
891,2024,1124.0,49.9,0.6,0.0,1.7,1.7,0.0,28.1,63.0,0.0,7.0,1.9,0.0,0.7,55.3,511.0,8.0,0.0,44.0,0.0,54.0,303.0,56.6,15.9,1.8,0.0,0.5,0.7,18.0,42.9,0.7,0.0,0.2,0.0,684.0,356.0,6.0,93.0,0.0,0.0,33.9,1.5,7.8,4.0,1.4,28.9,0.0,0.5,0.0,0.0,0,0.0,1.4,73.7,1.2,0.2,5.7,1.0,30.8,0.0,0.0,0.0,4.1,0,0.0,0.9,422.0,23.0,93.0,0.0,18.0,371.0,16.0,3.0,0.0,203.0,0,2.0,0.0,5.17,2.74,2.05,21.0,0.31,0.09,0.1,2.1,5.55,2.57,2.2,19.7,0.23,0.1,0.05,1.97,1110.0,有,有
892,2024,365.0,53.1,0.1,15.5,0.0,0.0,7.7,56.4,53.3,0.0,12.9,0.0,0.7,6.1,62.3,352.0,0.0,0.0,65.0,55.0,0.0,215.0,53.6,57.1,0.3,4.7,0.0,9.3,86.8,32.1,0.1,0.0,0.9,8.6,606.0,598.0,52.0,38.0,4.0,44.0,39.3,3.2,3.5,1.1,1.7,37.3,0.1,0.0,0.2,0.6,0,0.0,0.0,30.2,0.2,1.1,5.5,0.3,34.2,3.0,0.2,0.0,3.2,0,0.2,0.0,368.0,5.0,56.0,45.0,8.0,326.0,26.0,3.0,0.0,40.0,0,5.0,78.0,5.28,2.72,2.01,21.5,0.26,0.11,0.07,2.3,3.35,1.53,2.2,24.1,0.15,0.1,0.07,1.59,1029.0,有,有
893,2024,1092.0,64.1,0.0,2.5,0.0,0.4,0.0,28.2,40.8,0.1,3.3,2.4,1.8,6.5,47.2,328.0,0.0,0.0,9.0,19.0,62.0,461.0,71.2,19.7,1.8,0.0,0.0,2.4,65.3,29.8,0.0,0.0,0.0,0.0,586.0,507.0,0.0,0.0,2.0,42.0,78.8,10.0,3.2,0.0,0.5,29.6,0.0,0.0,0.0,5.0,0,0.6,5.6,40.6,0.1,6.1,0.0,2.6,27.6,0.6,0.0,0.0,0.0,0,0.1,0.0,467.0,40.0,81.0,10.0,31.0,213.0,0.0,2.0,1.0,16.0,0,2.0,32.0,5.27,2.76,1.98,22.8,0.23,0.08,0.09,1.8,5.1,2.89,2.2,18.5,0.17,0.08,0.06,1.72,1113.0,有,有
894,2024,394.0,72.2,0.0,0.0,3.5,0.4,4.1,20.3,42.7,0.4,13.3,2.1,0.0,7.2,40.9,779.0,0.0,0.0,143.0,0.0,124.0,381.0,78.7,43.2,0.0,3.6,0.0,3.4,63.4,39.2,1.9,3.2,0.0,0.0,460.0,449.0,33.0,0.0,3.0,179.0,41.5,10.3,8.8,6.7,3.6,25.9,0.6,0.3,0.0,0.0,0,0.8,1.2,57.9,2.6,0.6,0.0,0.0,38.0,0.0,0.0,0.0,0.0,0,0.2,1.4,558.0,66.0,68.0,77.0,13.0,281.0,0.0,7.0,0.0,83.0,0,3.0,0.0,5.24,2.7,1.99,21.9,0.39,0.09,0.09,1.7,5.79,2.05,2.13,24.9,0.14,0.01,0.09,0.91,1047.0,有,有
895,2024,870.0,70.9,0.1,0.0,9.4,0.7,5.4,34.1,81.1,0.0,0.0,3.0,0.0,2.3,24.2,743.0,0.0,0.0,64.0,22.0,47.0,287.0,61.5,23.3,0.2,0.0,0.0,2.2,50.3,38.9,2.8,0.6,0.8,2.2,641.0,467.0,0.0,0.0,0.0,24.0,66.5,3.6,3.8,3.2,0.7,28.9,0.6,0.2,0.2,12.0,0,0.0,6.0,51.0,1.3,0.6,5.5,3.7,37.4,0.0,0.3,0.2,9.0,0,0.0,1.3,547.0,23.0,49.0,13.0,17.0,329.0,2.0,0.0,2.0,150.0,0,5.0,57.0,5.17,2.73,2.0,23.5,0.4,0.07,0.08,2.0,5.79,2.89,2.04,24.9,0.17,0.09,0.07,1.27,1067.0,有,無
896,2024,794.0,61.1,0.0,0.0,2.1,0.2,8.3,17.0,54.2,0.0,0.0,13.3,1.1,1.8,47.1,348.0,0.0,0.0,0.0,0.0,33.0,397.0,58.5,32.6,1.4,0.0,0.0,16.7,42.2,38.3,1.5,12.0,0.0,0.0,652.0,216.0,0.0,0.0,1.0,152.0,63.6,0.0,1.0,0.0,2.5,24.1,0.1,0.1,0.0,1.8,0,0.1,5.1,74.3,6.3,2.6,2.8,2.0,34.2,0.0,0.3,0.0,0.1,0,0.3,3.3,251.0,89.0,77.0,38.0,13.0,362.0,4.0,2.0,2.0,0.0,0,0.0,77.0,5.25,2.76,2.1,23.8,0.21,0.08,0.1,2.2,4.88,2.89,1.49,21.1,0.27,0.08,0.09,0.69,1082.0,有,有
897,2024,423.0,55.5,0.0,0.0,4.5,0.0,0.2,28.3,67.5,0.0,8.2,0.9,2.1,3.7,41.6,460.0,0.0,52.0,41.0,9.0,28.0,280.0,59.6,47.8,2.7,0.0,0.0,14.2,45.5,49.7,2.4,2.3,0.0,7.1,465.0,563.0,0.0,0.0,1.0,59.0,62.3,7.7,3.9,6.7,3.5,16.4,1.0,0.4,0.0,1.4,0,0.0,10.3,54.8,9.0,0.0,2.1,2.4,48.0,0.7,0.2,0.0,0.0,0,0.6,0.0,459.0,0.0,78.0,6.0,24.0,342.0,0.0,3.0,4.0,40.0,0,1.0,69.0,5.27,2.69,1.99,24.6,0.19,0.08,0.06,2.0,3.67,1.53,2.2,23.7,0.28,0.07,0.08,1.9,1052.0,有,有
898,2024,723.0,63.6,0.6,0.0,7.5,0.5,3.2,4.9,41.1,0.0,2.1,0.0,1.4,4.3,29.0,418.0,3.0,0.0,22.0,21.0,46.0,368.0,41.8,52.9,2.0,0.0,0.0,3.8,60.0,62.8,0.0,0.0,0.2,6.6,462.0,335.0,49.0,83.0,6.0,0.0,28.4,11.0,9.5,1.3,0.2,33.1,0.0,0.1,0.1,5.5,0,0.2,0.0,55.1,0.4,0.0,0.0,2.8,43.5,1.8,0.2,0.2,2.0,0,0.0,5.3,637.0,32.0,15.0,39.0,12.0,404.0,6.0,2.0,1.0,0.0,0,6.0,2.0,5.43,2.72,2.04,18.8,0.28,0.1,0.07,2.4,4.3,2.44,2.2,11.1,0.12,0.07,0.07,1.45,1030.0,有,有
899,2024,514.0,61.5,0.2,0.0,10.6,0.0,0.0,34.1,46.3,0.0,7.3,6.9,0.0,0.6,25.0,653.0,0.0,74.0,0.0,0.0,33.0,435.0,52.5,29.8,3.3,0.0,0.1,0.0,50.3,41.5,2.6,6.4,0.3,0.6,601.0,519.0,0.0,0.0,3.0,140.0,50.3,2.9,5.1,1.1,1.1,22.2,1.7,0.4,0.1,1.9,0,0.0,13.2,56.3,3.2,4.9,3.8,2.0,34.1,2.8,0.4,0.2,0.0,0,0.4,3.0,414.0,77.0,14.0,85.0,0.0,439.0,25.0,0.0,3.0,0.0,0,0.0,41.0,4.96,2.74,2.11,21.4,0.19,0.08,0.07,1.6,5.79,2.89,1.19,24.9,0.2,0.07,0.1,1.18,1122.0,有,有
900,2024,991.0,54.2,0.5,0.0,1.6,0.5,1.7,25.2,64.3,0.0,1.4,0.0,1.0,3.8,39.2,578.0,0.0,126.0,91.0,0.0,51.0,274.0,50.2,48.5,0.7,1.6,0.2,7.8,84.5,41.9,0.0,4.4,0.6,2.8,548.0,493.0,0.0,11.0,5.0,84.0,60.1,0.0,6.3,3.0,0.4,26.5,1.1,0.0,0.0,0.0,0,0.2,0.0,63.5,4.6,6.1,4.7,2.1,33.8,0.2,0.0,0.2,0.0,0,0.0,6.3,475.0,73.0,6.0,46.0,23.0,231.0,0.0,4.0,0.0,0.0,0,1.0,38.0,5.19,2.73,1.99,21.9,0.19,0.1,0.1,2.1,5.79,2.89,1.47,20.4,0.23,0.08,0.05,1.95,992.0,有,有
901,2024,247.0,86.2,0.0,6.4,5.2,0.1,0.3,10.7,47.3,0.4,3.6,6.1,0.7,0.0,41.4,438.0,3.0,0.0,91.0,20.0,0.0,603.0,31.8,28.3,0.3,13.4,0.0,6.5,51.3,61.9,0.0,10.8,0.0,0.0,449.0,445.0,31.0,65.0,0.0,0.0,73.6,2.9,8.6,7.4,0.3,21.1,0.7,0.4,0.1,0.0,0,0.2,8.5,24.9,0.0,2.7,3.0,0.0,32.8,1.2,0.0,0.1,0.7,0,0.5,0.0,659.0,64.0,3.0,0.0,18.0,239.0,0.0,3.0,0.0,73.0,0,0.0,0.0,5.15,2.68,1.95,20.9,0.3,0.09,0.1,2.1,4.42,2.38,2.2,24.6,0.24,0.06,0.05,1.78,1135.0,有,有
902,2024,172.0,51.6,0.1,0.0,1.2,0.3,4.7,35.6,50.7,0.7,4.5,0.0,0.7,2.5,18.2,160.0,2.0,0.0,67.0,31.0,63.0,400.0,62.2,47.6,0.2,2.5,0.0,0.0,40.5,40.8,0.0,0.0,0.4,13.8,697.0,511.0,44.0,62.0,6.0,31.0,23.4,4.2,6.5,0.0,0.3,29.4,0.3,0.6,0.0,18.9,0,0.1,4.7,49.0,5.0,0.0,0.1,1.3,26.8,2.8,0.1,0.0,3.2,0,0.8,0.0,466.0,53.0,58.0,81.0,1.0,165.0,5.0,3.0,0.0,0.0,0,2.0,70.0,5.46,2.7,2.02,21.8,0.19,0.09,0.07,2.2,5.18,1.87,2.2,14.5,0.2,0.09,0.08,0.83,1016.0,有,有
903,2024,455.0,74.2,0.6,0.0,5.0,1.1,4.0,28.8,61.3,0.0,4.4,0.5,2.5,0.0,24.9,623.0,3.0,38.0,0.0,0.0,51.0,292.0,43.0,33.8,1.6,1.3,0.3,13.4,33.3,21.7,0.0,15.2,0.2,9.4,686.0,494.0,7.0,2.0,0.0,114.0,81.9,6.9,4.2,0.0,0.1,26.9,3.1,0.6,0.0,3.4,0,0.1,0.0,79.3,6.1,6.8,1.6,2.7,18.8,2.4,0.0,0.0,0.9,0,0.0,0.0,856.0,6.0,21.0,49.0,34.0,262.0,15.0,1.0,0.0,104.0,0,6.0,0.0,5.19,2.77,2.09,22.3,0.39,0.09,0.09,2.0,5.79,2.57,0.8,19.7,0.28,0.07,0.06,1.63,1050.0,有,有
904,2024,1011.0,48.3,0.4,12.6,4.6,0.0,3.3,29.0,61.3,0.2,8.3,9.6,1.7,1.1,35.4,713.0,3.0,32.0,5.0,27.0,55.0,333.0,62.3,22.7,0.1,0.0,0.1,0.0,43.8,21.8,3.3,0.0,0.7,8.7,384.0,195.0,14.0,30.0,0.0,0.0,40.2,0.0,8.2,1.7,0.0,30.4,0.4,0.2,0.0,0.0,0,0.1,11.3,56.7,0.0,3.4,5.8,1.6,26.9,1.2,0.4,0.2,0.0,0,0.2,9.0,638.0,29.0,34.0,38.0,0.0,295.0,3.0,6.0,2.0,0.0,0,2.0,13.0,5.14,2.71,2.02,19.9,0.34,0.09,0.08,2.8,5.79,2.81,1.85,24.9,0.2,0.07,0.07,1.2,1128.0,有,有
905,2024,138.0,50.6,0.2,2.5,0.0,1.6,7.6,46.1,40.5,0.3,1.3,10.5,0.0,7.7,29.6,639.0,0.0,209.0,0.0,14.0,20.0,394.0,60.9,5.4,2.0,7.2,0.0,6.4,38.6,21.9,0.0,0.0,0.5,5.8,432.0,461.0,27.0,0.0,3.0,0.0,53.4,2.2,0.0,7.5,0.6,48.5,0.4,0.2,0.1,0.0,0,0.0,1.2,67.7,4.7,3.8,1.9,2.1,30.3,0.3,0.0,0.2,7.9,0,0.1,0.0,311.0,32.0,6.0,0.0,27.0,405.0,27.0,2.0,0.0,0.0,0,0.0,5.0,5.27,2.75,2.06,24.1,0.44,0.08,0.1,2.1,2.18,2.89,0.9,21.5,0.25,0.08,0.07,1.8,1123.0,有,有
906,2024,1016.0,78.6,0.1,6.3,5.3,0.1,5.0,28.0,47.2,0.5,9.3,9.7,0.2,8.5,41.9,714.0,0.0,0.0,13.0,24.0,58.0,313.0,39.1,39.4,1.1,5.2,0.1,0.0,49.6,56.2,0.1,13.7,0.2,0.0,593.0,554.0,15.0,74.0,4.0,36.0,29.6,5.2,4.8,0.0,0.7,25.1,2.6,0.2,0.0,6.9,0,0.3,8.3,73.6,2.1,4.4,7.2,4.1,32.4,0.6,0.2,0.0,1.6,0,0.0,5.1,733.0,34.0,62.0,59.0,0.0,53.0,11.0,6.0,1.0,0.0,0,0.0,0.0,5.06,2.71,2.04,22.4,0.33,0.09,0.1,2.1,2.45,2.35,2.09,15.2,0.13,0.06,0.05,1.86,988.0,有,有
907,2024,543.0,47.0,0.4,4.5,1.7,1.2,2.7,49.2,70.8,0.4,0.0,4.1,0.0,0.0,36.2,580.0,1.0,121.0,48.0,6.0,93.0,420.0,51.8,28.0,0.4,1.1,0.0,0.5,44.6,28.4,0.6,1.6,0.0,0.0,621.0,272.0,8.0,136.0,0.0,18.0,79.2,1.4,6.6,3.0,0.9,17.5,2.7,0.3,0.0,7.4,0,0.2,6.2,53.5,1.4,5.9,5.9,0.0,20.8,0.0,0.0,0.3,0.0,0,0.0,0.0,547.0,30.0,87.0,32.0,22.0,244.0,1.0,4.0,1.0,205.0,0,0.0,0.0,5.2,2.73,2.07,24.3,0.39,0.08,0.08,1.8,5.0,1.9,1.87,12.4,0.21,0.07,0.06,2.12,987.0,有,有
908,2024,630.0,67.6,0.0,2.8,0.0,0.2,0.0,43.5,54.0,0.1,0.0,0.0,3.2,1.2,52.4,719.0,6.0,0.0,0.0,17.0,43.0,422.0,48.9,44.7,1.9,0.0,0.0,3.4,51.8,47.0,0.7,6.5,0.0,1.5,627.0,239.0,21.0,0.0,3.0,47.0,65.5,0.5,2.0,4.2,0.4,24.1,0.0,0.4,0.0,0.0,0,0.0,2.8,54.6,0.8,2.2,0.4,0.0,46.8,1.3,0.0,0.1,0.0,0,0.1,3.2,360.0,52.0,89.0,0.0,32.0,223.0,51.0,5.0,0.0,37.0,0,4.0,42.0,5.24,2.75,2.07,21.9,0.19,0.08,0.1,1.8,4.76,2.3,1.31,20.0,0.15,0.08,0.08,1.91,1009.0,有,有
909,2024,185.0,55.0,0.4,0.0,0.0,2.4,3.0,9.6,64.4,0.3,0.0,7.8,2.9,2.9,44.6,711.0,4.0,4.0,82.0,13.0,37.0,414.0,73.3,40.8,0.3,0.0,0.8,0.3,85.1,30.4,1.3,15.0,0.4,0.0,526.0,404.0,38.0,0.0,3.0,0.0,55.3,2.6,6.3,0.0,1.9,19.3,2.2,0.4,0.0,6.7,0,0.4,3.9,63.2,2.9,5.7,4.0,1.4,26.5,0.0,0.0,0.3,4.1,0,0.7,1.4,536.0,18.0,0.0,0.0,2.0,415.0,3.0,0.0,0.0,37.0,0,1.0,0.0,5.54,2.68,2.02,22.9,0.27,0.08,0.1,2.1,4.02,2.22,2.2,24.9,0.23,0.08,0.07,1.17,1055.0,有,有
910,2024,339.0,73.1,0.3,0.0,8.6,1.0,0.7,39.0,50.8,0.1,5.5,0.5,2.8,5.3,43.1,422.0,7.0,0.0,49.0,16.0,58.0,315.0,57.8,20.2,0.8,0.0,0.0,5.1,29.5,32.1,2.7,0.0,0.1,6.4,519.0,541.0,5.0,0.0,3.0,86.0,79.4,2.4,6.9,1.6,0.0,28.2,0.6,0.0,0.1,0.0,0,0.2,0.0,61.6,0.4,5.5,2.6,0.0,26.1,1.8,0.0,0.1,3.6,0,0.1,4.2,385.0,24.0,13.0,39.0,0.0,236.0,31.0,0.0,1.0,55.0,0,5.0,17.0,5.35,2.69,2.05,23.5,0.45,0.08,0.07,2.2,4.59,1.79,2.2,23.7,0.22,0.08,0.09,1.18,1090.0,有,有
911,2024,898.0,80.1,0.2,11.9,0.0,2.2,3.5,34.6,82.4,0.0,9.9,0.0,0.8,2.6,42.1,703.0,0.0,17.0,0.0,23.0,40.0,291.0,52.3,44.6,3.0,0.0,0.3,8.9,58.9,29.0,0.0,0.0,0.8,13.3,488.0,387.0,9.0,17.0,1.0,0.0,45.5,3.7,4.6,0.6,0.0,29.6,2.2,0.0,0.0,4.2,0,0.0,7.5,58.2,1.9,4.3,5.2,0.0,34.4,1.2,0.2,0.2,13.3,0,0.4,1.5,667.0,5.0,73.0,43.0,0.0,246.0,11.0,2.0,0.0,0.0,0,2.0,55.0,5.28,2.74,2.04,19.8,0.23,0.1,0.09,2.2,5.79,2.89,1.96,14.3,0.16,0.05,0.08,1.45,1068.0,有,有
912,2024,975.0,33.8,0.5,15.0,5.3,1.8,7.4,13.1,50.5,0.1,0.0,6.9,2.1,1.5,29.3,505.0,3.0,150.0,67.0,4.0,48.0,541.0,60.1,35.5,0.0,11.4,0.4,0.0,84.3,30.3,0.0,0.0,0.1,11.4,369.0,328.0,0.0,0.0,0.0,130.0,78.8,2.9,5.8,3.0,0.1,21.5,0.2,0.2,0.0,5.1,0,0.2,0.0,49.2,4.3,2.1,1.1,2.6,23.4,0.0,0.0,0.1,8.3,0,0.1,0.4,605.0,28.0,45.0,22.0,20.0,387.0,13.0,0.0,0.0,48.0,0,3.0,55.0,5.18,2.78,2.02,21.7,0.26,0.1,0.08,2.0,5.72,2.46,2.2,24.4,0.15,0.07,0.08,2.15,1036.0,有,有
913,2024,524.0,63.5,0.0,0.0,12.2,0.0,3.0,39.5,64.1,0.1,0.0,4.2,0.8,9.4,45.0,520.0,2.0,137.0,0.0,0.0,24.0,477.0,59.5,16.1,2.2,0.0,0.4,1.6,50.4,64.9,0.1,5.7,0.1,0.0,413.0,345.0,18.0,0.0,0.0,65.0,71.4,2.5,9.4,3.6,4.0,18.8,1.2,0.3,0.0,4.9,0,0.3,1.8,14.8,3.2,7.1,0.0,0.5,26.9,0.0,0.4,0.0,12.9,0,0.1,0.3,700.0,26.0,85.0,54.0,19.0,272.0,0.0,1.0,0.0,0.0,0,3.0,170.0,5.09,2.73,2.03,23.8,0.32,0.11,0.08,1.9,3.43,2.59,1.54,22.4,0.2,0.07,0.07,1.09,945.0,有,有
914,2024,644.0,69.1,0.0,5.8,10.1,1.9,4.6,29.3,29.7,0.1,11.5,4.7,0.5,2.3,44.2,589.0,2.0,79.0,87.0,25.0,0.0,276.0,59.9,27.5,1.6,0.0,0.0,1.0,49.5,32.7,2.0,5.7,0.0,0.6,540.0,285.0,39.0,19.0,2.0,0.0,55.2,4.1,3.6,3.6,0.9,37.7,1.7,0.0,0.2,0.0,0,0.5,0.9,56.3,0.3,0.7,1.0,0.4,29.9,1.2,0.0,0.0,0.0,0,0.6,2.3,263.0,51.0,1.0,39.0,15.0,302.0,8.0,1.0,2.0,0.0,0,5.0,0.0,5.14,2.76,2.03,23.9,0.24,0.08,0.1,2.6,5.79,2.29,1.63,21.5,0.12,0.08,0.06,1.02,1083.0,有,有
915,2024,391.0,67.9,0.3,0.0,13.0,2.6,3.7,22.8,46.2,0.0,1.4,2.6,0.3,5.8,40.4,759.0,4.0,0.0,51.0,12.0,0.0,583.0,79.0,16.2,1.2,0.6,0.1,9.2,57.2,32.7,0.0,0.0,0.7,0.0,469.0,591.0,0.0,0.0,1.0,32.0,40.8,2.9,3.3,0.0,1.1,33.9,0.0,0.3,0.0,0.0,0,0.3,0.0,53.3,4.3,11.7,0.0,0.0,31.1,0.0,0.2,0.0,0.5,0,0.4,0.0,525.0,86.0,64.0,81.0,18.0,321.0,27.0,1.0,0.0,0.0,0,1.0,0.0,5.22,2.75,1.99,20.9,0.35,0.1,0.12,2.3,4.93,1.7,1.87,20.5,0.21,0.03,0.07,1.65,1059.0,有,有
916,2024,951.0,59.1,0.4,0.0,5.7,1.1,5.9,40.6,69.9,0.5,12.9,2.6,1.3,0.0,26.0,363.0,4.0,0.0,0.0,17.0,17.0,330.0,85.4,37.0,0.0,3.6,0.2,0.0,86.8,36.6,0.8,0.0,0.7,0.0,361.0,548.0,0.0,76.0,0.0,97.0,43.1,6.5,3.3,3.4,1.3,28.6,0.2,0.1,0.0,1.9,0,0.5,0.0,57.9,4.3,3.4,0.5,0.9,22.1,3.2,0.0,0.0,3.9,0,0.2,3.9,619.0,8.0,0.0,0.0,30.0,103.0,2.0,2.0,0.0,14.0,0,6.0,0.0,5.29,2.68,2.02,23.2,0.38,0.09,0.09,1.9,2.68,2.3,1.66,18.2,0.27,0.07,0.03,1.79,1113.0,有,有
917,2024,107.0,43.7,0.1,5.8,3.4,0.3,4.8,35.5,61.0,0.4,0.0,0.0,2.0,10.3,44.2,419.0,1.0,0.0,58.0,16.0,118.0,278.0,32.0,42.3,0.0,1.6,0.5,6.4,66.6,16.5,3.0,14.8,0.0,6.0,559.0,421.0,6.0,25.0,5.0,62.0,75.5,0.0,8.5,3.3,1.5,21.1,0.0,0.8,0.0,1.1,0,0.2,10.7,34.8,1.6,1.3,5.1,2.3,35.8,1.8,0.0,0.0,1.5,0,0.1,2.8,866.0,30.0,0.0,0.0,27.0,359.0,2.0,0.0,0.0,0.0,0,0.0,0.0,5.28,2.74,2.05,24.0,0.29,0.08,0.1,2.6,5.57,2.8,0.63,18.1,0.27,0.11,0.08,0.87,1142.0,有,有
918,2024,266.0,61.0,0.0,7.7,0.0,0.6,0.0,53.0,33.7,0.4,0.0,0.2,2.0,0.0,17.7,721.0,5.0,77.0,26.0,0.0,47.0,107.0,84.2,35.2,1.9,0.0,0.0,8.6,63.0,27.2,0.0,6.1,0.0,5.2,402.0,575.0,12.0,41.0,0.0,65.0,86.1,1.3,9.8,0.3,0.6,38.1,0.6,0.3,0.0,0.0,0,0.0,0.0,57.0,8.3,10.6,0.0,0.0,42.9,3.6,0.5,0.2,0.0,0,0.2,3.1,503.0,114.0,52.0,29.0,0.0,279.0,39.0,2.0,0.0,34.0,0,0.0,0.0,5.28,2.74,2.06,22.0,0.33,0.06,0.09,2.3,5.02,2.23,2.15,15.1,0.24,0.08,0.03,2.14,1022.0,有,有
919,2024,608.0,59.0,0.2,0.0,0.0,1.8,8.8,26.6,52.8,0.0,4.6,7.5,2.5,13.9,33.2,495.0,0.0,59.0,7.0,20.0,93.0,283.0,47.3,55.7,0.1,2.2,0.0,0.0,55.0,60.4,0.0,0.0,0.3,1.2,847.0,511.0,21.0,139.0,1.0,101.0,60.4,2.9,7.7,5.3,1.4,20.6,0.0,0.4,0.1,0.0,0,0.0,4.1,69.3,1.4,6.4,2.0,3.9,37.9,0.0,0.3,0.0,15.2,0,0.1,13.9,668.0,26.0,60.0,0.0,0.0,104.0,13.0,0.0,3.0,67.0,0,0.0,94.0,5.21,2.73,2.02,23.9,0.31,0.08,0.08,1.9,5.79,2.14,2.06,13.3,0.23,0.07,0.06,2.0,1129.0,有,有
920,2024,334.0,61.8,0.0,4.2,9.2,2.7,2.0,47.9,29.1,0.0,0.0,9.7,0.1,2.5,44.6,736.0,0.0,0.0,78.0,16.0,17.0,369.0,48.8,32.2,0.0,8.4,0.3,0.0,43.3,50.1,0.6,0.0,0.3,2.0,683.0,545.0,36.0,103.0,0.0,0.0,60.4,5.3,1.5,5.5,2.7,28.0,1.2,0.4,0.0,0.0,0,0.1,3.4,51.0,1.8,6.0,5.0,1.7,35.5,0.0,0.1,0.0,6.9,0,0.8,10.5,558.0,34.0,47.0,3.0,27.0,287.0,14.0,2.0,0.0,89.0,0,0.0,71.0,5.28,2.68,2.03,23.4,0.36,0.08,0.07,1.9,5.13,2.89,2.2,15.2,0.16,0.05,0.11,1.8,1071.0,有,無
921,2024,10.0,65.2,0.2,0.0,4.6,2.4,0.1,24.2,46.1,0.2,5.2,2.0,0.0,0.3,22.2,550.0,0.0,44.0,75.0,12.0,55.0,310.0,52.1,25.5,1.2,0.7,0.0,0.0,67.4,50.4,3.1,0.6,0.4,3.0,488.0,320.0,50.0,0.0,3.0,69.0,39.9,7.6,0.4,4.6,0.4,31.0,0.2,0.1,0.0,0.0,0,0.0,2.6,82.2,4.9,7.0,4.0,2.6,15.3,0.8,0.3,0.0,5.2,0,0.0,0.0,537.0,34.0,72.0,18.0,16.0,396.0,9.0,0.0,0.0,6.0,0,0.0,50.0,5.33,2.73,2.04,21.1,0.19,0.07,0.08,2.0,5.79,2.4,1.61,17.5,0.2,0.07,0.07,1.27,1176.0,有,有
922,2024,927.0,56.2,0.0,12.5,3.4,1.2,4.5,37.6,80.2,0.4,0.0,6.6,1.3,1.0,30.5,603.0,4.0,0.0,0.0,22.0,27.0,332.0,45.1,27.1,1.3,1.6,0.2,8.9,59.9,29.0,3.2,0.0,0.2,2.1,627.0,392.0,0.0,108.0,3.0,168.0,61.7,1.0,5.4,3.4,1.3,17.0,0.0,0.2,0.1,6.4,0,0.1,0.0,48.8,1.3,2.8,0.0,1.1,12.0,0.0,0.4,0.0,0.0,0,0.1,0.0,445.0,71.0,58.0,0.0,0.0,230.0,3.0,0.0,0.0,20.0,0,3.0,121.0,5.08,2.75,2.0,20.2,0.35,0.09,0.09,2.2,4.78,1.7,2.16,18.6,0.12,0.03,0.08,1.42,1029.0,有,有
923,2024,703.0,72.9,0.3,0.0,0.0,3.7,2.8,31.9,80.2,0.7,2.3,5.4,1.0,0.0,40.2,198.0,2.0,10.0,0.0,13.0,101.0,390.0,34.2,14.7,1.3,0.0,0.0,0.0,56.0,29.5,1.1,11.2,0.0,11.0,550.0,561.0,22.0,126.0,3.0,48.0,60.1,1.8,0.0,1.3,2.3,28.7,3.1,0.3,0.0,4.3,0,0.4,6.1,53.2,0.0,1.9,5.1,1.1,23.1,1.9,0.4,0.0,0.0,0,0.2,0.0,631.0,75.0,44.0,40.0,22.0,274.0,21.0,1.0,0.0,27.0,0,4.0,42.0,5.2,2.83,2.07,23.5,0.36,0.08,0.1,2.3,5.13,2.75,2.2,24.9,0.26,0.07,0.05,1.48,1087.0,有,有
924,2024,935.0,46.2,0.6,0.3,5.9,0.0,4.7,26.2,72.2,0.3,0.0,8.9,2.3,4.6,48.2,406.0,0.0,21.0,0.0,1.0,0.0,489.0,54.1,38.4,1.4,0.0,0.0,8.9,53.3,61.7,4.9,9.4,0.0,4.8,565.0,521.0,34.0,133.0,4.0,75.0,74.8,2.6,5.6,2.9,0.5,29.7,2.0,0.0,0.0,1.3,0,0.1,11.6,83.6,6.3,7.3,1.0,0.0,15.7,0.0,0.2,0.0,0.0,0,0.7,1.1,666.0,21.0,50.0,61.0,2.0,376.0,32.0,2.0,1.0,56.0,0,0.0,0.0,5.29,2.71,2.03,23.6,0.3,0.09,0.07,2.0,4.52,1.96,1.85,20.3,0.2,0.05,0.05,1.44,1010.0,有,有
925,2024,328.0,68.4,0.5,1.9,0.0,0.8,0.1,38.1,45.4,0.0,6.9,2.3,1.1,3.7,61.4,528.0,1.0,0.0,9.0,24.0,56.0,172.0,35.1,9.3,0.0,0.0,0.0,13.8,62.4,45.7,0.1,0.0,0.1,3.0,497.0,353.0,16.0,0.0,0.0,0.0,40.0,3.2,6.3,0.0,1.3,14.7,0.0,0.6,0.1,11.5,0,0.3,1.4,49.9,0.5,2.6,5.8,0.0,20.4,3.4,0.1,0.2,0.0,0,0.0,2.7,763.0,0.0,7.0,12.0,0.0,297.0,5.0,3.0,0.0,0.0,0,6.0,0.0,5.21,2.75,2.12,22.3,0.27,0.11,0.1,2.5,5.79,2.23,2.2,24.9,0.09,0.08,0.05,0.93,1131.0,有,有
926,2024,248.0,63.2,0.0,5.1,7.7,0.4,4.2,39.1,52.3,0.3,0.0,0.9,1.3,7.0,17.9,277.0,2.0,0.0,170.0,14.0,34.0,213.0,65.7,24.3,1.4,1.3,0.6,3.9,38.8,36.7,2.0,2.3,0.0,3.0,787.0,273.0,0.0,0.0,1.0,83.0,65.4,0.5,3.9,2.3,0.0,42.6,0.0,0.5,0.0,0.0,0,0.0,0.3,55.5,5.0,3.1,8.3,1.7,22.9,0.0,0.0,0.1,0.0,0,0.4,2.2,581.0,64.0,0.0,48.0,0.0,332.0,34.0,6.0,0.0,74.0,0,0.0,68.0,5.39,2.69,2.03,23.5,0.41,0.08,0.08,2.4,4.9,2.6,2.2,24.9,0.18,0.09,0.09,1.76,1136.0,有,有
927,2024,855.0,54.2,0.4,9.4,9.2,1.4,5.9,40.0,38.9,0.0,0.0,0.0,3.7,4.7,38.7,404.0,1.0,6.0,0.0,25.0,65.0,485.0,63.1,45.0,0.0,2.6,0.0,0.0,31.8,25.5,0.0,1.7,0.0,0.6,502.0,327.0,63.0,166.0,2.0,8.0,78.9,1.1,5.1,6.7,0.3,15.0,1.0,0.0,0.0,0.1,0,0.5,6.2,58.6,4.2,3.4,9.8,0.9,33.0,0.0,0.0,0.0,3.8,0,0.4,4.5,653.0,21.0,64.0,13.0,0.0,163.0,3.0,7.0,0.0,0.0,0,0.0,0.0,5.55,2.7,2.12,22.6,0.24,0.08,0.08,2.1,4.56,2.89,2.2,24.7,0.2,0.05,0.07,1.47,1013.0,有,有
928,2024,360.0,23.0,0.0,0.8,1.7,0.0,0.0,26.5,74.9,0.0,11.6,6.8,1.1,0.0,35.3,823.0,10.0,102.0,131.0,0.0,63.0,339.0,45.7,43.6,2.1,8.9,0.2,8.4,56.7,37.1,2.6,9.2,0.2,9.4,730.0,455.0,11.0,172.0,5.0,0.0,61.9,0.0,5.2,3.8,4.2,31.2,0.0,0.2,0.0,0.0,0,0.0,0.0,56.7,0.0,0.0,3.9,3.6,41.9,0.0,0.0,0.2,5.6,0,0.0,3.3,663.0,33.0,6.0,5.0,23.0,320.0,0.0,0.0,0.0,53.0,0,8.0,0.0,5.38,2.74,2.06,23.2,0.34,0.09,0.1,1.9,5.79,2.68,1.99,22.9,0.28,0.11,0.05,2.07,1008.0,有,有
929,2024,118.0,48.1,0.0,8.7,1.2,1.0,4.0,40.0,60.6,0.0,7.0,5.6,0.0,0.6,42.3,507.0,3.0,220.0,32.0,30.0,39.0,334.0,68.6,28.6,0.0,0.1,0.4,0.2,58.3,38.8,0.0,0.0,0.6,0.0,619.0,461.0,4.0,58.0,0.0,0.0,61.8,6.5,2.3,1.2,3.4,32.0,0.0,0.2,0.0,0.0,0,0.5,0.0,71.6,2.7,0.3,3.7,0.0,23.6,1.2,0.0,0.3,9.2,0,0.6,0.0,412.0,47.0,53.0,41.0,29.0,230.0,30.0,0.0,0.0,0.0,0,6.0,27.0,5.27,2.75,1.99,22.8,0.41,0.08,0.09,2.4,5.26,2.25,1.89,16.7,0.27,0.04,0.1,1.35,1017.0,有,有
930,2024,227.0,43.3,0.3,1.1,0.0,0.0,8.9,24.4,64.0,0.4,0.0,3.8,0.0,0.5,46.8,704.0,2.0,10.0,84.0,0.0,23.0,372.0,49.9,11.6,2.4,0.0,0.0,0.0,68.9,27.6,0.0,1.2,0.0,1.8,718.0,430.0,8.0,83.0,0.0,82.0,44.9,0.0,0.0,2.2,0.4,28.9,1.2,0.5,0.1,0.0,0,0.3,12.9,65.5,3.2,7.5,3.0,1.6,23.9,0.0,0.5,0.2,13.7,0,0.0,3.6,340.0,0.0,14.0,11.0,7.0,447.0,0.0,0.0,0.0,118.0,0,1.0,32.0,5.4,2.69,2.09,20.4,0.37,0.09,0.08,2.3,4.57,2.89,1.46,18.7,0.21,0.06,0.03,1.23,1028.0,有,有
931,2024,828.0,52.8,0.0,2.3,5.2,1.5,3.2,33.6,64.2,0.0,1.0,1.4,0.0,6.2,6.3,692.0,0.0,42.0,0.0,0.0,0.0,434.0,75.6,24.8,0.0,4.4,0.4,17.6,48.1,31.0,2.5,1.3,0.1,0.0,519.0,317.0,0.0,22.0,0.0,0.0,81.8,2.0,0.1,7.8,2.3,27.6,2.0,0.0,0.2,0.0,0,0.2,0.0,44.4,0.4,0.0,0.0,0.2,33.0,0.0,0.0,0.3,3.4,0,0.0,1.7,500.0,34.0,46.0,12.0,4.0,357.0,0.0,1.0,0.0,71.0,0,0.0,58.0,5.25,2.77,2.02,21.9,0.19,0.08,0.07,1.9,5.15,2.37,1.47,23.4,0.19,0.09,0.09,1.53,1077.0,有,有
932,2024,782.0,46.9,0.2,0.5,3.5,2.2,5.2,39.4,79.1,0.4,2.2,5.9,5.0,6.8,39.6,377.0,4.0,38.0,84.0,8.0,67.0,358.0,51.0,34.8,0.0,0.0,0.3,0.3,56.1,52.2,0.9,0.0,0.0,7.5,820.0,337.0,1.0,114.0,2.0,0.0,76.6,2.5,8.5,5.4,1.3,30.0,0.8,0.2,0.1,0.0,0,0.0,0.0,53.8,2.8,1.5,4.5,1.5,18.6,3.3,0.0,0.1,0.1,0,0.0,7.4,476.0,21.0,13.0,64.0,2.0,153.0,3.0,5.0,1.0,81.0,0,0.0,105.0,5.35,2.8,2.02,22.8,0.31,0.08,0.11,2.0,5.19,2.89,1.31,22.4,0.2,0.11,0.02,0.98,1022.0,有,有
933,2024,224.0,66.1,0.0,2.1,8.4,0.0,5.5,29.2,45.2,0.0,10.4,0.0,0.0,0.9,41.2,637.0,0.0,0.0,0.0,0.0,31.0,583.0,57.9,26.8,1.2,4.5,0.0,5.7,25.6,32.2,0.0,11.4,0.2,0.8,461.0,462.0,36.0,93.0,0.0,0.0,49.1,6.0,0.0,3.3,0.4,24.2,1.8,0.0,0.1,0.0,0,0.0,3.7,63.4,2.6,1.9,2.9,0.5,27.7,0.0,0.0,0.0,0.0,0,0.3,1.6,587.0,7.0,0.0,63.0,5.0,392.0,3.0,2.0,0.0,95.0,0,0.0,95.0,5.42,2.72,2.01,22.1,0.22,0.1,0.09,2.6,5.79,2.89,1.67,16.4,0.16,0.09,0.07,1.4,1068.0,有,有
934,2024,429.0,66.5,0.0,0.0,6.5,2.0,7.1,53.7,79.2,0.0,6.4,10.1,0.0,4.0,60.9,798.0,2.0,161.0,54.0,0.0,13.0,437.0,54.4,57.4,1.8,8.5,0.3,6.9,62.9,31.2,2.6,3.0,0.5,2.0,684.0,394.0,29.0,157.0,1.0,0.0,63.5,4.1,5.7,3.5,0.9,27.1,0.0,0.7,0.0,0.0,0,0.3,14.8,75.3,6.3,8.4,3.0,1.1,40.3,0.0,0.0,0.1,9.0,0,0.5,3.5,520.0,18.0,18.0,0.0,12.0,358.0,0.0,0.0,0.0,0.0,0,1.0,23.0,5.3,2.73,2.08,21.9,0.29,0.09,0.09,2.2,4.39,2.89,2.2,21.8,0.21,0.07,0.08,1.33,1071.0,有,有
935,2024,897.0,43.2,0.2,0.0,0.0,0.5,2.0,44.7,80.0,0.0,4.7,3.1,0.5,1.4,18.0,507.0,0.0,83.0,50.0,36.0,59.0,640.0,53.3,59.7,0.4,0.0,0.0,0.0,51.4,38.5,0.9,10.8,0.2,6.3,506.0,507.0,0.0,35.0,0.0,69.0,54.9,4.1,4.3,0.0,0.0,17.7,2.2,0.2,0.0,10.8,0,0.0,7.6,29.4,0.0,3.9,2.7,0.0,23.6,0.9,0.6,0.0,9.2,0,0.1,10.9,428.0,0.0,70.0,0.0,12.0,378.0,15.0,1.0,0.0,4.0,0,4.0,0.0,5.51,2.68,2.07,23.8,0.19,0.09,0.09,2.4,4.87,1.41,1.85,24.9,0.24,0.08,0.06,1.42,992.0,有,有
936,2024,114.0,81.6,0.2,7.1,11.2,1.4,4.2,21.2,35.6,0.3,0.0,14.6,0.0,5.6,65.7,790.0,1.0,109.0,0.0,17.0,39.0,313.0,32.6,39.1,0.8,7.9,0.2,3.0,66.1,62.1,0.0,0.9,0.0,8.9,547.0,530.0,35.0,0.0,4.0,0.0,50.6,3.2,1.4,1.7,2.5,27.7,0.0,0.0,0.0,10.4,0,0.4,12.9,42.4,5.4,7.0,5.0,0.0,22.0,2.7,0.1,0.0,0.0,0,0.4,0.0,474.0,35.0,19.0,6.0,7.0,408.0,0.0,1.0,2.0,65.0,0,0.0,0.0,5.25,2.75,2.07,21.5,0.28,0.07,0.07,2.0,5.79,2.89,2.2,12.1,0.19,0.08,0.03,0.79,997.0,有,有
937,2024,1123.0,57.6,0.0,0.0,12.2,0.8,3.9,50.6,72.4,0.0,0.0,0.1,2.2,1.4,39.0,632.0,2.0,25.0,66.0,0.0,52.0,371.0,52.1,33.1,1.1,2.6,0.6,9.3,55.5,53.4,1.4,6.2,0.0,5.6,606.0,167.0,0.0,0.0,5.0,0.0,50.5,10.0,4.7,3.1,0.0,21.0,1.6,0.3,0.0,0.0,0,0.4,13.4,62.8,7.3,1.9,3.1,0.2,39.4,0.0,0.4,0.0,11.8,0,0.0,2.4,686.0,17.0,46.0,20.0,22.0,346.0,12.0,3.0,0.0,236.0,0,0.0,69.0,5.13,2.69,2.05,22.5,0.21,0.07,0.09,1.5,5.79,2.73,2.11,23.9,0.15,0.06,0.07,1.55,1046.0,有,有
938,2024,219.0,60.5,0.0,0.0,2.9,1.0,7.6,27.0,54.1,0.0,0.0,0.0,1.5,3.8,37.3,866.0,0.0,0.0,56.0,5.0,50.0,446.0,83.1,74.9,0.0,2.0,0.3,5.7,40.3,64.2,1.6,0.0,0.0,6.7,415.0,294.0,24.0,0.0,2.0,61.0,54.8,2.1,1.4,0.5,0.0,6.2,2.1,0.5,0.1,3.6,0,0.6,0.0,34.0,2.9,4.4,2.0,0.0,35.7,0.0,0.4,0.0,0.0,0,0.4,7.2,567.0,65.0,65.0,25.0,0.0,249.0,24.0,0.0,1.0,109.0,0,2.0,63.0,5.18,2.73,2.03,23.3,0.31,0.08,0.08,1.9,2.91,2.19,1.6,20.3,0.27,0.08,0.1,1.33,993.0,有,有
939,2024,189.0,65.0,0.2,0.0,0.6,0.6,0.0,38.9,49.5,0.0,15.5,3.4,1.1,3.7,59.7,705.0,0.0,175.0,0.0,14.0,75.0,309.0,49.6,43.4,0.0,3.2,0.0,1.3,56.1,37.5,2.1,1.5,0.2,3.7,350.0,120.0,42.0,0.0,6.0,135.0,39.7,2.2,6.7,2.6,3.3,16.6,2.2,0.1,0.0,1.2,0,0.2,5.3,66.0,1.2,6.7,0.7,2.2,26.8,1.8,0.1,0.0,0.0,0,0.4,3.7,635.0,39.0,32.0,7.0,0.0,271.0,6.0,1.0,0.0,92.0,0,3.0,0.0,5.47,2.71,2.06,24.2,0.31,0.09,0.11,2.3,4.96,2.89,1.92,19.5,0.12,0.09,0.09,1.64,1092.0,有,無
940,2024,223.0,44.7,0.5,3.0,0.0,1.9,0.0,45.3,71.7,0.6,0.0,5.4,0.0,5.9,28.5,236.0,0.0,0.0,152.0,18.0,75.0,245.0,42.4,54.7,1.7,0.0,0.0,0.8,49.7,57.8,1.4,1.3,0.2,4.5,605.0,259.0,0.0,0.0,2.0,0.0,57.0,6.3,0.0,1.5,2.3,22.0,1.5,0.0,0.0,5.6,0,0.1,0.0,78.6,8.4,5.1,0.0,0.0,18.9,0.0,0.2,0.2,0.6,0,0.0,0.0,657.0,0.0,25.0,49.0,9.0,292.0,6.0,1.0,3.0,3.0,0,1.0,0.0,5.4,2.68,2.0,22.6,0.19,0.09,0.09,2.3,4.72,2.48,1.96,24.9,0.11,0.07,0.08,1.08,1071.0,有,有
941,2024,198.0,58.2,0.8,0.0,5.1,1.2,3.9,42.1,25.5,0.0,0.0,10.4,0.7,4.5,37.6,556.0,0.0,55.0,5.0,8.0,58.0,299.0,81.2,36.8,0.0,1.2,0.1,8.0,32.7,21.1,0.2,0.2,0.4,10.0,558.0,240.0,14.0,142.0,0.0,33.0,58.9,0.4,8.5,6.8,0.6,15.0,0.3,0.2,0.2,0.0,0,0.0,13.1,78.9,1.8,2.6,0.0,1.7,45.4,0.7,0.0,0.1,2.1,0,0.0,3.6,790.0,0.0,97.0,15.0,9.0,321.0,21.0,5.0,0.0,0.0,0,6.0,21.0,5.26,2.74,1.99,25.1,0.38,0.08,0.06,2.8,5.79,2.89,0.95,23.9,0.24,0.1,0.11,0.66,1093.0,有,有
942,2024,926.0,56.2,0.0,1.6,10.5,0.0,4.1,23.0,63.7,0.4,2.2,0.0,0.0,6.6,18.9,627.0,2.0,129.0,0.0,0.0,0.0,526.0,53.7,36.2,0.0,6.5,0.5,9.1,82.2,46.7,0.0,1.4,0.9,7.6,452.0,334.0,25.0,127.0,0.0,0.0,29.5,2.1,12.3,4.0,1.8,44.1,1.9,0.3,0.0,0.0,0,0.1,0.0,53.4,2.2,2.1,4.1,1.8,39.8,1.8,0.5,0.2,0.0,0,0.0,10.4,255.0,35.0,4.0,60.0,0.0,338.0,21.0,3.0,0.0,11.0,0,4.0,100.0,5.16,2.74,2.04,22.0,0.2,0.09,0.08,2.3,4.92,2.33,2.2,24.9,0.2,0.06,0.07,0.93,1072.0,有,有
943,2024,872.0,79.8,0.0,0.0,5.8,0.0,5.0,58.1,52.6,0.5,0.0,5.0,0.4,1.0,47.8,664.0,0.0,93.0,33.0,0.0,66.0,338.0,63.6,36.6,0.3,6.3,0.4,6.9,53.3,32.7,0.0,9.9,0.2,1.9,679.0,549.0,0.0,0.0,0.0,4.0,77.6,0.7,3.7,0.9,2.8,21.0,1.3,0.3,0.1,0.0,0,0.0,0.0,35.2,0.0,4.7,4.0,0.0,39.8,2.9,0.9,0.0,3.4,0,0.0,10.3,475.0,18.0,49.0,0.0,0.0,261.0,12.0,0.0,2.0,35.0,0,4.0,82.0,5.28,2.77,2.01,23.1,0.43,0.1,0.08,1.9,5.79,2.65,1.16,24.9,0.15,0.07,0.07,1.18,1100.0,有,有
944,2024,159.0,46.1,0.1,0.0,0.0,1.3,2.4,25.9,59.4,0.7,11.8,2.0,3.4,0.0,12.4,437.0,1.0,0.0,0.0,1.0,2.0,712.0,45.5,53.7,1.0,0.0,0.0,0.0,43.2,41.4,0.9,2.2,0.1,0.0,591.0,414.0,6.0,100.0,0.0,0.0,29.7,0.0,2.0,11.2,2.4,33.6,0.0,0.4,0.2,9.4,0,0.0,13.0,60.3,0.0,6.5,5.1,1.1,36.8,2.3,0.0,0.0,10.2,0,0.2,5.1,633.0,0.0,62.0,39.0,26.0,273.0,17.0,2.0,3.0,0.0,0,0.0,57.0,5.32,2.74,2.07,22.3,0.38,0.1,0.08,2.1,5.3,1.62,1.62,24.9,0.18,0.08,0.08,2.25,1000.0,有,有
945,2024,294.0,69.9,0.2,13.0,0.0,0.4,0.9,39.9,51.3,0.3,17.6,4.4,3.3,3.3,29.7,442.0,4.0,16.0,98.0,25.0,0.0,401.0,79.6,42.3,0.7,0.0,0.1,0.0,40.5,55.4,0.8,0.0,0.3,0.0,486.0,191.0,0.0,140.0,0.0,50.0,61.5,1.5,0.5,4.3,0.0,22.7,0.1,0.5,0.2,0.0,0,0.0,0.0,51.9,4.2,5.3,3.0,2.8,15.2,0.0,0.0,0.0,4.0,0,0.2,8.0,654.0,0.0,14.0,42.0,31.0,417.0,41.0,0.0,0.0,92.0,0,2.0,53.0,5.17,2.73,2.03,22.5,0.27,0.09,0.09,2.0,5.69,2.3,2.11,18.4,0.25,0.08,0.07,1.4,960.0,有,有
946,2024,539.0,37.6,0.0,8.4,1.8,1.7,10.4,30.6,69.4,0.0,0.0,7.0,0.4,7.4,38.6,537.0,0.0,30.0,0.0,0.0,0.0,524.0,69.3,20.5,1.4,7.1,0.1,2.4,40.5,61.6,2.0,0.0,0.0,4.2,649.0,514.0,1.0,50.0,0.0,0.0,73.9,5.6,8.8,0.0,0.7,13.0,1.7,0.0,0.0,0.0,0,0.4,0.0,64.2,3.0,5.5,7.0,2.8,21.6,0.1,0.2,0.3,0.0,0,0.2,6.0,459.0,16.0,0.0,29.0,45.0,279.0,21.0,1.0,0.0,18.0,0,1.0,0.0,5.28,2.75,2.04,22.9,0.2,0.08,0.06,2.2,5.64,2.89,2.2,19.8,0.16,0.04,0.08,1.16,1135.0,有,有
947,2024,954.0,62.0,0.4,0.0,0.0,0.0,3.7,27.0,65.4,0.3,4.7,5.2,0.9,2.4,26.7,419.0,4.0,6.0,48.0,0.0,21.0,467.0,72.6,29.3,2.5,4.6,0.6,5.6,27.0,43.5,0.2,0.0,0.3,10.8,501.0,146.0,4.0,118.0,0.0,0.0,67.6,6.0,3.3,0.0,0.2,40.4,1.5,0.1,0.2,0.0,0,0.1,13.6,59.5,10.2,2.7,8.3,2.2,37.9,4.2,0.5,0.0,0.0,0,0.4,12.0,752.0,76.0,40.0,21.0,45.0,389.0,39.0,2.0,4.0,129.0,0,4.0,32.0,5.22,2.68,2.04,21.3,0.32,0.08,0.08,2.0,5.79,2.89,2.2,16.3,0.12,0.1,0.06,1.54,1026.0,有,無
948,2024,250.0,44.6,0.5,0.0,4.6,2.0,2.7,35.8,71.6,0.1,10.4,0.0,2.8,6.2,32.8,545.0,3.0,13.0,0.0,18.0,67.0,441.0,79.7,53.9,0.8,4.1,0.0,13.9,38.8,38.6,0.6,0.0,0.6,6.1,599.0,660.0,7.0,159.0,6.0,0.0,55.3,5.7,1.8,4.8,1.1,29.4,2.4,0.4,0.0,0.0,0,0.0,6.0,51.4,2.9,3.3,5.1,1.0,32.3,1.3,0.4,0.0,0.0,0,0.2,0.0,330.0,31.0,33.0,33.0,28.0,220.0,30.0,3.0,1.0,0.0,0,1.0,90.0,5.27,2.74,1.97,22.1,0.4,0.07,0.07,2.0,5.72,2.74,1.4,13.6,0.24,0.06,0.05,1.36,1064.0,有,無
949,2024,984.0,59.2,0.3,0.0,0.0,1.1,3.3,36.1,62.5,0.4,4.3,0.0,0.0,6.8,44.2,749.0,2.0,0.0,53.0,0.0,31.0,409.0,42.9,29.1,2.9,2.2,0.3,0.0,43.0,35.5,0.0,7.0,0.0,8.2,570.0,413.0,50.0,158.0,3.0,63.0,51.6,2.0,4.3,2.4,0.7,35.6,1.8,0.1,0.0,14.7,0,0.1,0.0,47.4,2.4,4.8,3.0,1.8,35.7,0.8,0.2,0.1,0.0,0,0.1,0.0,498.0,73.0,42.0,50.0,30.0,398.0,0.0,4.0,0.0,133.0,0,0.0,76.0,5.34,2.76,2.04,22.4,0.24,0.08,0.11,2.2,5.53,2.89,2.15,13.8,0.22,0.07,0.06,1.29,1033.0,有,有
950,2024,913.0,55.6,0.0,0.0,10.4,0.7,2.2,34.2,34.4,0.0,6.4,3.9,2.3,3.7,55.2,728.0,2.0,0.0,0.0,38.0,46.0,378.0,65.6,28.0,0.0,0.2,0.0,0.0,63.8,36.3,0.8,0.0,0.2,2.2,581.0,390.0,30.0,0.0,2.0,44.0,75.9,1.6,2.5,3.7,1.6,31.3,0.0,0.3,0.0,2.5,0,0.2,0.6,61.6,2.7,4.2,0.8,1.9,27.6,1.3,0.0,0.0,11.2,0,0.0,13.5,407.0,30.0,56.0,50.0,15.0,237.0,6.0,1.0,0.0,0.0,0,4.0,0.0,5.29,2.73,2.09,23.9,0.25,0.09,0.1,2.4,5.76,2.89,1.83,15.6,0.23,0.04,0.06,1.12,1000.0,有,有
951,2024,1065.0,50.3,0.2,6.0,7.5,1.8,4.0,34.8,51.0,0.3,1.2,0.4,0.0,0.5,36.0,410.0,4.0,223.0,54.0,0.0,15.0,486.0,69.5,37.5,1.1,0.3,0.4,5.3,58.2,68.9,1.8,0.0,0.0,0.0,472.0,341.0,0.0,0.0,0.0,0.0,45.8,1.3,6.8,0.9,3.3,35.0,2.1,0.4,0.1,0.3,0,0.1,4.4,31.8,5.9,3.6,3.5,1.7,20.1,3.4,0.1,0.0,7.7,0,0.0,2.7,406.0,0.0,58.0,42.0,2.0,235.0,20.0,3.0,0.0,58.0,0,6.0,0.0,4.96,2.71,2.12,21.7,0.19,0.1,0.08,2.2,3.5,2.89,2.14,16.7,0.12,0.09,0.1,1.43,1076.0,有,有
952,2024,28.0,40.9,0.1,0.0,0.0,1.0,0.7,22.8,51.2,0.0,1.7,1.6,1.7,0.0,36.1,510.0,0.0,60.0,111.0,21.0,31.0,260.0,36.1,33.0,0.6,0.0,0.1,7.2,61.2,63.7,2.8,3.2,0.0,3.1,457.0,458.0,14.0,0.0,2.0,84.0,50.2,0.0,0.0,3.9,2.2,24.0,0.0,0.3,0.0,1.8,0,0.4,9.5,61.4,8.9,2.7,0.0,5.3,29.5,1.7,0.2,0.1,0.0,0,0.0,7.7,435.0,48.0,59.0,27.0,13.0,446.0,22.0,0.0,0.0,0.0,0,4.0,93.0,5.21,2.77,2.03,21.5,0.19,0.09,0.09,1.9,5.48,1.32,1.1,17.9,0.15,0.08,0.06,2.02,1105.0,有,有
953,2024,327.0,69.6,0.0,3.3,3.7,0.3,0.0,35.8,57.9,0.3,1.8,2.4,2.4,7.1,33.6,840.0,6.0,0.0,140.0,25.0,70.0,331.0,34.1,18.6,2.3,0.0,0.1,7.0,86.8,52.0,0.9,5.4,0.0,6.7,631.0,562.0,61.0,0.0,3.0,0.0,48.0,5.9,3.7,0.0,0.0,31.7,1.2,0.0,0.2,0.3,0,0.0,9.7,44.7,8.8,1.4,1.9,1.9,29.8,2.2,0.3,0.2,5.8,0,0.7,5.4,563.0,91.0,42.0,68.0,13.0,253.0,9.0,0.0,0.0,85.0,0,2.0,0.0,5.27,2.74,2.04,24.0,0.19,0.08,0.12,2.3,4.12,2.42,1.61,18.0,0.11,0.05,0.08,1.4,1198.0,有,有
954,2024,78.0,31.1,0.1,0.0,0.0,0.3,0.0,38.1,47.0,0.0,1.3,8.1,4.2,1.9,23.9,610.0,0.0,0.0,0.0,42.0,28.0,645.0,49.0,38.9,1.9,1.2,0.1,0.0,45.5,44.9,2.6,0.0,0.0,1.1,392.0,582.0,0.0,0.0,3.0,184.0,57.4,1.4,1.7,0.0,0.0,4.3,0.9,0.3,0.0,6.9,0,0.1,1.1,44.4,3.2,1.0,7.4,1.4,18.5,0.0,0.3,0.0,0.0,0,0.7,6.7,576.0,17.0,55.0,42.0,9.0,411.0,11.0,4.0,2.0,16.0,0,8.0,13.0,5.26,2.75,2.0,23.6,0.27,0.07,0.09,2.2,5.79,2.56,1.43,24.9,0.13,0.08,0.06,1.38,1030.0,有,有
955,2024,576.0,37.9,0.2,6.9,3.2,1.6,4.4,40.9,72.7,0.0,8.1,0.0,0.7,0.6,70.7,666.0,5.0,0.0,59.0,35.0,41.0,517.0,51.0,35.3,0.9,1.1,0.0,9.0,43.5,25.1,4.3,0.0,0.5,5.7,540.0,434.0,0.0,71.0,0.0,0.0,49.1,0.7,0.0,5.9,0.2,36.2,2.7,0.3,0.0,0.0,0,0.4,0.0,52.6,5.6,2.8,1.4,1.1,32.2,0.0,0.2,0.4,0.0,0,0.3,6.1,447.0,54.0,27.0,5.0,0.0,422.0,0.0,4.0,1.0,20.0,0,0.0,50.0,5.19,2.72,2.06,22.1,0.36,0.11,0.08,1.7,5.79,2.65,1.99,22.1,0.2,0.08,0.09,1.29,1212.0,有,有
956,2024,96.0,67.2,0.0,5.9,1.9,2.5,6.9,33.9,56.4,0.7,0.1,6.1,2.0,2.2,38.5,670.0,1.0,0.0,47.0,2.0,12.0,291.0,62.8,50.3,0.0,7.1,0.3,6.1,77.3,72.2,0.0,14.2,0.0,4.4,439.0,244.0,30.0,0.0,2.0,22.0,38.9,2.6,5.8,2.2,0.3,23.5,1.2,0.0,0.1,4.5,0,0.0,4.5,54.9,3.1,11.0,1.2,2.6,47.5,0.0,0.2,0.0,0.0,0,0.3,2.0,777.0,87.0,18.0,0.0,0.0,283.0,9.0,7.0,0.0,0.0,0,0.0,21.0,5.43,2.74,2.05,21.2,0.39,0.12,0.06,1.8,5.79,2.89,2.09,23.4,0.23,0.09,0.06,0.86,1038.0,有,有
957,2024,548.0,72.4,0.0,6.0,7.3,2.1,1.9,36.4,61.1,0.0,0.0,0.0,0.0,12.7,40.3,616.0,11.0,0.0,0.0,0.0,54.0,297.0,68.5,46.8,1.1,9.0,0.3,2.2,43.6,38.7,2.4,0.0,0.0,0.5,578.0,510.0,20.0,119.0,6.0,27.0,40.2,3.6,5.6,7.1,0.9,34.8,2.6,0.5,0.1,0.1,0,0.4,9.8,45.9,0.3,5.7,1.4,2.4,13.1,2.2,0.5,0.0,0.0,0,0.2,7.8,456.0,12.0,16.0,0.0,11.0,163.0,40.0,3.0,1.0,0.0,0,5.0,92.0,5.22,2.75,2.07,21.5,0.28,0.1,0.07,2.2,3.18,2.89,1.76,24.9,0.08,0.06,0.02,1.8,1104.0,有,有
958,2024,806.0,58.6,0.1,0.0,8.0,0.6,1.7,17.8,52.7,0.0,0.0,2.2,0.0,5.1,34.6,711.0,1.0,0.0,0.0,21.0,83.0,396.0,59.7,44.1,0.0,3.6,0.3,1.7,68.5,41.9,1.0,14.1,0.2,3.1,681.0,673.0,6.0,0.0,0.0,114.0,32.2,7.2,4.7,2.8,2.4,35.3,0.2,0.0,0.0,3.5,0,0.1,8.5,25.3,10.3,6.2,0.8,0.0,27.9,1.4,0.2,0.0,3.7,0,0.0,3.8,642.0,0.0,84.0,46.0,8.0,172.0,20.0,4.0,0.0,0.0,0,0.0,36.0,5.21,2.69,2.04,21.0,0.28,0.09,0.1,2.0,5.79,2.89,2.07,24.2,0.17,0.03,0.05,1.27,1003.0,有,有
959,2024,1028.0,57.4,0.6,0.0,4.3,0.6,1.4,15.4,32.9,0.0,6.1,0.0,2.5,6.5,50.4,866.0,0.0,0.0,0.0,0.0,93.0,271.0,88.7,49.8,0.5,0.0,0.3,6.6,61.4,68.0,2.8,0.0,0.0,0.2,558.0,535.0,18.0,75.0,3.0,0.0,61.1,1.1,1.9,1.7,0.3,21.6,0.9,0.3,0.0,0.0,0,0.2,5.3,67.2,1.4,5.4,4.1,3.1,43.0,3.0,0.4,0.1,4.9,0,0.0,0.0,523.0,19.0,57.0,14.0,24.0,416.0,0.0,4.0,2.0,31.0,0,0.0,29.0,5.21,2.76,2.11,20.1,0.25,0.1,0.06,2.1,5.79,2.22,2.2,20.3,0.21,0.04,0.05,1.68,1033.0,有,有
960,2024,156.0,62.2,0.0,0.0,0.0,1.5,0.0,24.5,59.6,0.1,0.0,4.2,0.0,1.8,40.7,453.0,1.0,0.0,0.0,47.0,27.0,449.0,53.4,29.0,1.7,0.0,0.3,0.0,22.7,36.8,0.0,5.2,0.0,5.1,678.0,434.0,30.0,22.0,1.0,66.0,49.5,2.3,3.5,4.6,0.0,32.4,3.4,0.2,0.0,7.2,0,0.2,0.0,60.3,2.0,4.9,5.9,3.6,26.6,2.7,0.1,0.0,9.4,0,0.2,0.0,639.0,17.0,0.0,0.0,21.0,293.0,0.0,2.0,2.0,0.0,0,3.0,41.0,5.28,2.77,2.09,23.1,0.19,0.09,0.07,2.1,3.83,2.62,1.27,24.9,0.14,0.08,0.11,1.06,1057.0,有,有
961,2024,233.0,42.8,0.1,0.0,3.3,1.5,2.3,27.3,47.1,0.2,0.6,10.3,2.0,2.8,44.0,784.0,3.0,24.0,0.0,35.0,48.0,573.0,54.9,43.7,1.0,0.8,0.4,0.0,69.2,48.6,0.3,0.0,0.0,0.0,659.0,461.0,16.0,42.0,3.0,135.0,55.8,6.7,0.0,0.3,0.0,34.4,1.1,0.3,0.0,1.6,0,0.0,9.1,67.3,0.0,1.3,0.0,0.0,24.0,1.1,0.3,0.1,0.0,0,0.0,10.3,550.0,35.0,45.0,42.0,43.0,432.0,0.0,4.0,0.0,0.0,0,0.0,91.0,5.46,2.72,2.03,23.8,0.31,0.09,0.08,2.4,1.95,2.89,1.45,22.3,0.2,0.08,0.06,1.72,978.0,有,有
962,2024,939.0,62.2,0.0,0.0,7.8,0.5,6.3,28.5,69.6,0.0,4.2,0.0,1.5,2.1,46.2,850.0,0.0,0.0,0.0,24.0,91.0,350.0,59.9,58.2,1.8,0.0,0.6,16.2,41.7,53.2,3.8,8.0,0.1,0.0,825.0,422.0,20.0,24.0,0.0,12.0,67.2,6.2,7.3,3.3,0.8,34.0,0.0,0.5,0.2,4.0,0,0.2,13.8,58.0,7.0,3.4,3.9,2.2,38.3,0.5,0.1,0.0,0.0,0,0.3,8.6,523.0,44.0,27.0,21.0,6.0,301.0,9.0,2.0,0.0,0.0,0,1.0,2.0,5.29,2.73,2.01,22.4,0.21,0.06,0.07,2.2,4.36,1.62,1.35,24.9,0.14,0.04,0.07,1.57,1023.0,有,有
963,2024,307.0,66.4,0.0,6.0,2.3,0.4,4.5,36.3,54.3,0.3,0.0,10.2,3.4,2.1,22.8,559.0,0.0,10.0,51.0,11.0,21.0,492.0,70.9,27.3,2.1,10.4,0.4,0.4,42.5,49.4,5.6,0.0,0.5,1.5,413.0,502.0,29.0,56.0,0.0,61.0,55.7,2.2,3.6,0.5,0.0,18.2,0.5,0.3,0.2,0.0,0,0.5,1.8,75.6,4.9,2.2,2.6,0.0,22.5,0.3,0.2,0.0,0.0,0,0.5,0.0,529.0,14.0,85.0,20.0,2.0,142.0,1.0,2.0,1.0,0.0,0,0.0,69.0,5.31,2.75,2.04,22.5,0.19,0.08,0.09,1.9,5.74,2.74,2.2,17.9,0.2,0.07,0.05,0.72,1010.0,有,有
964,2024,186.0,65.2,0.0,0.0,5.9,1.8,3.8,44.7,43.6,0.4,8.6,0.0,0.3,2.6,32.2,705.0,5.0,0.0,43.0,25.0,97.0,200.0,33.0,34.1,0.1,5.2,0.6,4.5,59.1,71.5,0.0,1.5,0.0,5.4,721.0,382.0,0.0,82.0,0.0,169.0,60.7,2.4,4.0,4.1,1.6,19.7,0.5,0.2,0.0,4.8,0,0.0,0.0,64.7,0.0,1.6,5.3,1.2,32.1,1.8,0.4,0.1,7.8,0,0.2,0.0,556.0,40.0,54.0,45.0,0.0,395.0,28.0,6.0,0.0,0.0,0,5.0,41.0,5.23,2.8,2.02,20.3,0.24,0.08,0.09,1.5,5.79,2.89,1.93,24.9,0.22,0.07,0.07,1.13,1048.0,有,有
965,2024,968.0,72.3,0.0,0.0,9.5,0.0,4.5,46.4,59.2,0.6,0.0,8.0,0.0,5.2,42.7,770.0,0.0,78.0,21.0,2.0,87.0,270.0,53.6,30.6,1.8,0.0,0.3,0.2,64.0,21.7,1.1,0.0,0.5,3.5,539.0,266.0,43.0,0.0,1.0,61.0,88.7,2.9,0.0,3.3,0.4,18.1,1.6,0.0,0.0,14.7,0,0.3,0.0,67.5,0.0,1.2,2.5,0.0,36.8,1.0,0.5,0.0,0.0,0,0.2,0.0,701.0,82.0,0.0,71.0,0.0,297.0,21.0,2.0,0.0,0.0,0,0.0,34.0,5.22,2.75,2.03,21.4,0.39,0.09,0.1,2.2,5.59,2.89,1.99,24.8,0.22,0.08,0.07,1.9,986.0,有,有
966,2024,139.0,39.2,0.2,11.3,6.0,1.2,0.0,28.1,29.3,0.6,21.0,1.2,4.4,5.3,23.9,372.0,1.0,0.0,46.0,0.0,47.0,472.0,63.5,16.1,0.6,8.0,0.2,9.3,73.8,14.2,0.0,13.2,0.0,2.1,491.0,676.0,14.0,113.0,1.0,5.0,53.9,0.3,1.5,0.4,1.5,30.9,2.5,0.4,0.0,0.0,0,0.1,0.0,64.2,8.1,4.7,2.5,1.7,32.3,1.5,0.1,0.0,5.8,0,0.4,0.0,642.0,39.0,30.0,11.0,9.0,383.0,0.0,3.0,2.0,114.0,0,0.0,12.0,5.22,2.75,2.06,21.0,0.36,0.08,0.1,2.3,5.79,1.87,2.2,17.5,0.19,0.08,0.03,1.28,996.0,有,有
967,2024,153.0,42.6,0.5,0.0,6.2,0.0,5.9,36.8,54.2,0.5,0.0,5.4,0.0,4.5,47.3,567.0,1.0,0.0,0.0,4.0,63.0,382.0,58.5,39.8,1.4,6.7,0.3,6.6,51.9,21.1,0.1,0.0,0.2,2.8,675.0,455.0,0.0,0.0,0.0,64.0,57.3,0.0,5.4,5.6,0.0,20.6,0.0,0.4,0.2,0.0,0,0.0,9.4,41.8,6.5,0.0,3.7,0.0,32.2,0.1,0.4,0.1,0.4,0,0.4,5.5,527.0,50.0,25.0,66.0,13.0,264.0,43.0,4.0,0.0,0.0,0,0.0,28.0,5.26,2.73,2.09,24.4,0.28,0.08,0.07,2.2,5.79,2.07,2.2,22.1,0.11,0.05,0.05,2.18,980.0,有,有
968,2024,553.0,52.2,0.0,0.0,11.3,1.6,3.4,35.1,75.9,0.0,0.0,0.0,1.2,2.3,18.4,748.0,1.0,0.0,0.0,0.0,37.0,193.0,64.0,34.3,2.0,8.3,0.3,0.0,52.2,59.6,2.2,5.0,0.2,0.0,661.0,478.0,0.0,17.0,0.0,127.0,66.8,4.7,4.4,7.8,2.5,28.0,0.0,0.5,0.2,3.9,0,0.1,6.4,52.7,0.0,8.4,0.0,1.9,33.5,3.4,0.0,0.4,3.1,0,0.0,5.5,680.0,34.0,29.0,29.0,0.0,413.0,0.0,0.0,0.0,0.0,0,0.0,0.0,5.11,2.73,1.99,23.4,0.32,0.1,0.07,1.8,5.65,2.89,1.95,24.9,0.17,0.09,0.04,1.9,997.0,有,有
969,2024,326.0,68.3,0.2,6.8,0.0,1.2,2.9,22.8,34.4,0.0,6.4,2.4,0.0,3.3,45.9,239.0,0.0,14.0,0.0,41.0,33.0,483.0,41.7,42.8,0.6,0.0,0.3,0.0,28.4,25.6,1.0,0.0,0.0,9.3,827.0,503.0,21.0,79.0,1.0,51.0,65.7,6.2,0.6,0.8,1.5,32.1,1.0,0.3,0.1,14.5,0,0.0,0.0,37.3,8.3,6.2,0.0,0.0,39.2,5.9,0.1,0.2,2.3,0,0.4,0.0,571.0,24.0,49.0,30.0,4.0,355.0,0.0,2.0,2.0,0.0,0,2.0,38.0,5.46,2.77,2.03,20.7,0.31,0.07,0.09,2.3,5.43,2.37,1.84,24.9,0.19,0.07,0.05,1.28,1030.0,有,有
970,2024,912.0,43.5,0.1,2.9,2.0,0.0,4.0,52.4,51.8,0.4,2.8,1.2,0.0,5.1,31.1,430.0,0.0,44.0,58.0,0.0,39.0,204.0,69.4,52.8,0.2,0.0,0.4,1.3,61.1,52.9,2.1,1.2,0.0,5.0,707.0,442.0,30.0,0.0,2.0,150.0,56.4,5.1,8.5,6.8,2.3,31.9,0.5,0.0,0.0,0.0,0,0.4,0.0,42.1,1.8,5.1,2.2,0.8,10.0,3.2,0.3,0.0,0.0,0,0.1,7.5,481.0,39.0,57.0,52.0,3.0,420.0,4.0,0.0,1.0,76.0,0,1.0,36.0,5.11,2.74,2.08,24.5,0.48,0.11,0.06,1.9,3.77,2.33,1.66,23.3,0.24,0.05,0.04,1.89,1009.0,有,有
971,2024,589.0,52.8,0.1,10.9,1.2,0.0,0.0,30.9,66.9,0.4,13.7,3.5,3.8,3.7,45.8,474.0,0.0,0.0,0.0,0.0,26.0,539.0,44.6,17.2,2.3,0.0,0.3,10.0,79.1,40.8,0.0,6.1,0.2,11.3,866.0,374.0,23.0,0.0,2.0,0.0,46.2,0.0,8.5,4.4,0.7,24.1,0.9,0.4,0.0,2.8,0,0.0,3.5,58.1,5.8,4.3,4.6,1.7,34.1,0.2,0.1,0.2,4.6,0,0.4,0.0,796.0,0.0,47.0,36.0,2.0,393.0,23.0,0.0,1.0,1.0,0,1.0,0.0,5.35,2.7,2.04,21.3,0.31,0.07,0.09,1.4,5.79,2.88,1.62,13.6,0.21,0.07,0.08,2.12,1023.0,有,有
972,2024,234.0,75.9,0.0,0.0,0.0,0.0,0.4,15.1,44.8,0.0,0.0,3.3,0.0,3.6,51.3,866.0,5.0,48.0,24.0,0.0,40.0,76.0,50.5,53.1,0.6,3.7,0.4,3.2,24.1,33.6,2.1,0.0,0.2,2.4,489.0,367.0,30.0,4.0,0.0,85.0,49.8,0.8,6.1,5.6,1.1,34.2,0.3,0.4,0.0,0.0,0,0.3,0.0,59.1,1.0,3.2,0.0,0.4,38.4,0.0,0.5,0.0,0.0,0,0.0,9.1,559.0,33.0,127.0,6.0,27.0,120.0,0.0,0.0,0.0,116.0,0,2.0,48.0,5.18,2.75,2.07,22.5,0.35,0.1,0.13,2.0,5.69,2.72,1.82,24.9,0.24,0.04,0.08,1.2,985.0,有,有
973,2024,615.0,71.3,0.2,0.0,3.5,0.6,0.0,43.7,42.6,0.2,0.0,3.3,0.0,3.0,32.6,629.0,3.0,44.0,92.0,0.0,0.0,301.0,49.8,51.0,2.0,0.0,0.5,6.7,59.3,32.7,0.7,1.9,0.1,0.0,407.0,453.0,0.0,39.0,0.0,48.0,51.0,3.8,7.9,5.2,0.8,30.1,1.1,0.1,0.0,0.0,0,0.0,0.5,49.1,2.2,5.4,3.9,3.3,22.0,0.0,0.0,0.1,8.7,0,0.3,3.9,852.0,0.0,23.0,32.0,0.0,518.0,22.0,2.0,1.0,132.0,0,4.0,0.0,5.37,2.74,2.04,21.6,0.19,0.09,0.08,2.4,5.76,2.15,1.73,21.4,0.2,0.07,0.08,1.33,1082.0,有,有
974,2024,896.0,34.2,0.6,4.5,0.0,0.0,3.2,33.7,50.4,0.2,14.0,4.9,0.1,1.7,47.8,461.0,0.0,0.0,54.0,31.0,31.0,432.0,76.8,18.2,0.0,16.8,0.1,0.0,48.2,18.9,3.8,0.0,0.0,0.0,552.0,552.0,0.0,0.0,0.0,136.0,79.2,3.4,1.1,0.8,3.7,36.5,0.9,0.1,0.1,0.0,0,0.2,0.0,50.6,4.4,5.6,4.6,0.3,27.3,0.0,0.8,0.1,3.2,0,0.4,8.5,561.0,47.0,64.0,10.0,0.0,489.0,10.0,2.0,0.0,80.0,0,3.0,60.0,5.17,2.81,2.02,21.9,0.19,0.09,0.09,2.2,2.61,2.89,1.73,18.5,0.19,0.07,0.07,1.54,1020.0,有,有
975,2024,216.0,54.0,0.0,7.3,0.0,0.0,0.8,39.7,44.4,0.0,1.4,2.6,1.6,1.2,63.0,825.0,0.0,14.0,24.0,24.0,19.0,204.0,64.7,23.5,2.1,0.0,0.4,5.3,55.8,43.7,2.6,2.8,0.0,6.1,548.0,620.0,44.0,22.0,0.0,49.0,43.8,0.8,3.5,4.6,1.0,28.8,2.0,0.4,0.0,0.0,0,0.2,5.6,49.1,4.4,11.8,0.5,0.2,29.1,2.1,0.2,0.4,0.0,0,0.2,4.8,577.0,0.0,71.0,28.0,0.0,146.0,0.0,0.0,1.0,0.0,0,9.0,37.0,5.16,2.67,2.08,22.3,0.26,0.11,0.06,2.3,2.15,2.89,2.02,23.0,0.18,0.06,0.07,2.06,1030.0,有,有
976,2024,253.0,44.4,0.3,2.9,7.4,0.0,0.0,43.5,50.2,0.2,3.3,1.5,0.0,6.8,37.8,335.0,1.0,25.0,0.0,25.0,39.0,376.0,53.1,47.1,0.0,0.0,0.1,10.8,61.3,33.9,0.4,2.1,0.0,0.0,435.0,364.0,0.0,121.0,1.0,15.0,66.9,3.0,4.1,0.0,0.0,25.8,0.0,0.3,0.0,0.0,0,0.0,4.9,50.2,0.9,3.3,2.7,2.8,28.9,0.9,0.6,0.0,0.0,0,0.0,2.0,353.0,0.0,54.0,14.0,25.0,381.0,15.0,1.0,0.0,26.0,0,6.0,0.0,5.45,2.73,1.95,21.5,0.38,0.09,0.07,2.4,5.79,1.08,1.71,8.7,0.25,0.05,0.05,1.87,1098.0,有,有
977,2024,460.0,53.4,0.2,0.0,7.5,0.3,4.9,26.0,54.2,0.2,0.0,8.2,1.7,3.4,35.3,835.0,0.0,20.0,64.0,0.0,21.0,193.0,45.7,50.4,3.1,0.0,0.1,9.0,55.5,33.0,0.0,8.7,0.0,8.1,530.0,560.0,19.0,0.0,0.0,0.0,77.3,1.9,5.1,0.8,4.9,12.2,0.1,0.2,0.0,3.8,0,0.0,6.2,54.0,1.9,2.5,5.4,2.3,16.9,0.0,0.2,0.1,0.0,0,0.0,0.0,820.0,17.0,77.0,0.0,5.0,404.0,0.0,8.0,0.0,0.0,0,2.0,0.0,5.04,2.82,2.03,22.9,0.34,0.06,0.1,2.2,5.79,2.01,2.2,14.5,0.2,0.07,0.09,1.25,1142.0,有,有
978,2024,295.0,70.5,0.2,0.0,9.4,0.0,2.7,41.2,54.4,0.0,0.0,3.7,1.8,6.8,25.0,520.0,1.0,20.0,96.0,14.0,78.0,401.0,52.6,26.9,0.7,1.0,0.4,5.5,49.2,42.2,2.9,5.6,0.1,8.6,287.0,421.0,13.0,0.0,5.0,6.0,50.5,4.5,1.5,3.1,1.8,25.8,1.6,0.6,0.0,0.0,0,0.0,0.0,21.9,0.0,3.4,1.5,0.3,28.8,0.4,0.5,0.0,13.5,0,0.0,2.9,604.0,61.0,31.0,51.0,9.0,527.0,13.0,5.0,0.0,0.0,0,4.0,0.0,5.23,2.74,2.06,22.6,0.38,0.08,0.12,1.9,3.8,2.89,1.63,15.2,0.32,0.06,0.1,1.23,1066.0,有,有
979,2024,987.0,45.5,0.5,4.3,1.7,0.0,10.7,40.8,51.6,0.0,2.8,2.8,0.9,1.2,30.2,653.0,2.0,5.0,20.0,13.0,54.0,505.0,50.2,17.6,1.3,0.0,0.2,4.6,48.7,51.8,1.4,0.0,0.4,4.4,420.0,478.0,6.0,0.0,2.0,92.0,57.7,4.8,7.2,4.4,1.9,21.7,1.8,0.7,0.2,0.0,0,0.0,2.1,70.1,0.0,5.1,0.0,2.0,20.1,0.0,0.4,0.1,9.6,0,0.0,0.0,722.0,7.0,16.0,18.0,2.0,351.0,0.0,2.0,1.0,0.0,0,1.0,39.0,5.38,2.75,2.04,21.2,0.37,0.1,0.07,2.5,2.64,2.81,1.9,17.9,0.16,0.05,0.07,2.16,1031.0,有,有
980,2024,986.0,29.8,0.0,6.8,2.1,0.0,0.0,35.5,56.2,0.6,0.0,4.5,0.0,1.8,22.4,626.0,2.0,0.0,0.0,0.0,0.0,273.0,76.7,53.3,0.1,0.0,0.5,10.5,30.9,58.4,2.0,0.0,0.2,0.0,647.0,575.0,24.0,67.0,5.0,0.0,76.7,1.0,0.6,0.0,0.8,19.3,0.0,0.1,0.1,0.0,0,0.0,6.3,58.2,1.5,2.7,0.0,1.7,13.7,0.0,0.1,0.0,8.8,0,0.0,7.8,343.0,51.0,67.0,0.0,13.0,217.0,28.0,5.0,0.0,4.0,0,2.0,38.0,5.48,2.78,2.0,23.6,0.37,0.08,0.07,1.6,5.79,2.89,1.97,24.9,0.25,0.1,0.06,2.49,1161.0,有,有
981,2024,344.0,39.7,0.1,11.9,5.6,2.8,0.9,25.5,52.1,0.0,16.5,7.7,2.8,2.2,44.3,439.0,1.0,0.0,118.0,0.0,70.0,363.0,32.5,41.8,0.9,0.0,0.1,18.0,62.8,25.8,3.7,0.0,0.0,7.2,543.0,333.0,9.0,147.0,0.0,9.0,51.6,10.2,6.2,2.7,0.0,25.4,0.0,0.4,0.1,17.1,0,0.0,7.9,39.2,0.0,2.3,3.2,1.1,25.6,0.1,0.6,0.1,4.7,0,0.2,8.5,489.0,0.0,65.0,14.0,2.0,319.0,13.0,4.0,3.0,0.0,0,1.0,0.0,5.16,2.71,2.14,20.8,0.41,0.11,0.07,2.2,4.64,2.75,1.95,18.7,0.13,0.08,0.11,1.34,1154.0,有,有
982,2024,778.0,59.3,0.5,0.0,0.2,0.5,0.0,47.0,68.8,0.2,0.0,0.0,1.7,0.1,35.0,525.0,6.0,0.0,22.0,37.0,8.0,382.0,46.0,52.5,1.9,0.2,0.1,4.8,51.1,11.5,2.5,11.5,0.0,0.3,672.0,522.0,23.0,0.0,3.0,2.0,58.7,0.8,2.6,6.1,0.0,36.2,0.0,0.0,0.1,0.0,0,0.0,7.3,70.7,4.5,3.9,2.1,1.0,28.6,3.2,0.4,0.1,0.0,0,0.0,10.5,439.0,34.0,4.0,20.0,12.0,249.0,17.0,2.0,1.0,0.0,0,5.0,123.0,5.43,2.74,2.02,24.8,0.32,0.09,0.1,1.5,4.83,2.53,2.2,15.9,0.19,0.07,0.03,1.32,1130.0,有,有
983,2024,1059.0,64.9,0.2,0.4,0.0,0.8,0.0,38.8,63.5,0.0,0.0,0.0,0.0,7.4,21.0,421.0,0.0,23.0,33.0,0.0,45.0,556.0,83.8,36.8,2.9,2.2,0.0,0.0,50.3,6.4,0.0,6.4,0.3,13.1,517.0,662.0,0.0,69.0,3.0,13.0,67.1,1.1,6.3,5.5,0.2,24.6,0.0,0.0,0.0,0.0,0,0.7,6.8,41.8,0.0,3.5,3.6,0.1,35.2,0.3,0.5,0.0,4.6,0,0.1,1.0,535.0,5.0,0.0,35.0,1.0,333.0,21.0,0.0,4.0,46.0,0,0.0,10.0,5.42,2.77,2.02,24.2,0.19,0.08,0.1,2.0,2.47,2.89,1.22,24.9,0.27,0.08,0.08,1.43,1051.0,有,有
984,2024,720.0,65.3,0.3,0.0,0.9,0.0,3.2,32.2,51.2,0.0,7.7,0.0,1.3,4.6,27.5,550.0,3.0,0.0,0.0,44.0,0.0,230.0,72.1,27.4,0.8,3.3,0.0,8.9,63.6,22.8,1.7,0.0,0.2,2.6,327.0,575.0,18.0,50.0,0.0,128.0,53.8,0.8,1.2,5.6,1.7,25.4,2.4,0.0,0.2,1.5,0,0.4,12.3,58.3,0.2,1.6,3.2,1.0,16.8,0.0,0.4,0.3,14.7,0,0.3,8.0,259.0,41.0,41.0,27.0,8.0,436.0,9.0,0.0,0.0,0.0,0,4.0,26.0,5.27,2.7,2.03,21.8,0.26,0.09,0.09,2.5,3.89,2.89,1.86,16.9,0.21,0.06,0.07,1.44,1091.0,有,有
985,2024,836.0,59.0,0.1,1.0,0.0,0.6,7.6,38.6,68.4,0.0,0.7,7.8,0.0,2.7,51.1,504.0,1.0,46.0,121.0,39.0,0.0,397.0,36.2,31.7,0.0,2.4,0.1,2.1,31.7,32.0,1.5,6.9,0.6,0.0,412.0,436.0,21.0,128.0,1.0,133.0,33.2,0.3,0.0,1.3,0.0,32.6,0.0,0.2,0.0,0.0,0,0.0,0.0,57.1,3.3,10.2,4.3,0.0,35.2,2.3,0.3,0.1,23.4,0,0.0,6.6,265.0,0.0,25.0,22.0,21.0,286.0,6.0,4.0,0.0,63.0,0,2.0,56.0,5.02,2.72,2.05,22.7,0.26,0.1,0.1,2.1,2.55,2.17,1.87,20.5,0.19,0.06,0.08,1.13,1129.0,有,有
986,2024,257.0,78.6,0.0,0.0,5.0,1.2,3.8,37.3,60.8,0.1,4.8,2.6,0.5,3.2,27.3,866.0,0.0,0.0,0.0,5.0,48.0,301.0,71.2,20.0,0.0,0.0,0.4,0.0,77.9,31.3,0.3,4.7,0.2,1.8,825.0,507.0,0.0,139.0,1.0,37.0,68.1,2.2,4.1,2.1,2.9,33.3,0.0,0.0,0.2,12.4,0,0.0,0.0,72.7,2.3,3.0,3.1,0.0,32.3,0.6,0.0,0.0,10.3,0,0.5,7.1,321.0,29.0,51.0,7.0,4.0,224.0,24.0,1.0,3.0,8.0,0,0.0,49.0,5.33,2.71,2.1,22.7,0.36,0.08,0.11,1.9,3.86,2.89,1.77,24.9,0.14,0.07,0.07,1.61,1070.0,有,無
987,2024,909.0,67.9,0.3,6.5,7.5,0.1,0.0,52.5,72.7,0.4,0.0,0.5,3.2,7.7,27.0,501.0,1.0,0.0,0.0,0.0,68.0,122.0,64.1,47.1,0.9,1.4,0.0,0.0,35.4,28.1,0.5,0.0,0.0,0.0,536.0,409.0,17.0,14.0,0.0,0.0,53.5,0.0,5.0,6.4,2.0,13.9,0.9,0.5,0.0,0.0,0,0.2,8.3,37.8,5.8,0.0,0.0,0.0,25.7,0.7,0.7,0.0,0.0,0,0.0,5.8,589.0,0.0,101.0,22.0,10.0,386.0,36.0,0.0,0.0,122.0,0,0.0,18.0,4.96,2.75,2.02,22.4,0.33,0.08,0.1,1.7,5.04,2.42,2.2,24.9,0.17,0.02,0.09,1.8,1034.0,有,有
988,2024,776.0,60.9,0.0,0.0,0.9,0.0,6.4,42.6,59.3,0.0,0.0,4.7,2.3,4.0,31.2,626.0,4.0,0.0,50.0,32.0,20.0,649.0,47.9,41.6,1.2,4.7,0.0,5.0,81.1,35.3,2.4,0.0,0.2,0.9,575.0,626.0,0.0,0.0,2.0,45.0,61.3,0.0,3.6,2.6,1.0,27.9,0.0,0.1,0.0,6.2,0,0.4,1.9,46.2,5.9,4.4,0.0,2.2,23.1,0.7,0.1,0.2,0.0,0,0.3,1.8,701.0,22.0,13.0,37.0,0.0,230.0,19.0,5.0,1.0,0.0,0,0.0,0.0,5.19,2.82,1.99,22.2,0.29,0.08,0.08,1.7,4.75,2.74,1.94,15.7,0.18,0.06,0.06,1.59,1033.0,有,有
989,2024,698.0,50.3,0.0,9.2,4.2,1.0,4.6,35.7,47.8,0.5,2.5,0.0,0.0,3.9,15.6,802.0,0.0,5.0,57.0,20.0,36.0,367.0,78.1,29.2,1.9,0.0,0.0,11.9,49.7,31.4,1.9,0.0,0.3,10.0,309.0,557.0,2.0,86.0,0.0,85.0,59.6,2.4,7.4,1.0,0.3,31.3,1.3,0.4,0.0,0.0,0,0.0,8.3,27.9,1.0,5.3,7.0,0.0,48.3,0.0,0.0,0.2,0.0,0,0.2,10.0,275.0,27.0,21.0,39.0,0.0,273.0,7.0,3.0,0.0,95.0,0,6.0,0.0,5.28,2.67,2.04,23.5,0.43,0.08,0.08,2.4,5.79,1.77,1.19,21.0,0.18,0.06,0.06,2.09,1105.0,有,有
990,2024,492.0,50.9,0.4,0.5,0.0,0.2,3.8,39.4,56.8,0.0,0.0,5.2,1.7,3.8,32.5,292.0,5.0,77.0,38.0,9.0,0.0,700.0,51.7,25.4,2.0,0.0,0.0,0.0,58.4,16.6,3.2,4.5,0.2,4.3,766.0,449.0,31.0,29.0,2.0,0.0,47.6,6.2,11.3,3.0,2.3,34.4,0.1,0.2,0.3,8.9,0,0.3,9.9,70.8,0.2,0.6,3.8,0.0,18.5,1.8,0.3,0.1,0.0,0,0.2,0.0,440.0,45.0,41.0,0.0,33.0,411.0,0.0,5.0,0.0,0.0,0,0.0,0.0,5.26,2.72,2.01,24.5,0.43,0.07,0.07,2.0,4.85,2.24,2.2,16.5,0.14,0.1,0.07,1.68,1027.0,有,有
991,2024,373.0,69.3,0.4,0.0,4.3,1.0,9.7,15.7,57.1,0.4,0.0,17.0,1.9,0.0,37.5,514.0,3.0,0.0,102.0,0.0,76.0,359.0,74.9,7.5,2.0,0.0,0.0,6.6,69.5,47.8,1.8,0.0,0.0,5.4,756.0,274.0,0.0,0.0,6.0,73.0,57.3,7.8,0.7,4.5,1.4,37.4,2.1,0.4,0.0,0.6,0,0.3,0.3,81.4,0.0,9.2,0.0,2.5,34.7,1.3,0.4,0.1,2.8,0,0.0,15.0,628.0,35.0,69.0,0.0,8.0,237.0,27.0,4.0,0.0,0.0,0,4.0,25.0,5.26,2.76,2.1,19.7,0.28,0.09,0.09,2.5,2.08,2.89,2.12,18.6,0.23,0.09,0.04,2.08,1114.0,有,有
992,2024,499.0,54.3,0.0,3.6,11.2,0.0,4.1,39.7,64.5,0.5,0.0,7.2,2.0,5.1,48.8,561.0,2.0,47.0,1.0,0.0,9.0,330.0,36.3,17.4,0.0,0.0,0.0,0.0,31.9,23.8,1.2,0.0,0.0,0.0,486.0,269.0,37.0,0.0,0.0,65.0,72.7,3.6,5.0,2.7,0.0,27.2,0.0,0.2,0.2,3.2,0,0.7,7.7,33.3,2.6,3.2,5.9,0.4,29.9,4.7,0.5,0.0,13.2,0,0.2,0.0,724.0,18.0,47.0,101.0,17.0,381.0,0.0,6.0,4.0,107.0,0,1.0,47.0,5.41,2.77,1.98,22.2,0.35,0.06,0.08,2.5,5.79,0.81,2.16,24.8,0.18,0.08,0.07,2.17,1070.0,有,有
993,2024,827.0,58.6,0.2,0.3,0.0,0.0,5.5,24.6,67.9,0.7,0.0,8.3,0.4,8.0,44.6,504.0,0.0,94.0,50.0,12.0,62.0,416.0,66.5,24.7,0.0,7.2,0.3,0.0,57.1,60.3,2.0,20.1,0.0,9.2,725.0,467.0,8.0,43.0,1.0,0.0,60.1,5.1,5.8,4.0,0.3,20.7,1.2,0.0,0.1,1.1,0,0.5,7.5,49.2,7.1,6.6,2.6,3.8,26.7,0.0,0.5,0.2,0.0,0,0.3,0.0,400.0,0.0,45.0,38.0,2.0,451.0,75.0,3.0,0.0,0.0,0,5.0,87.0,5.05,2.75,2.13,21.7,0.41,0.11,0.1,1.9,5.79,2.44,2.04,14.3,0.16,0.07,0.09,1.81,1034.0,有,有
994,2024,663.0,51.8,0.0,8.1,4.9,0.0,0.0,38.1,62.8,0.2,4.2,2.8,1.5,2.8,37.5,353.0,0.0,151.0,2.0,6.0,12.0,242.0,36.5,28.5,2.0,9.8,0.0,5.7,72.9,14.4,0.6,0.0,0.3,14.0,855.0,734.0,43.0,94.0,0.0,0.0,80.9,4.6,6.5,2.7,0.0,45.2,1.9,0.1,0.0,0.0,0,0.0,9.7,73.0,0.0,4.5,3.4,0.9,41.2,2.4,0.0,0.3,8.6,0,0.2,0.0,563.0,4.0,42.0,34.0,0.0,378.0,0.0,3.0,3.0,16.0,0,8.0,25.0,5.34,2.72,2.03,20.9,0.42,0.11,0.09,2.1,5.79,2.16,1.72,15.8,0.23,0.06,0.1,1.5,1132.0,有,有
995,2024,701.0,78.5,0.0,5.9,1.0,1.4,1.8,26.4,76.4,0.4,6.1,0.0,0.0,0.7,52.8,549.0,0.0,22.0,9.0,26.0,12.0,431.0,5.9,23.5,2.3,1.3,0.0,7.0,80.1,44.1,0.6,0.0,0.7,5.7,866.0,351.0,5.0,26.0,4.0,40.0,72.1,2.9,7.6,2.4,0.0,24.4,2.1,0.2,0.0,0.0,0,0.7,0.0,63.0,3.3,0.9,9.0,3.0,33.7,0.4,0.5,0.2,10.2,0,0.2,2.6,541.0,36.0,45.0,23.0,9.0,282.0,26.0,4.0,2.0,32.0,0,4.0,10.0,4.96,2.76,2.01,22.5,0.26,0.1,0.12,1.8,3.63,2.33,1.79,17.2,0.26,0.1,0.1,1.59,1050.0,有,有
996,2024,513.0,63.5,0.2,0.0,0.0,2.0,2.9,41.5,49.8,0.0,0.0,6.0,4.4,0.2,61.6,802.0,0.0,52.0,62.0,4.0,36.0,391.0,54.7,32.8,0.0,0.0,0.0,6.6,26.4,51.6,0.0,3.2,0.1,0.0,716.0,222.0,25.0,0.0,0.0,108.0,51.4,0.0,4.6,2.0,0.0,26.8,2.5,0.3,0.0,5.9,0,0.0,2.6,72.4,5.9,2.4,3.4,1.0,32.1,0.0,0.0,0.1,0.0,0,0.1,2.4,438.0,38.0,46.0,0.0,0.0,302.0,54.0,3.0,1.0,0.0,0,2.0,50.0,5.14,2.72,2.03,22.8,0.22,0.1,0.09,2.3,5.79,2.63,1.52,24.9,0.15,0.05,0.07,1.21,1052.0,有,有
997,2024,1019.0,78.0,0.0,6.4,0.0,2.2,5.1,48.4,70.1,0.0,11.8,9.4,0.0,5.0,35.9,220.0,0.0,0.0,92.0,0.0,11.0,480.0,54.0,30.0,1.3,3.1,0.5,0.0,57.6,39.8,0.5,5.0,0.4,0.0,583.0,313.0,0.0,83.0,7.0,14.0,61.5,1.6,4.4,2.1,0.0,27.0,0.0,0.3,0.0,4.5,0,0.0,0.0,55.2,5.1,3.8,2.5,0.7,32.8,3.0,0.0,0.0,17.3,0,0.0,0.0,499.0,25.0,85.0,0.0,13.0,346.0,37.0,4.0,1.0,14.0,0,0.0,34.0,5.48,2.72,2.05,20.3,0.37,0.09,0.09,1.5,4.74,2.41,2.2,20.4,0.25,0.06,0.07,2.18,1138.0,有,有
998,2024,707.0,67.6,0.2,0.0,0.0,0.7,1.7,37.1,44.8,0.4,3.3,0.0,0.0,0.0,37.9,824.0,2.0,30.0,59.0,0.0,68.0,386.0,60.0,53.2,1.4,0.0,0.0,0.4,51.9,46.3,0.0,0.0,0.3,0.4,782.0,419.0,21.0,98.0,5.0,24.0,59.7,3.2,2.2,1.5,0.0,28.7,2.3,0.0,0.1,0.0,0,0.4,0.0,53.1,4.8,6.9,0.0,2.5,21.3,1.3,0.4,0.0,11.7,0,0.0,5.5,558.0,20.0,34.0,14.0,2.0,247.0,31.0,9.0,3.0,1.0,0,0.0,54.0,5.3,2.76,2.03,24.2,0.34,0.07,0.06,2.3,5.44,2.89,1.79,16.0,0.25,0.07,0.07,1.14,1121.0,有,有
999,2024,378.0,70.0,0.1,2.5,0.0,0.2,5.0,37.6,54.2,0.1,3.4,8.0,1.9,0.0,56.7,468.0,0.0,0.0,61.0,14.0,19.0,344.0,78.2,24.8,3.0,0.2,0.1,0.0,48.1,59.8,1.2,0.0,0.0,8.1,357.0,488.0,44.0,81.0,0.0,0.0,78.8,0.0,5.5,1.5,0.6,24.3,0.7,0.0,0.0,12.0,0,0.5,7.0,59.9,2.7,6.1,1.8,1.6,40.4,0.0,0.4,0.0,0.0,0,0.0,0.3,769.0,59.0,12.0,28.0,0.0,210.0,1.0,2.0,0.0,0.0,0,0.0,25.0,5.41,2.76,2.05,20.4,0.31,0.07,0.06,2.0,5.79,2.89,1.9,14.7,0.16,0.06,0.05,1.58,1111.0,有,有
1000,2024,296.0,87.1,0.3,3.7,4.9,0.0,2.0,44.0,52.6,0.0,0.0,0.0,0.0,3.2,30.6,606.0,3.0,0.0,101.0,0.0,18.0,325.0,67.5,34.8,0.0,0.0,0.2,1.6,81.5,22.9,3.2,0.0,0.2,0.2,311.0,608.0,20.0,70.0,5.0,94.0,71.7,2.2,6.9,3.7,4.4,26.9,0.0,0.3,0.0,0.0,0,0.1,2.7,53.5,0.0,0.4,4.5,0.7,30.9,1.1,0.4,0.0,5.9,0,0.6,1.9,336.0,38.0,19.0,65.0,0.0,431.0,1.0,3.0,0.0,11.0,0,0.0,134.0,5.4,2.71,2.04,23.6,0.31,0.08,0.08,2.4,5.79,2.41,2.02,24.9,0.15,0.07,0.06,1.46,1009.0,有,有
1001,2024,732.0,62.8,0.0,15.8,6.7,0.4,3.8,36.9,69.6,0.4,7.6,0.0,0.7,0.8,49.5,560.0,3.0,0.0,39.0,3.0,67.0,468.0,55.1,42.0,1.1,7.7,0.1,0.0,22.0,43.9,3.5,8.5,0.3,2.0,538.0,430.0,17.0,0.0,2.0,94.0,53.4,2.2,7.0,1.8,1.9,32.0,0.7,0.0,0.0,0.0,0,0.6,0.0,69.5,0.0,6.1,5.2,1.0,28.5,1.5,0.0,0.1,0.0,0,0.0,7.3,564.0,16.0,61.0,50.0,4.0,63.0,23.0,1.0,1.0,137.0,0,0.0,86.0,5.16,2.74,2.09,20.7,0.26,0.07,0.08,2.2,2.88,2.05,1.82,20.3,0.21,0.06,0.06,1.91,1035.0,有,有
1002,2024,1068.0,49.9,0.0,0.0,0.4,2.1,4.9,20.0,45.2,0.2,0.0,5.2,3.1,6.3,41.3,426.0,0.0,32.0,74.0,0.0,0.0,489.0,74.5,33.5,0.3,2.5,0.0,0.0,52.5,42.1,0.9,13.5,0.1,1.1,385.0,373.0,9.0,0.0,0.0,86.0,69.3,2.0,3.2,0.4,1.8,15.8,1.9,0.0,0.1,8.1,0,0.0,12.8,55.5,5.4,1.3,1.4,2.2,27.9,0.5,0.3,0.2,0.0,0,0.0,5.3,764.0,24.0,27.0,36.0,30.0,324.0,39.0,6.0,0.0,0.0,0,2.0,0.0,5.05,2.76,2.06,18.8,0.2,0.08,0.1,2.2,4.91,2.89,2.1,22.4,0.2,0.06,0.06,1.16,968.0,有,有
1003,2024,510.0,51.9,0.0,0.9,0.0,2.3,4.8,37.1,68.4,0.0,0.0,0.0,2.4,1.1,55.2,569.0,0.0,0.0,62.0,11.0,0.0,492.0,66.1,37.7,0.0,0.0,0.0,1.3,68.8,58.5,0.2,0.2,0.0,6.4,549.0,512.0,0.0,27.0,1.0,43.0,58.0,0.3,4.0,1.1,1.6,26.2,0.0,0.4,0.0,6.4,0,0.0,16.0,27.1,3.2,4.2,7.7,1.8,41.5,0.7,0.1,0.3,0.0,0,0.5,0.0,866.0,60.0,0.0,13.0,3.0,359.0,0.0,2.0,2.0,71.0,0,3.0,65.0,5.38,2.74,2.07,22.9,0.31,0.09,0.06,2.1,5.79,2.89,1.81,19.1,0.22,0.07,0.08,0.84,1111.0,有,有
1004,2024,545.0,56.4,0.0,0.0,2.6,2.8,5.5,36.3,55.4,0.0,0.0,0.1,0.0,0.0,40.4,553.0,4.0,0.0,9.0,10.0,14.0,490.0,41.9,53.8,0.0,2.6,0.0,2.5,44.8,35.1,2.7,0.0,0.8,0.0,486.0,307.0,6.0,0.0,2.0,0.0,58.7,4.6,0.3,3.2,0.0,28.2,1.4,0.2,0.0,0.0,0,0.3,8.5,62.1,3.1,7.8,0.0,1.5,21.6,0.0,0.0,0.0,0.0,0,0.0,0.0,334.0,24.0,31.0,0.0,19.0,311.0,41.0,0.0,2.0,90.0,0,1.0,0.0,5.12,2.68,2.03,22.1,0.27,0.09,0.07,2.0,5.79,2.89,1.73,17.8,0.2,0.06,0.04,1.09,1084.0,有,有
1005,2024,807.0,66.8,0.1,2.3,12.4,1.7,1.6,19.5,86.8,0.0,0.0,4.4,2.7,1.2,58.2,518.0,0.0,0.0,18.0,0.0,38.0,230.0,38.1,50.7,1.2,3.4,0.4,0.0,46.8,25.5,0.0,0.5,0.1,13.3,685.0,506.0,23.0,11.0,5.0,0.0,58.1,2.2,3.9,0.6,0.0,45.5,1.4,0.2,0.0,6.9,0,0.0,0.1,49.8,5.3,4.7,1.2,1.7,32.5,0.2,0.1,0.0,10.9,0,0.3,14.1,398.0,80.0,71.0,0.0,23.0,256.0,21.0,4.0,0.0,0.0,0,1.0,0.0,5.12,2.7,2.03,22.3,0.22,0.09,0.11,2.3,5.79,2.54,2.04,9.8,0.21,0.06,0.06,0.74,1037.0,有,有
1006,2024,768.0,55.6,0.0,0.0,0.0,0.0,0.0,19.3,24.8,0.2,8.3,0.0,1.1,5.0,36.8,768.0,8.0,71.0,13.0,17.0,68.0,210.0,54.2,39.2,0.3,3.0,0.7,0.0,73.9,19.1,0.0,9.9,0.0,1.2,866.0,358.0,9.0,59.0,3.0,0.0,62.4,0.0,1.8,2.8,2.1,33.3,0.0,0.2,0.1,10.7,0,0.6,0.0,53.9,0.6,2.6,0.8,0.0,21.0,4.0,0.0,0.0,0.0,0,0.0,0.0,544.0,64.0,94.0,21.0,16.0,287.0,0.0,5.0,1.0,10.0,0,0.0,108.0,5.32,2.7,2.03,22.6,0.22,0.07,0.09,3.0,5.13,2.11,1.75,23.0,0.24,0.04,0.02,1.32,1000.0,有,有
1007,2024,217.0,53.0,0.4,0.8,0.0,0.0,0.0,21.0,70.1,0.3,0.0,0.0,0.9,0.0,53.6,820.0,0.0,2.0,0.0,0.0,105.0,596.0,61.4,54.8,0.7,5.3,0.0,1.0,48.9,47.6,0.8,1.8,0.3,1.4,583.0,469.0,5.0,114.0,6.0,0.0,59.1,0.5,4.6,7.2,0.5,32.8,1.1,0.2,0.1,0.0,0,0.2,2.0,75.0,4.7,7.8,5.3,0.8,33.7,1.5,0.3,0.0,0.0,0,0.1,3.7,450.0,75.0,77.0,52.0,42.0,244.0,23.0,3.0,0.0,52.0,0,3.0,72.0,5.31,2.75,1.97,24.0,0.32,0.09,0.1,2.7,5.77,2.68,1.68,24.9,0.18,0.09,0.08,0.86,1090.0,有,有
1008,2024,1030.0,48.9,0.0,0.0,0.1,1.6,5.6,35.8,63.4,0.0,10.6,5.0,2.2,0.7,49.5,371.0,0.0,0.0,0.0,0.0,60.0,323.0,60.3,47.3,1.8,0.0,0.0,0.0,37.3,25.8,0.8,12.2,0.0,4.3,608.0,561.0,0.0,79.0,5.0,0.0,25.6,2.5,6.5,1.0,2.2,22.9,0.0,0.0,0.2,3.0,0,0.0,5.4,72.4,2.9,5.8,1.0,0.7,19.2,2.0,0.0,0.0,0.0,0,0.2,6.4,465.0,18.0,24.0,48.0,27.0,246.0,0.0,4.0,0.0,0.0,0,2.0,44.0,5.63,2.75,2.02,23.2,0.36,0.08,0.11,2.1,4.48,2.89,1.46,19.2,0.17,0.07,0.07,2.22,1081.0,有,有
1009,2024,1055.0,62.4,0.1,0.0,0.0,0.0,5.4,32.5,45.4,0.3,9.1,8.0,0.0,5.9,43.8,533.0,0.0,0.0,38.0,16.0,13.0,399.0,25.4,31.7,1.4,0.0,0.2,5.2,57.1,32.0,1.4,0.0,0.1,9.1,675.0,702.0,7.0,76.0,1.0,34.0,20.0,0.0,3.1,3.6,1.4,33.3,0.0,0.0,0.1,0.0,0,0.5,0.0,51.4,1.2,2.2,6.0,2.2,27.4,3.1,0.0,0.0,2.7,0,0.1,8.4,303.0,0.0,52.0,41.0,0.0,337.0,11.0,4.0,1.0,0.0,0,4.0,0.0,5.16,2.65,2.0,18.8,0.23,0.07,0.11,2.0,5.79,2.89,1.88,17.5,0.22,0.07,0.08,1.97,1023.0,有,有
1010,2024,516.0,81.8,0.3,22.2,10.3,0.0,0.0,37.7,66.1,0.2,7.4,0.0,1.2,3.2,47.1,536.0,3.0,50.0,95.0,34.0,0.0,471.0,33.8,28.5,2.0,15.1,0.1,1.6,55.6,52.9,0.1,0.0,0.4,9.7,564.0,488.0,49.0,90.0,3.0,68.0,30.8,3.3,0.0,0.5,0.0,47.1,0.1,0.2,0.1,6.3,0,0.0,21.0,39.5,0.0,4.1,2.9,0.9,35.6,0.6,0.6,0.0,0.0,0,0.0,0.0,448.0,37.0,39.0,1.0,39.0,370.0,10.0,7.0,0.0,109.0,0,9.0,0.0,5.13,2.69,2.03,21.7,0.37,0.09,0.09,2.0,4.47,2.89,1.99,22.6,0.24,0.08,0.07,1.73,1030.0,有,有
1011,2024,636.0,64.0,0.5,7.5,7.6,0.3,1.8,17.1,37.3,0.0,12.0,6.0,1.2,2.0,50.1,445.0,2.0,0.0,13.0,54.0,36.0,248.0,50.0,62.4,3.1,2.3,0.4,0.0,30.5,52.7,1.9,0.8,0.1,0.0,505.0,467.0,24.0,0.0,1.0,0.0,50.6,7.5,1.5,0.0,0.0,21.6,0.8,0.3,0.0,0.0,0,0.4,0.0,63.4,5.0,5.5,1.0,0.0,26.3,2.5,0.4,0.2,3.6,0,0.0,4.9,543.0,81.0,78.0,48.0,22.0,328.0,21.0,0.0,0.0,0.0,0,3.0,0.0,5.26,2.72,2.02,20.7,0.43,0.08,0.07,2.0,4.16,2.65,1.54,21.0,0.21,0.09,0.08,1.23,1050.0,有,有
1012,2024,648.0,43.8,0.0,6.5,2.2,1.6,3.2,27.7,57.2,0.0,6.9,15.6,3.6,4.0,61.4,712.0,0.0,0.0,0.0,17.0,13.0,449.0,43.5,27.5,1.2,5.1,0.8,0.5,76.0,51.4,2.5,0.0,0.0,0.0,528.0,192.0,26.0,50.0,2.0,80.0,75.0,0.2,0.0,1.8,0.4,26.5,0.0,0.6,0.2,0.0,0,0.3,6.3,59.4,1.0,7.1,7.3,1.3,19.2,1.1,0.0,0.5,0.0,0,0.3,6.8,473.0,12.0,49.0,28.0,3.0,301.0,2.0,1.0,0.0,0.0,0,0.0,114.0,5.28,2.76,2.04,24.7,0.3,0.08,0.1,2.4,3.98,2.38,2.2,24.9,0.13,0.06,0.08,1.13,1065.0,有,有
1013,2024,212.0,84.6,0.5,13.0,14.4,1.6,4.0,20.0,45.7,0.3,0.0,2.7,1.6,5.9,54.7,804.0,0.0,87.0,40.0,5.0,56.0,459.0,61.3,39.1,0.5,1.3,0.5,2.7,49.5,28.5,1.4,4.3,0.0,2.9,496.0,465.0,31.0,8.0,0.0,85.0,79.0,2.9,2.5,2.3,0.0,17.9,0.0,0.3,0.1,0.0,0,0.5,3.3,64.6,4.7,4.5,7.8,4.5,29.1,0.0,0.0,0.0,9.8,0,0.3,0.0,398.0,28.0,41.0,20.0,17.0,416.0,20.0,3.0,1.0,0.0,0,4.0,32.0,5.17,2.73,2.05,21.9,0.27,0.09,0.1,1.9,5.25,2.1,2.02,14.8,0.17,0.07,0.07,1.75,1007.0,有,有
1014,2024,414.0,65.5,0.0,4.6,2.8,0.0,3.2,31.8,54.4,0.0,5.8,5.9,1.8,5.5,33.3,379.0,3.0,0.0,76.0,4.0,40.0,450.0,60.3,40.9,0.9,1.5,0.0,2.3,52.8,58.3,2.7,0.0,0.2,0.0,326.0,157.0,7.0,48.0,2.0,0.0,62.3,6.6,5.1,5.2,2.1,19.8,0.0,0.2,0.0,0.0,0,0.3,2.5,65.1,2.9,6.5,5.5,2.6,43.0,4.3,0.1,0.0,0.0,0,0.0,4.4,525.0,39.0,115.0,59.0,3.0,398.0,24.0,2.0,0.0,124.0,0,3.0,31.0,5.26,2.73,2.07,22.1,0.3,0.09,0.1,2.4,2.9,2.75,2.2,24.9,0.21,0.05,0.07,1.26,998.0,有,有
1015,2024,46.0,59.3,0.3,13.7,10.3,1.1,2.4,18.9,72.3,0.3,0.0,1.7,0.8,0.7,38.6,473.0,0.0,0.0,17.0,28.0,0.0,320.0,77.5,29.7,1.3,4.8,0.2,6.3,79.5,44.9,1.1,0.0,0.0,13.4,320.0,362.0,18.0,3.0,2.0,0.0,49.1,4.0,4.0,0.2,0.0,24.1,0.0,0.4,0.1,0.0,0,0.3,6.2,70.5,2.4,4.1,1.3,0.0,35.9,0.0,0.0,0.3,0.0,0,0.1,8.3,664.0,0.0,43.0,44.0,7.0,187.0,25.0,0.0,0.0,156.0,0,2.0,103.0,5.41,2.74,2.07,22.8,0.34,0.07,0.1,2.5,5.79,1.35,1.76,20.3,0.17,0.07,0.1,2.33,1119.0,有,有
1016,2024,255.0,88.6,0.0,11.3,5.9,1.0,0.0,16.5,64.3,0.0,8.1,6.8,1.9,2.2,52.7,578.0,5.0,12.0,147.0,11.0,35.0,273.0,41.0,31.7,0.0,3.5,0.3,4.6,44.4,36.5,0.0,0.0,0.5,0.0,469.0,262.0,9.0,157.0,0.0,7.0,30.2,0.0,7.7,7.0,0.5,28.2,0.6,0.3,0.4,0.0,0,0.0,2.9,45.8,2.7,4.6,3.2,3.5,18.9,2.6,0.2,0.0,0.0,0,0.0,13.5,691.0,0.0,80.0,32.0,10.0,262.0,0.0,2.0,0.0,102.0,0,9.0,0.0,5.29,2.74,2.06,22.8,0.41,0.09,0.08,2.9,5.79,2.39,1.41,20.4,0.23,0.06,0.07,1.02,1073.0,有,有
1017,2024,483.0,50.5,0.2,0.0,10.6,0.3,6.0,43.1,85.6,0.3,0.0,4.9,2.6,1.7,38.7,675.0,0.0,33.0,15.0,32.0,84.0,380.0,49.8,53.2,1.7,6.5,0.0,2.0,45.3,46.6,0.0,3.1,0.0,1.8,593.0,519.0,26.0,31.0,3.0,38.0,46.5,1.5,4.7,9.2,2.1,24.8,1.7,0.1,0.2,2.2,0,0.2,7.5,68.0,0.0,2.6,4.3,4.3,36.8,0.3,0.3,0.0,3.5,0,0.1,5.5,693.0,68.0,150.0,13.0,27.0,273.0,20.0,4.0,0.0,97.0,0,0.0,39.0,5.27,2.7,2.06,23.6,0.32,0.07,0.07,1.6,2.6,2.56,1.84,23.1,0.14,0.05,0.05,1.67,989.0,有,有
1018,2024,792.0,59.5,0.3,0.0,0.0,2.0,3.4,15.5,65.5,0.4,4.3,0.2,0.6,0.0,36.8,664.0,0.0,0.0,0.0,16.0,48.0,480.0,73.4,27.4,0.0,0.0,0.1,0.0,63.6,49.7,2.0,4.8,0.4,5.4,509.0,333.0,9.0,46.0,1.0,0.0,80.3,6.8,6.5,5.2,0.0,23.9,0.7,0.1,0.0,0.0,0,0.0,0.0,24.1,0.0,0.0,1.1,2.7,33.2,0.0,0.1,0.0,0.0,0,0.0,10.4,531.0,39.0,52.0,56.0,4.0,294.0,12.0,2.0,2.0,0.0,0,0.0,67.0,5.44,2.77,2.04,21.5,0.34,0.09,0.06,2.0,5.34,2.89,2.2,23.1,0.21,0.06,0.06,1.5,1149.0,有,有
1019,2024,746.0,58.6,0.0,14.3,4.1,1.2,0.0,13.9,37.8,0.4,0.0,4.7,2.3,0.0,15.1,581.0,0.0,44.0,49.0,0.0,77.0,294.0,81.4,55.8,0.7,0.0,0.0,3.7,53.2,43.2,2.4,0.0,0.7,3.4,571.0,343.0,30.0,0.0,0.0,51.0,50.6,2.0,7.7,1.2,1.7,22.1,1.8,0.2,0.1,7.1,0,0.4,0.0,51.5,5.5,8.1,7.1,2.6,25.4,0.9,0.1,0.0,14.4,0,0.3,6.3,605.0,13.0,28.0,72.0,10.0,379.0,0.0,5.0,0.0,0.0,0,7.0,115.0,5.1,2.72,2.0,23.7,0.36,0.09,0.09,2.1,3.99,2.89,1.99,24.6,0.32,0.08,0.07,1.62,1034.0,有,有
1020,2024,729.0,48.3,0.0,0.0,4.7,1.1,1.6,20.9,44.4,0.1,8.6,0.0,0.0,4.5,20.5,572.0,5.0,24.0,84.0,0.0,42.0,568.0,71.6,24.2,0.9,0.0,0.0,4.7,34.9,45.1,0.9,0.0,0.2,0.0,452.0,650.0,0.0,36.0,0.0,97.0,64.8,0.5,6.7,6.9,0.0,35.3,1.0,0.3,0.0,0.0,0,0.4,9.9,81.0,6.9,4.0,0.0,2.5,21.1,0.0,0.0,0.1,6.0,0,0.6,7.9,288.0,77.0,103.0,45.0,4.0,274.0,33.0,2.0,1.0,0.0,0,2.0,4.0,5.09,2.79,2.11,21.6,0.49,0.08,0.09,1.8,4.51,2.74,1.89,23.1,0.19,0.06,0.08,1.71,1058.0,有,有
1021,2024,246.0,39.8,0.0,8.5,0.0,0.3,5.7,49.3,65.9,0.6,14.6,0.0,2.7,5.5,43.2,419.0,3.0,20.0,23.0,0.0,49.0,334.0,47.0,28.1,1.3,10.1,0.0,5.0,37.6,57.3,0.0,0.0,0.2,0.0,468.0,261.0,11.0,143.0,0.0,16.0,67.2,0.4,0.0,2.1,0.1,30.8,1.3,0.4,0.1,3.0,0,0.0,0.2,78.1,6.4,3.6,1.7,3.3,47.5,0.0,0.3,0.0,0.0,0,0.4,0.0,582.0,7.0,55.0,33.0,19.0,239.0,0.0,3.0,4.0,131.0,0,8.0,111.0,5.29,2.75,2.04,22.1,0.3,0.08,0.09,2.5,4.63,2.43,1.92,20.4,0.14,0.06,0.08,1.54,1149.0,有,有
1022,2024,142.0,71.7,0.0,4.0,0.0,0.0,7.2,35.9,66.2,0.4,1.2,0.0,0.0,1.7,23.2,177.0,0.0,0.0,17.0,0.0,50.0,272.0,61.4,9.8,0.3,2.9,0.1,0.0,52.1,40.7,0.0,5.3,0.2,1.8,660.0,505.0,8.0,0.0,0.0,12.0,63.9,0.2,7.0,4.1,1.6,41.6,4.6,0.0,0.1,0.0,0,0.0,4.6,55.9,4.2,4.0,2.9,3.0,15.4,3.2,0.6,0.3,0.4,0,0.0,2.5,787.0,67.0,107.0,25.0,16.0,355.0,7.0,6.0,0.0,0.0,0,0.0,23.0,4.99,2.75,2.0,22.0,0.26,0.07,0.09,2.5,4.71,2.86,2.17,22.2,0.12,0.06,0.08,1.61,1052.0,有,有
1023,2024,606.0,84.0,0.0,4.1,3.9,1.0,0.0,26.8,32.5,0.4,18.0,0.0,1.4,3.6,34.0,572.0,1.0,33.0,31.0,0.0,20.0,411.0,88.7,26.8,0.0,5.3,0.3,3.3,44.0,54.1,0.0,0.0,0.0,3.7,276.0,667.0,0.0,20.0,0.0,24.0,69.4,5.1,4.0,0.0,2.7,13.6,1.6,0.1,0.0,0.0,0,0.0,0.0,61.2,2.4,3.0,3.5,1.6,9.1,0.0,0.3,0.0,0.0,0,0.0,2.6,726.0,0.0,57.0,49.0,27.0,225.0,21.0,1.0,0.0,40.0,0,4.0,125.0,5.46,2.74,1.96,20.7,0.28,0.11,0.1,2.1,5.79,2.66,1.31,15.9,0.22,0.09,0.06,1.14,1090.0,有,有
1024,2024,111.0,43.3,0.1,0.0,3.4,0.0,3.7,25.2,46.0,0.3,0.0,2.7,0.0,2.8,24.2,675.0,0.0,0.0,0.0,5.0,38.0,416.0,43.5,40.7,2.4,12.6,0.2,6.3,50.2,44.1,0.0,0.0,0.1,7.9,733.0,449.0,6.0,34.0,3.0,0.0,52.2,5.6,1.8,2.0,0.6,23.0,0.3,0.0,0.0,5.9,0,0.0,0.8,67.8,5.9,0.0,0.9,3.3,28.2,0.1,0.3,0.0,0.0,0,0.0,11.1,866.0,54.0,0.0,6.0,0.0,275.0,10.0,2.0,0.0,0.0,0,4.0,12.0,5.53,2.73,2.08,21.7,0.41,0.06,0.11,1.9,4.11,2.8,2.0,20.8,0.26,0.08,0.09,1.33,1020.0,有,有
1025,2024,509.0,53.7,0.0,11.7,5.2,0.0,3.1,7.8,44.5,0.0,0.0,0.0,0.0,0.1,27.1,656.0,3.0,0.0,65.0,0.0,28.0,338.0,73.8,61.4,1.5,3.0,0.5,3.7,72.8,49.4,0.0,2.1,0.1,8.0,442.0,208.0,56.0,0.0,4.0,0.0,42.8,0.6,0.4,2.7,0.0,20.0,0.0,0.3,0.1,3.4,0,0.0,8.3,20.8,0.0,4.2,0.8,2.4,56.2,0.0,0.0,0.1,6.3,0,0.0,0.3,740.0,9.0,4.0,11.0,0.0,268.0,15.0,7.0,0.0,0.0,0,3.0,4.0,5.38,2.69,2.01,22.9,0.42,0.09,0.07,2.6,5.44,2.57,1.22,18.1,0.26,0.08,0.06,1.81,1056.0,有,有
1026,2024,769.0,56.3,0.1,9.5,0.0,0.0,1.4,23.4,24.6,0.0,0.0,1.2,3.5,2.9,31.6,598.0,5.0,101.0,0.0,1.0,27.0,265.0,45.0,44.6,0.0,3.9,0.0,0.8,47.0,43.0,0.0,0.0,0.4,6.0,585.0,329.0,12.0,0.0,0.0,0.0,88.7,3.4,2.7,6.4,0.4,8.3,2.1,0.0,0.2,0.1,0,0.2,0.0,45.6,2.0,3.9,0.0,2.8,1.2,2.5,0.8,0.6,0.0,0,0.2,6.7,624.0,20.0,42.0,73.0,0.0,295.0,21.0,1.0,3.0,66.0,0,5.0,112.0,5.41,2.73,2.12,22.6,0.25,0.07,0.06,2.2,5.38,2.79,2.13,8.9,0.16,0.09,0.08,2.23,1091.0,有,有
1027,2024,810.0,68.9,0.2,0.0,5.5,0.4,0.1,25.9,50.4,0.4,13.7,4.2,1.6,3.8,29.8,752.0,9.0,0.0,148.0,31.0,35.0,146.0,70.8,49.4,3.2,5.9,0.5,5.6,58.6,66.9,0.9,5.0,0.2,2.0,679.0,367.0,56.0,0.0,3.0,52.0,61.3,4.1,5.4,0.4,0.0,30.0,1.2,0.6,0.0,0.0,0,0.0,4.1,51.9,1.0,4.7,5.3,0.5,12.3,0.0,0.4,0.2,0.5,0,0.7,0.0,369.0,33.0,8.0,53.0,0.0,409.0,18.0,1.0,0.0,0.0,0,0.0,38.0,5.01,2.71,2.01,24.4,0.25,0.07,0.08,2.1,5.79,2.89,2.2,24.9,0.24,0.06,0.08,1.65,1088.0,有,有
1028,2024,226.0,71.0,0.0,0.0,5.6,0.0,5.2,39.6,41.6,0.0,0.0,0.0,0.0,3.8,13.2,432.0,5.0,0.0,88.0,3.0,0.0,613.0,44.6,36.0,0.7,9.4,0.0,0.0,73.3,32.4,0.6,17.5,0.1,0.0,338.0,426.0,31.0,0.0,1.0,44.0,42.9,4.3,0.8,4.1,0.0,27.0,1.9,0.2,0.0,8.0,0,0.4,3.5,45.1,4.6,0.0,2.6,0.0,18.3,0.5,0.5,0.1,0.0,0,0.2,0.0,625.0,30.0,43.0,3.0,6.0,441.0,42.0,0.0,0.0,57.0,0,2.0,0.0,5.15,2.77,2.03,23.9,0.29,0.07,0.08,1.7,4.74,2.89,2.2,22.0,0.2,0.1,0.09,0.98,1050.0,有,有
1029,2024,282.0,55.5,0.0,0.0,0.8,1.7,5.6,34.6,45.1,0.1,0.0,9.3,0.3,0.0,38.1,543.0,6.0,0.0,79.0,0.0,41.0,363.0,38.6,38.4,2.2,0.0,0.1,0.0,48.3,51.4,0.5,1.4,0.1,6.9,525.0,471.0,16.0,0.0,0.0,0.0,49.9,5.7,3.8,5.2,3.0,33.0,0.0,0.3,0.0,6.9,0,0.2,10.5,44.0,6.9,4.1,0.8,0.2,30.8,0.0,0.3,0.2,6.5,0,0.2,6.3,593.0,13.0,8.0,5.0,1.0,484.0,0.0,1.0,2.0,32.0,0,1.0,26.0,5.44,2.7,2.03,22.0,0.28,0.09,0.09,2.0,2.88,2.45,1.28,22.8,0.2,0.05,0.1,0.99,1127.0,有,有
1030,2024,407.0,71.0,0.0,5.6,0.0,0.5,3.5,32.2,65.7,0.0,0.0,6.5,1.8,4.9,38.5,594.0,4.0,0.0,51.0,0.0,35.0,590.0,53.4,43.1,0.0,0.0,0.0,0.0,55.2,48.2,1.9,11.7,0.0,1.5,690.0,430.0,2.0,24.0,1.0,36.0,65.6,7.0,7.6,3.9,0.1,26.1,0.8,0.1,0.0,0.0,0,0.0,0.0,77.6,6.1,1.7,8.2,1.9,35.0,0.0,0.4,0.3,0.2,0,0.0,0.0,601.0,0.0,56.0,70.0,21.0,271.0,0.0,0.0,3.0,98.0,0,0.0,57.0,5.4,2.71,2.04,22.0,0.27,0.08,0.09,2.1,5.79,2.45,2.2,24.9,0.17,0.05,0.08,1.76,1134.0,有,有
1031,2024,405.0,48.8,0.1,0.0,8.0,0.9,1.8,29.6,50.7,0.4,0.0,0.0,0.0,2.3,12.5,608.0,2.0,0.0,0.0,39.0,29.0,251.0,53.1,33.2,0.3,11.9,0.0,5.2,53.2,34.8,2.0,0.0,0.8,0.0,562.0,419.0,11.0,0.0,8.0,0.0,55.9,0.0,0.4,5.4,0.3,20.8,0.4,0.2,0.1,0.0,0,0.0,5.2,62.3,6.0,1.1,2.5,1.1,28.7,0.0,0.2,0.2,3.4,0,0.2,5.1,802.0,0.0,24.0,66.0,0.0,136.0,18.0,3.0,0.0,0.0,0,0.0,66.0,5.22,2.76,2.0,23.4,0.46,0.11,0.07,2.1,3.34,2.89,1.71,23.2,0.17,0.08,0.09,1.24,1055.0,有,有
1032,2024,597.0,68.4,0.5,4.8,3.0,0.3,1.4,53.1,59.3,0.0,3.3,0.6,0.0,3.3,35.2,662.0,2.0,0.0,36.0,0.0,39.0,586.0,49.1,52.5,1.8,1.6,0.1,0.0,59.7,45.3,0.0,0.0,0.0,0.0,512.0,423.0,6.0,86.0,0.0,0.0,68.0,0.3,6.5,4.6,2.3,24.8,0.4,0.2,0.2,3.5,0,0.0,5.8,59.4,4.4,0.0,4.8,0.0,27.4,1.5,0.0,0.0,0.0,0,0.0,11.3,434.0,39.0,0.0,0.0,7.0,301.0,0.0,3.0,0.0,13.0,0,0.0,0.0,5.3,2.74,2.02,24.0,0.23,0.08,0.08,1.9,5.79,2.89,2.09,20.1,0.2,0.05,0.04,1.21,1069.0,有,有
1033,2024,297.0,41.9,0.1,0.0,14.2,1.7,10.2,22.3,67.1,0.1,0.0,4.4,1.6,0.1,48.3,602.0,0.0,0.0,0.0,0.0,99.0,471.0,62.4,8.1,0.0,0.0,0.0,8.8,50.4,57.7,3.8,5.0,0.0,0.0,369.0,581.0,17.0,0.0,1.0,6.0,64.9,4.1,1.7,6.4,4.1,30.5,0.0,0.2,0.1,11.1,0,0.4,7.0,72.5,6.6,9.8,7.5,1.7,35.2,0.0,0.2,0.1,0.0,0,0.0,3.6,464.0,21.0,40.0,49.0,11.0,252.0,24.0,3.0,1.0,0.0,0,1.0,49.0,5.39,2.76,2.09,22.9,0.33,0.11,0.07,1.9,4.38,2.89,2.2,22.5,0.16,0.09,0.06,0.66,1112.0,有,有
1034,2024,852.0,64.2,0.3,4.3,8.8,1.2,0.0,24.7,45.9,0.1,7.1,0.0,0.7,2.3,42.7,658.0,5.0,60.0,41.0,0.0,0.0,498.0,53.9,46.4,1.9,11.3,0.0,6.5,51.4,28.3,1.9,7.9,0.7,2.9,687.0,523.0,0.0,0.0,1.0,59.0,52.7,0.0,3.9,3.1,2.0,25.9,0.1,0.4,0.0,6.9,0,0.1,2.7,62.2,1.9,5.9,4.7,2.7,17.1,0.0,0.0,0.1,3.6,0,0.5,0.0,546.0,40.0,87.0,0.0,9.0,347.0,21.0,2.0,2.0,19.0,0,3.0,110.0,5.02,2.75,2.02,22.1,0.21,0.07,0.1,2.6,5.43,2.89,2.1,18.4,0.18,0.07,0.08,1.2,1074.0,有,有
1035,2024,523.0,51.1,0.0,13.9,0.3,0.0,2.2,21.6,69.8,0.0,1.6,2.9,0.0,1.1,48.4,721.0,6.0,124.0,91.0,23.0,57.0,384.0,67.7,9.1,0.6,3.9,0.6,7.9,61.3,69.4,0.3,5.4,0.2,1.5,500.0,538.0,33.0,0.0,9.0,80.0,46.1,4.2,2.2,2.0,0.0,15.6,0.8,0.6,0.1,2.2,0,0.0,3.7,43.4,3.2,2.3,0.0,2.9,18.5,0.0,0.5,0.5,0.0,0,0.2,0.0,533.0,0.0,32.0,59.0,0.0,257.0,4.0,6.0,3.0,93.0,0,2.0,25.0,5.26,2.76,2.06,23.1,0.27,0.1,0.09,2.4,4.65,2.89,2.2,20.1,0.31,0.07,0.05,2.16,1089.0,有,有
1036,2024,610.0,70.1,0.3,0.0,0.0,0.1,5.7,14.0,79.3,0.0,0.2,0.9,0.0,5.5,61.4,305.0,7.0,0.0,0.0,9.0,99.0,290.0,51.9,32.5,1.9,6.1,0.0,10.0,59.6,19.3,1.4,0.0,0.3,0.0,665.0,504.0,0.0,0.0,6.0,0.0,46.9,3.8,5.9,0.1,0.0,31.2,2.2,0.1,0.1,1.7,0,0.1,2.7,76.3,7.2,8.1,0.0,1.0,23.5,0.7,0.1,0.1,0.0,0,0.0,0.4,330.0,64.0,56.0,20.0,21.0,227.0,12.0,2.0,1.0,0.0,0,0.0,51.0,5.31,2.72,2.05,21.5,0.2,0.07,0.1,2.2,3.32,2.89,2.2,21.8,0.15,0.1,0.07,1.55,1039.0,有,有
1037,2024,956.0,59.3,0.0,10.4,0.0,1.1,7.9,31.9,32.9,0.0,7.3,0.0,0.0,4.4,22.1,514.0,7.0,53.0,21.0,0.0,0.0,643.0,63.8,56.6,1.9,6.5,0.0,7.1,35.2,35.5,0.0,0.1,0.0,0.0,546.0,145.0,20.0,58.0,0.0,82.0,66.9,0.6,11.7,5.5,1.7,29.4,1.3,0.2,0.2,0.9,0,0.7,1.7,57.9,0.0,1.7,2.6,1.8,34.1,2.8,0.0,0.0,0.0,0,0.1,0.0,366.0,61.0,37.0,66.0,0.0,266.0,0.0,0.0,0.0,112.0,0,0.0,12.0,5.29,2.79,2.03,23.1,0.4,0.1,0.09,2.1,4.12,1.82,1.33,20.7,0.25,0.06,0.08,1.08,1179.0,有,有
1038,2024,1081.0,49.3,0.2,10.6,0.0,2.6,1.5,43.6,48.1,0.4,4.3,8.5,0.0,2.1,49.5,311.0,2.0,102.0,26.0,21.0,73.0,467.0,67.5,32.6,0.1,0.0,0.6,0.0,75.5,50.8,0.6,0.0,0.3,11.8,485.0,558.0,30.0,52.0,0.0,0.0,67.5,2.6,3.2,6.8,1.8,26.8,1.8,0.2,0.0,17.7,0,0.2,0.0,59.2,4.0,4.7,4.9,0.7,36.7,3.6,0.2,0.0,0.0,0,0.0,1.1,590.0,56.0,10.0,16.0,0.0,126.0,5.0,0.0,0.0,60.0,0,0.0,106.0,5.46,2.76,2.02,21.6,0.44,0.09,0.09,2.5,5.79,2.22,2.2,24.2,0.19,0.07,0.06,1.19,1095.0,有,有
1039,2024,213.0,63.5,0.0,0.0,0.0,0.1,4.0,37.6,74.6,0.9,0.0,7.9,0.0,5.2,46.3,797.0,0.0,109.0,47.0,0.0,57.0,433.0,78.6,26.3,0.0,0.0,0.0,0.0,60.4,10.5,1.2,0.0,0.6,10.3,651.0,347.0,29.0,68.0,0.0,0.0,55.1,4.6,1.4,4.6,2.0,12.5,2.4,0.2,0.3,0.0,0,0.3,3.7,51.0,8.5,5.1,0.1,1.0,31.0,2.5,0.5,0.1,0.0,0,0.4,0.0,633.0,70.0,88.0,46.0,14.0,210.0,7.0,1.0,1.0,16.0,0,5.0,96.0,5.24,2.75,2.04,23.0,0.22,0.1,0.1,1.8,4.28,2.89,2.2,16.4,0.14,0.02,0.08,1.55,1042.0,有,有
1040,2024,207.0,42.2,0.0,0.0,0.0,2.0,5.0,24.5,28.1,0.3,0.0,6.1,0.2,0.0,21.6,358.0,2.0,0.0,10.0,5.0,0.0,563.0,52.9,50.2,0.0,0.0,0.0,4.5,69.8,29.6,4.2,11.0,0.1,0.0,645.0,389.0,0.0,0.0,3.0,0.0,61.7,0.0,0.0,4.3,3.0,29.8,1.7,0.4,0.0,6.3,0,0.2,0.0,42.6,2.4,7.6,8.4,3.2,38.2,0.0,0.5,0.0,3.5,0,0.1,0.0,547.0,39.0,35.0,16.0,32.0,128.0,51.0,2.0,0.0,79.0,0,0.0,90.0,5.21,2.76,2.03,21.9,0.26,0.09,0.09,1.9,5.79,2.45,2.17,21.5,0.3,0.09,0.1,1.23,1098.0,有,有
1041,2024,520.0,67.9,0.3,0.0,3.9,0.0,1.8,29.2,37.5,0.0,0.0,3.2,1.7,3.3,31.3,554.0,1.0,1.0,82.0,9.0,90.0,287.0,38.6,35.3,0.0,0.0,0.3,0.0,48.1,56.0,4.5,3.1,0.0,0.0,297.0,730.0,16.0,89.0,2.0,51.0,71.5,0.0,0.0,3.4,0.9,17.6,0.1,0.6,0.1,4.6,0,0.1,5.6,56.9,4.2,0.0,3.8,0.9,32.0,4.4,0.3,0.2,1.3,0,0.3,11.2,326.0,50.0,66.0,75.0,20.0,279.0,23.0,8.0,1.0,43.0,0,6.0,46.0,5.47,2.75,2.07,25.3,0.34,0.07,0.08,3.1,4.17,2.06,1.89,19.2,0.12,0.03,0.06,1.84,1121.0,有,有
1042,2024,171.0,46.1,0.0,0.0,6.0,0.9,3.5,43.0,65.6,0.2,2.5,0.0,3.1,3.3,54.4,598.0,0.0,0.0,35.0,0.0,74.0,287.0,44.7,31.5,1.8,0.0,0.2,16.3,65.6,31.7,0.0,0.0,0.1,3.8,476.0,307.0,0.0,0.0,3.0,0.0,25.8,7.4,8.1,0.0,0.0,24.2,0.6,0.3,0.0,1.3,0,0.1,11.9,52.3,7.9,3.7,0.0,2.0,32.1,0.0,0.0,0.0,6.9,0,0.5,0.0,471.0,52.0,33.0,0.0,9.0,380.0,29.0,7.0,0.0,121.0,0,7.0,0.0,5.22,2.74,2.02,22.1,0.33,0.08,0.08,2.4,5.29,1.84,1.73,21.6,0.16,0.04,0.08,1.66,1013.0,有,有
1043,2024,662.0,72.3,0.3,0.0,0.0,0.0,0.0,12.4,76.7,0.7,3.3,2.9,0.1,0.0,28.1,372.0,2.0,0.0,47.0,25.0,28.0,491.0,72.5,28.7,0.7,0.0,0.0,6.3,61.7,20.2,3.6,3.5,0.2,9.3,806.0,472.0,14.0,0.0,0.0,115.0,53.5,4.1,4.9,8.4,1.6,20.6,0.0,0.2,0.1,1.5,0,0.1,0.7,35.1,5.6,2.9,4.8,0.5,36.3,0.0,0.0,0.4,0.0,0,0.0,10.3,775.0,35.0,0.0,72.0,0.0,260.0,3.0,0.0,4.0,2.0,0,0.0,33.0,5.16,2.76,2.08,22.7,0.23,0.1,0.06,2.3,4.05,2.89,2.2,17.5,0.13,0.07,0.07,0.94,1082.0,有,有
1044,2024,752.0,67.6,0.3,1.5,15.1,1.2,1.7,32.2,46.6,0.0,0.0,0.0,2.6,0.5,26.7,805.0,0.0,87.0,152.0,18.0,11.0,527.0,78.0,39.2,4.1,6.2,0.0,2.3,37.3,52.3,0.0,1.6,0.0,2.8,389.0,444.0,5.0,9.0,1.0,26.0,80.2,2.0,0.4,2.6,0.8,30.5,2.7,0.0,0.2,9.5,0,0.0,2.8,57.0,3.4,8.3,0.1,2.1,25.3,1.8,0.3,0.2,0.0,0,0.5,0.0,829.0,67.0,32.0,41.0,0.0,363.0,0.0,0.0,0.0,80.0,0,5.0,9.0,5.1,2.74,2.1,22.4,0.33,0.1,0.08,2.7,4.62,2.89,1.35,18.0,0.13,0.08,0.05,1.79,1065.0,有,有
1045,2024,8.0,36.5,0.5,3.9,0.0,0.4,3.0,40.9,52.3,0.2,4.4,1.3,0.0,5.9,37.6,534.0,1.0,0.0,72.0,2.0,0.0,513.0,76.1,55.5,0.0,0.0,0.0,10.1,53.9,23.4,1.8,5.0,0.0,0.7,667.0,170.0,6.0,58.0,0.0,24.0,38.0,0.0,6.7,7.8,2.4,28.2,0.0,0.1,0.0,0.0,0,0.0,8.1,42.0,4.6,7.4,6.1,1.2,30.5,2.9,0.0,0.3,0.0,0,0.2,9.7,430.0,0.0,43.0,63.0,45.0,315.0,44.0,1.0,0.0,0.0,0,0.0,55.0,5.38,2.72,1.99,20.8,0.36,0.1,0.07,2.5,4.36,2.75,2.03,23.8,0.2,0.03,0.07,2.07,1054.0,有,有
1046,2024,907.0,88.7,0.3,3.3,0.0,1.2,2.3,46.6,47.7,0.0,0.0,0.0,1.6,5.1,59.6,507.0,7.0,211.0,12.0,4.0,63.0,499.0,62.3,27.0,3.0,0.0,0.1,2.5,61.6,46.4,0.0,3.5,0.1,0.0,628.0,301.0,0.0,44.0,0.0,120.0,47.8,4.7,4.5,0.9,3.4,25.9,0.0,0.0,0.1,0.0,0,0.6,0.0,62.7,1.9,2.6,4.3,0.0,26.1,1.5,0.3,0.0,14.5,0,0.1,7.9,610.0,0.0,51.0,72.0,14.0,460.0,0.0,2.0,0.0,56.0,0,0.0,81.0,5.25,2.7,2.04,23.1,0.27,0.09,0.07,2.2,5.62,2.89,2.2,10.1,0.19,0.08,0.08,1.23,1062.0,有,有
1047,2024,162.0,37.7,0.2,10.9,4.6,0.0,5.5,43.3,56.7,0.2,4.5,16.0,0.4,5.4,34.0,493.0,1.0,46.0,0.0,6.0,65.0,413.0,46.9,51.2,0.0,10.3,0.0,14.0,75.9,53.1,3.5,0.0,0.0,0.6,230.0,424.0,0.0,8.0,5.0,18.0,55.4,6.0,3.0,0.0,1.4,11.9,2.2,0.3,0.1,0.0,0,0.2,0.0,65.0,2.6,5.4,7.3,2.2,34.0,0.0,0.3,0.0,6.3,0,0.3,0.0,580.0,58.0,0.0,6.0,11.0,414.0,0.0,0.0,2.0,5.0,0,0.0,0.0,5.24,2.7,2.04,23.7,0.44,0.07,0.07,2.8,4.67,2.65,1.54,19.0,0.15,0.09,0.05,1.79,1082.0,有,有
1048,2024,902.0,60.9,0.3,2.9,11.4,0.0,0.1,32.6,44.2,0.2,5.6,3.7,0.0,3.7,61.4,715.0,0.0,0.0,0.0,0.0,31.0,165.0,46.4,31.5,1.7,0.0,0.2,0.0,63.3,30.2,3.8,0.0,0.0,7.2,359.0,291.0,20.0,0.0,4.0,65.0,65.0,3.4,0.0,0.0,0.0,27.3,2.3,0.2,0.1,0.0,0,0.0,4.1,65.7,3.9,2.2,0.0,1.9,33.6,2.2,0.0,0.1,1.2,0,0.1,5.0,564.0,0.0,21.0,46.0,12.0,326.0,30.0,4.0,2.0,0.0,0,0.0,96.0,5.31,2.75,2.04,24.3,0.28,0.09,0.08,2.1,3.75,2.89,2.01,16.6,0.16,0.07,0.05,1.11,1088.0,有,有
1049,2024,843.0,60.9,0.0,0.0,0.5,0.0,6.3,38.8,69.3,0.5,0.0,2.1,1.7,3.6,28.4,407.0,3.0,77.0,10.0,0.0,15.0,464.0,55.2,40.3,0.7,0.0,0.6,0.7,47.0,27.3,3.1,2.4,0.2,2.0,739.0,567.0,18.0,1.0,0.0,0.0,44.1,3.9,0.9,0.0,1.0,13.3,2.9,0.2,0.2,0.0,0,0.0,0.4,73.6,2.7,4.2,5.6,0.0,21.8,3.4,0.5,0.0,0.0,0,0.0,5.5,521.0,0.0,36.0,13.0,49.0,229.0,0.0,3.0,0.0,38.0,0,2.0,29.0,5.36,2.79,2.02,22.7,0.36,0.08,0.09,2.3,5.79,2.23,1.97,18.6,0.24,0.1,0.07,1.55,1109.0,有,有
1050,2024,445.0,47.6,0.4,0.0,6.4,0.8,3.1,23.1,29.5,0.7,0.0,0.0,0.0,0.0,22.7,453.0,0.0,0.0,0.0,33.0,0.0,515.0,60.8,41.2,0.7,6.2,0.1,16.7,64.5,42.0,3.3,2.9,0.3,3.0,742.0,590.0,0.0,23.0,5.0,48.0,45.0,0.4,2.9,1.3,2.1,25.1,1.3,0.3,0.1,0.0,0,0.3,11.5,68.7,6.1,4.9,0.0,0.0,28.6,1.3,0.0,0.0,0.0,0,0.7,2.4,318.0,48.0,62.0,6.0,18.0,273.0,18.0,0.0,0.0,15.0,0,0.0,2.0,5.28,2.76,1.99,23.8,0.48,0.1,0.11,2.1,2.88,2.89,1.64,21.3,0.16,0.07,0.08,1.05,1108.0,有,有
1051,2024,697.0,35.5,0.0,10.2,1.4,0.0,0.0,32.5,45.1,0.1,0.0,0.1,4.1,3.5,21.2,590.0,3.0,0.0,2.0,22.0,24.0,443.0,65.8,37.8,0.3,0.0,0.4,2.4,68.7,58.9,0.5,1.3,0.0,0.0,591.0,404.0,0.0,93.0,0.0,0.0,83.5,0.0,2.2,5.7,1.6,30.4,0.2,0.5,0.0,7.0,0,0.0,3.4,61.6,4.9,1.3,0.5,4.7,28.8,0.0,0.1,0.1,0.0,0,0.6,9.2,777.0,21.0,74.0,75.0,0.0,202.0,6.0,4.0,0.0,37.0,0,0.0,26.0,5.22,2.78,2.06,20.6,0.21,0.08,0.11,2.2,4.35,2.21,2.2,23.7,0.2,0.07,0.09,1.26,1001.0,有,有
1052,2024,833.0,30.0,0.3,3.3,0.0,0.0,3.5,34.7,49.8,0.4,0.0,0.0,0.3,0.0,45.0,659.0,4.0,0.0,70.0,0.0,63.0,516.0,79.8,50.3,0.2,0.0,0.8,6.2,69.1,30.2,0.0,6.1,0.1,0.0,730.0,654.0,0.0,0.0,7.0,67.0,36.6,1.9,2.9,5.1,1.8,25.8,1.1,0.3,0.0,13.1,0,0.0,9.0,51.0,2.4,0.3,0.0,3.1,47.5,0.7,0.0,0.0,6.5,0,0.0,7.4,314.0,74.0,39.0,40.0,19.0,205.0,0.0,1.0,0.0,0.0,0,4.0,109.0,5.27,2.73,2.09,23.1,0.37,0.07,0.08,2.2,3.61,2.89,1.85,17.3,0.13,0.07,0.05,1.78,1030.0,有,有
1053,2024,749.0,59.5,0.3,11.6,5.5,0.0,5.5,39.0,30.4,0.0,0.0,0.0,1.2,3.5,33.4,507.0,1.0,0.0,40.0,16.0,96.0,514.0,50.0,34.3,1.3,2.2,0.6,2.6,45.5,8.7,0.0,10.1,0.5,11.0,629.0,443.0,0.0,0.0,1.0,0.0,35.7,5.8,4.5,3.1,1.5,28.9,1.1,0.0,0.2,2.6,0,0.0,14.5,37.5,3.0,3.0,6.0,0.0,20.6,1.0,0.0,0.0,1.9,0,0.0,3.7,478.0,0.0,56.0,1.0,23.0,185.0,19.0,6.0,1.0,11.0,0,2.0,104.0,5.3,2.74,2.09,22.6,0.31,0.08,0.1,2.5,5.79,2.23,2.2,24.9,0.17,0.06,0.08,0.93,1068.0,有,有
1054,2024,784.0,38.2,0.0,7.2,0.0,0.0,4.9,26.6,61.4,0.0,10.0,0.0,1.2,0.2,28.5,728.0,0.0,133.0,4.0,3.0,8.0,344.0,88.7,40.4,0.0,0.0,0.0,6.2,66.9,39.7,2.8,4.5,0.3,9.9,589.0,485.0,15.0,72.0,0.0,67.0,45.9,1.5,1.1,5.8,1.3,43.8,0.0,0.5,0.0,9.8,0,0.0,0.0,66.7,3.3,4.3,0.0,0.0,24.8,0.0,0.1,0.1,12.0,0,0.1,9.2,625.0,44.0,126.0,26.0,34.0,279.0,35.0,0.0,2.0,0.0,0,3.0,62.0,5.33,2.78,2.03,22.0,0.24,0.09,0.07,2.6,5.79,1.87,1.69,17.6,0.12,0.06,0.04,0.91,1084.0,有,有
1055,2024,214.0,54.1,0.2,6.6,8.7,0.0,5.9,48.3,48.4,0.4,0.0,0.3,0.0,5.8,36.7,526.0,4.0,0.0,0.0,12.0,74.0,436.0,48.0,37.4,1.0,0.0,0.0,0.0,39.4,26.8,2.2,0.0,0.0,0.0,565.0,291.0,0.0,0.0,2.0,26.0,78.2,5.7,3.1,1.8,0.1,29.7,1.6,0.1,0.2,0.2,0,0.2,0.0,71.0,2.5,1.4,2.2,0.0,33.6,0.0,0.0,0.0,0.0,0,0.3,0.0,424.0,0.0,0.0,18.0,27.0,280.0,9.0,5.0,0.0,0.0,0,4.0,0.0,5.26,2.75,2.0,20.9,0.45,0.09,0.09,2.0,4.59,2.56,2.1,18.2,0.16,0.07,0.09,1.65,1131.0,有,有
1056,2024,999.0,62.8,0.3,6.9,0.0,0.0,0.5,25.6,63.0,0.2,0.0,0.0,1.0,0.0,36.2,570.0,0.0,0.0,0.0,6.0,0.0,293.0,58.0,27.6,1.0,0.0,0.1,11.1,50.4,45.8,0.0,3.0,0.0,0.0,416.0,488.0,21.0,0.0,4.0,69.0,38.2,3.0,7.2,5.3,0.1,37.0,0.0,0.3,0.0,0.0,0,0.4,0.0,60.9,5.3,6.0,5.9,1.6,38.0,2.3,0.1,0.1,0.0,0,0.7,2.4,396.0,0.0,102.0,75.0,0.0,358.0,29.0,2.0,0.0,0.0,0,0.0,138.0,5.08,2.74,2.1,25.0,0.45,0.08,0.09,1.9,5.08,2.34,1.87,14.4,0.25,0.07,0.09,0.88,1111.0,有,有
1057,2024,449.0,69.4,0.4,3.4,0.0,2.2,6.6,33.3,54.0,0.0,4.0,0.0,1.5,4.5,39.1,534.0,1.0,0.0,0.0,0.0,30.0,400.0,41.8,14.2,2.2,8.5,0.3,14.3,53.0,44.0,2.0,0.0,0.0,7.0,637.0,613.0,0.0,31.0,0.0,25.0,54.0,0.7,9.4,0.0,1.0,15.5,0.4,0.0,0.1,3.6,0,0.3,4.6,52.6,0.0,2.0,4.8,0.7,33.3,0.0,0.1,0.0,0.0,0,0.4,10.0,488.0,18.0,0.0,66.0,24.0,282.0,1.0,4.0,3.0,128.0,0,1.0,0.0,5.32,2.71,1.99,20.6,0.26,0.06,0.06,2.2,3.61,2.18,1.67,23.2,0.18,0.04,0.08,0.83,1062.0,有,無
1058,2024,519.0,67.1,0.0,2.9,3.6,1.7,0.3,33.4,49.1,0.4,0.0,1.2,0.0,0.0,40.1,592.0,0.0,0.0,53.0,40.0,79.0,440.0,39.3,60.7,0.0,5.0,0.3,0.0,65.4,42.5,2.6,4.1,0.6,0.9,385.0,451.0,0.0,8.0,0.0,0.0,39.5,2.5,7.7,4.4,0.0,15.6,0.0,0.0,0.0,0.0,0,0.1,1.5,44.9,4.2,4.5,4.8,1.3,29.2,0.4,0.5,0.0,3.3,0,0.0,2.7,310.0,43.0,53.0,27.0,35.0,242.0,2.0,1.0,0.0,0.0,0,0.0,32.0,5.13,2.77,2.04,22.3,0.43,0.1,0.09,2.0,5.79,2.89,1.54,22.0,0.07,0.08,0.09,0.97,1036.0,有,有
1059,2024,562.0,28.0,0.0,2.4,0.0,0.2,4.6,40.4,58.1,0.2,0.0,6.5,3.1,3.0,60.2,519.0,1.0,65.0,19.0,15.0,12.0,286.0,88.7,45.4,0.0,0.0,0.3,0.0,55.6,47.3,0.2,0.0,0.6,0.0,564.0,540.0,0.0,57.0,1.0,0.0,63.0,0.2,6.5,2.9,2.1,26.1,0.0,0.0,0.0,0.0,0,0.0,0.2,45.4,0.0,6.6,4.8,2.5,31.4,1.9,0.3,0.0,5.2,0,0.5,1.2,550.0,43.0,59.0,37.0,21.0,291.0,0.0,4.0,0.0,37.0,0,0.0,0.0,4.96,2.76,2.09,22.7,0.33,0.08,0.09,2.6,5.31,2.68,1.3,21.4,0.18,0.09,0.09,1.61,1097.0,有,有
1060,2024,754.0,68.7,0.0,2.6,0.0,1.0,4.8,40.7,48.6,0.1,0.0,3.4,1.1,4.6,39.9,712.0,0.0,30.0,16.0,0.0,68.0,272.0,79.0,41.3,0.0,15.5,0.2,5.8,64.4,29.4,0.6,3.3,0.0,0.0,471.0,197.0,10.0,17.0,0.0,140.0,61.8,3.8,5.2,4.1,1.0,23.5,0.0,0.2,0.0,3.8,0,0.1,8.4,41.8,4.7,1.0,0.0,0.0,20.8,0.6,0.1,0.0,0.0,0,0.3,1.5,715.0,0.0,6.0,0.0,18.0,380.0,10.0,2.0,1.0,0.0,0,8.0,48.0,5.37,2.76,2.02,22.1,0.19,0.1,0.1,2.0,3.89,1.83,1.95,24.1,0.18,0.1,0.08,1.5,1052.0,有,有
1061,2024,491.0,72.8,0.1,0.0,8.0,0.4,2.9,55.5,48.2,0.0,0.3,5.2,2.4,3.1,21.9,324.0,0.0,81.0,111.0,12.0,13.0,525.0,69.4,47.3,0.2,4.0,0.4,7.1,61.3,68.9,0.0,0.0,0.0,1.9,519.0,376.0,17.0,84.0,1.0,0.0,57.0,6.3,3.1,0.5,1.3,24.8,0.8,0.0,0.0,3.8,0,0.3,1.9,66.3,1.9,8.1,2.2,0.5,18.9,0.0,0.1,0.0,3.4,0,0.0,7.4,682.0,29.0,49.0,59.0,0.0,197.0,19.0,0.0,2.0,10.0,0,0.0,67.0,5.2,2.73,2.04,23.7,0.33,0.08,0.11,2.7,5.66,2.89,1.78,24.9,0.3,0.07,0.1,1.27,1058.0,有,有
1062,2024,495.0,55.2,0.5,0.0,4.8,1.6,0.0,31.4,49.7,0.0,2.0,7.0,2.7,3.0,26.4,408.0,0.0,0.0,19.0,18.0,27.0,286.0,88.7,24.9,0.9,5.9,0.5,0.9,58.0,45.1,1.4,0.0,0.4,7.7,627.0,354.0,0.0,0.0,1.0,0.0,55.2,2.3,4.5,2.3,0.0,21.8,0.4,0.0,0.0,4.7,0,0.0,0.0,31.7,3.3,3.6,5.0,1.0,22.9,0.7,0.1,0.0,0.2,0,0.2,0.0,688.0,0.0,5.0,14.0,0.0,305.0,0.0,3.0,0.0,0.0,0,2.0,48.0,5.02,2.74,2.03,21.6,0.29,0.07,0.09,2.1,4.08,1.83,0.81,18.6,0.24,0.07,0.05,1.88,1092.0,有,有
1063,2024,931.0,52.9,0.3,0.7,1.0,0.7,5.1,42.0,48.7,0.1,10.4,3.2,0.0,4.6,31.6,596.0,2.0,92.0,0.0,39.0,45.0,407.0,52.9,58.1,2.0,0.0,0.0,14.1,70.3,50.7,0.0,0.7,0.0,9.5,626.0,498.0,26.0,103.0,3.0,73.0,29.8,3.7,0.5,7.6,1.6,3.8,0.0,0.1,0.0,5.0,0,0.5,7.3,17.6,3.5,0.0,5.5,0.0,16.2,5.2,0.0,0.0,0.0,0,0.0,2.7,866.0,72.0,41.0,55.0,31.0,306.0,43.0,2.0,2.0,102.0,0,2.0,0.0,5.18,2.66,2.07,23.5,0.33,0.1,0.07,1.8,5.79,2.89,1.48,19.3,0.23,0.07,0.07,1.66,1081.0,有,有
1064,2024,957.0,61.6,0.4,0.0,0.0,1.2,4.9,38.1,59.6,0.2,13.0,8.0,2.0,3.3,34.9,638.0,4.0,0.0,31.0,9.0,47.0,300.0,88.7,21.9,0.0,10.4,0.2,6.6,38.3,29.1,0.5,6.0,0.4,0.1,672.0,254.0,2.0,0.0,4.0,43.0,52.8,1.8,3.3,0.0,2.6,23.3,0.7,0.0,0.3,13.7,0,0.4,4.0,61.2,2.5,4.0,2.2,1.3,16.5,1.5,0.2,0.1,0.0,0,0.0,5.3,411.0,8.0,5.0,14.0,16.0,277.0,0.0,1.0,1.0,0.0,0,0.0,110.0,5.28,2.71,1.99,20.8,0.28,0.08,0.09,1.9,5.79,2.89,2.12,24.9,0.19,0.04,0.08,1.87,1094.0,有,有
1065,2024,685.0,60.4,0.1,0.0,6.0,0.6,0.8,43.5,45.8,0.3,0.0,3.8,3.1,1.6,55.1,680.0,0.0,69.0,24.0,31.0,62.0,360.0,79.3,24.0,0.9,4.5,0.3,3.2,68.8,46.3,1.7,8.4,0.3,3.0,637.0,513.0,5.0,16.0,0.0,37.0,78.3,0.0,4.5,4.6,1.6,29.4,1.6,0.4,0.1,13.2,0,0.0,0.0,62.1,5.3,1.3,1.7,0.6,25.3,2.1,0.6,0.0,0.0,0,0.1,8.8,480.0,0.0,34.0,47.0,18.0,215.0,55.0,1.0,0.0,50.0,0,0.0,75.0,5.21,2.77,2.03,21.6,0.2,0.08,0.1,2.5,5.79,2.47,2.0,19.5,0.23,0.05,0.07,1.25,1034.0,有,有
1066,2024,416.0,40.5,0.8,0.0,8.1,1.9,9.2,19.4,68.0,0.1,0.0,4.7,0.0,2.8,3.1,338.0,1.0,16.0,161.0,8.0,22.0,516.0,56.4,21.8,2.5,21.3,0.0,0.0,58.9,71.5,3.9,1.7,0.2,0.0,350.0,415.0,18.0,0.0,4.0,89.0,54.6,1.1,2.8,2.1,1.3,24.0,0.0,0.3,0.0,2.0,0,0.1,3.8,54.3,0.0,4.0,0.6,2.2,33.4,0.0,0.7,0.0,0.0,0,0.6,0.0,603.0,0.0,62.0,70.0,0.0,318.0,0.0,1.0,0.0,82.0,0,5.0,8.0,5.31,2.77,2.0,21.9,0.35,0.09,0.06,2.1,4.2,2.89,2.03,23.3,0.2,0.07,0.07,1.46,1069.0,有,有
1067,2024,289.0,35.4,0.1,7.2,0.0,1.5,2.6,28.3,66.9,0.0,8.2,0.0,2.6,4.2,35.8,371.0,6.0,117.0,4.0,0.0,39.0,483.0,67.4,34.4,2.0,2.9,0.0,5.9,44.5,20.8,2.3,7.3,0.3,14.2,503.0,357.0,13.0,0.0,5.0,0.0,37.4,3.0,2.9,1.9,3.2,23.2,0.0,0.2,0.0,0.0,0,0.0,4.5,76.7,0.4,2.4,12.5,0.0,42.4,0.0,0.0,0.0,0.0,0,0.4,0.0,788.0,15.0,0.0,52.0,6.0,148.0,3.0,0.0,1.0,0.0,0,1.0,89.0,5.29,2.77,2.02,23.8,0.24,0.1,0.08,2.5,5.02,2.72,2.2,18.7,0.25,0.07,0.08,0.63,1114.0,有,有
1068,2024,768.0198941017236,87.82950462194027,0.4036252221409264,0.09107631949341762,3.450214935390085,0.03645863259869425,11.772890845432782,53.104564352962306,24.68169993126048,0.00023135798215918565,0.07437099554241557,2.5290466141787094,0.2284229929732566,3.1939765034910503,15.295167826526939,748.7516550928187,2.0319697452923733,0.0,0.0,11.071752802203582,0.0,580.9618508560708,60.33611526099642,32.01220637996602,0.0,0.3976427350496607,0.0,0.0,64.9687623649145,29.526828545995883,0.0,5.998570756210227,0.11240209005574577,3.308918827365831,514.7995869781256,363.11337508092123,49.40528182491825,91.76174683173227,0.17221489454408292,16.653547933478983,56.727999552299075,0.03474861535136705,1.5640889344277997,0.7466743570649063,0.0,34.78488217767104,0.0,0.2040073732757999,0.001731705573473129,12.380268179301948,0,0.173406649501265,5.193248899208449,52.1061663667805,7.317414320604048,6.4743545159937,4.287266120797341,1.5966806696127285,18.778378558270894,0.05236788775011041,0.0,0.3021164311635,6.470254969257499,0,0.11099300548773927,0.09460291584182406,510.7499836540903,42.56354607835624,63.5253970551939,67.42604861221777,16.3800290929995,266.306285049072,15.34709258292386,0.09035971288679802,2.0104476185747906,1.2320422918684641,0,7.144233955188235,69.15839051971935,5.142762826265172,2.7322780011770855,2.0124365226588394,24.35316943033032,0.3407396092579631,0.10981043116104584,0.09955013790526865,2.210691523488296,4.348375235034747,2.89,2.198412364873335,22.494684622702454,0.24302269781643684,0.060229510552201895,0.08076550822671197,1.4655948066854652,1055.3871427654528,有,有
1069,2024,159.76759923847663,37.84892553530577,0.2154283121579821,11.325161503472524,4.888569892830341,0.0005730667293093539,5.644988115946581,43.022508516415776,57.176544183394114,0.20751173362115752,4.852914250970978,16.066005745345322,0.5093904411854078,5.385687827185837,34.89698589533336,481.053378356286,1.2289709867271232,45.32300589763472,3.171167443039459,5.828100247037138,66.46681979614901,414.60458300345823,46.4739368453068,51.33492582914297,0.03422949103436561,10.185306360510504,0.0022508078330221596,13.674141926335885,76.20794629696569,52.682547263021895,3.5254718594396235,0.23615345127185156,0.013316428235264879,0.4576300949120289,219.87744445329923,424.299215324505,0.0551712680231032,10.214315420127459,5.137115028343998,17.94032839451973,55.795731988740506,5.969418664451892,2.916383090267383,0.08193515035681923,1.4995603678184497,11.214919743603414,2.128872443386824,0.29824902054813524,0.09989621861871684,0.07235544974565063,0,0.2066686743915472,0.0,65.05494025618243,2.771479611387552,5.40087413240473,6.989739059640889,2.2172668835800433,33.98814446672174,0.0,0.2754234986053498,0.0,6.3230392386922745,0,0.2991543595350175,0.29720541474819806,584.139028718677,58.89875283837353,2.6569959926103848,5.37762037836355,10.384279922389885,416.65339836283925,0.0,0.0,2.1780069335689003,0.0,0,0.0,3.001388604797359,5.234489787616949,2.7017216173452194,2.0433354947451297,23.697821449428822,0.4508347043293652,0.0712038658415773,0.07032356550444907,2.794071575060869,4.647355517373611,2.676450184704121,1.5624793571459485,19.229172682585034,0.1503533979875586,0.08982269783320793,0.049664327051900874,1.7669786924767206,1083.8847251672482,有,有
1070,2024,1020.457510531918,74.90270085739515,0.0,1.9393512459874147,0.0,2.364065447348599,0.5218061848688877,19.41828595049677,80.54147723037606,0.0,2.405157439290299,4.162358125138839,1.8844848946808708,7.861566689775756,50.546892500116776,617.3529571033913,0.09610783759807316,85.54472469822574,82.67240730995141,22.013957348073614,75.01512280051061,316.1586958042833,79.97904275932741,52.20920425897458,1.843051136167146,5.949587508416371,0.00256132288145537,0.0,51.70010240908281,39.18990807025581,0.13179321658560927,0.05473336857904285,0.007165449039930841,0.4660014691132612,415.43683580030984,334.99603346719044,0.3910755632719202,125.30064645199288,0.0,65.9604271501838,50.17434763163506,8.49765391373778,3.481622801739878,6.1123987461099984,1.4933251118255282,23.99404013203675,0.5401828364907392,0.10922279380284639,0.19612378272900188,0.04151959841473596,0,0.5935654571976098,8.041703839989854,67.03925383778407,2.7692072189157892,0.0,5.964930491879087,0.43151123060058183,38.90578439444759,2.030907138888777,0.09864683910167484,0.0,5.550378392593671,0,0.0,18.47121425197469,420.99788268469774,0.0,73.34051538453963,0.0,20.221153318473842,335.6387266502177,33.952126619872345,0.9952263815296256,2.0219124318381843,37.00777878905607,0,2.9950085701353637,99.49260635045694,5.313676645294357,2.7379116206236067,2.0211142256626364,22.72947338540259,0.3614073273168803,0.07102799158880267,0.10852681165304141,1.883902880063078,5.79,1.682286068185093,1.498175680548673,13.933515551054622,0.26504731320007807,0.0693102173811333,0.07735704692517763,1.5971910799803346,1083.4100336688268,有,有
1071,2024,204.5906787396883,71.85296651475646,0.31569521249639215,10.358053933745,18.540760485107665,0.28833508021469095,3.8831691158389514,22.13148405684467,46.509127852281274,0.2035707026603484,0.0,3.1835620684928085,2.5605469732134156,0.0,16.077980445231983,794.9064365931133,0.0,0.0,0.0,0.21277736189817698,29.03056173317488,295.43781884725365,68.8367006100228,38.56275631210077,3.8193973219955972,1.5963609725578845,0.5162014094898493,5.7902626506866355,39.86546650766884,45.094709602978,1.0167756095176799,15.84062440144891,0.2871774605739782,6.103115293309256,514.4264981467898,696.5829197168466,0.0,63.644223778143235,2.1677119744293436,65.03124666871297,57.930161863702715,0.060374770793726364,0.5020141290352789,1.7104017261473556,1.6743215514548377,32.6884129327256,0.0,0.4111095500450959,0.001391263097325068,2.2546257430793566,0,0.28199094380949224,11.367172331441894,61.835322923332306,4.0355521041398195,0.6850810563386146,5.234998401794801,0.03901489555763641,18.427105805970054,1.132796014715176,0.014337348510294856,0.1063279621929793,8.119721951325172,0,0.0016896770178378975,3.7373077710819738,516.921462783754,64.88147453904845,0.736682836096063,42.90136462257521,22.9687027100756,261.8798123573103,0.0,3.002668825870641,0.0,0.7554574930480082,0,1.0067630439839235,22.05246135748508,5.264161797583274,2.640990016107775,1.9982584027981978,22.966528347194554,0.27596045350905724,0.0914027952341455,0.0895873306763386,2.1935898526771225,5.780752653796534,1.7013753691445106,1.6563113606325097,18.484128074608673,0.16718714866491124,0.08095711574942589,0.04965922218037368,1.237176771946543,1034.729735699665,有,有
1072,2024,5.0,60.64036752040056,0.2737208814657033,5.6832192906042724,12.357372731355488,1.0198932018589126,1.3597466740988784,39.93661455994656,73.83517226552482,0.5985664701259421,0.0,3.288578522444716,1.6402189467415957,3.4398189502840486,44.92315701535748,695.3620602973068,6.132525311355643,0.9464762199320446,3.9016365771381336,0.7358687183923872,25.823379975360712,426.35723413105427,64.37101504564549,42.2566083710659,0.0084431087643694,8.263327230163638,0.0,4.151978247041779,37.89739248124311,7.871821218136288,0.3645852188182458,0.0,0.018324278390548527,0.0,458.9123992647462,507.0970128911041,23.122936692277626,95.77506108149488,0.01672561590249069,56.06634356678754,73.13449344986687,0.09036729418907109,5.192370266648364,1.273842377242894,1.666169332646115,42.25632034374571,0.29178788974446335,0.024228755961933895,0.0,0.0,0,0.40502901283779397,3.4821064298757696,52.42056869041437,0.43205816887941095,2.587972955311281,0.24013030820974693,1.2335962904252575,28.067013620596587,0.06878874864707232,0.009333678028173384,0.09331231485451356,2.168055226261182,0,0.0,3.3998580985980937,693.453697155373,68.61196877753285,29.98559875039983,21.490472862036732,12.021097789539715,294.61775087770764,25.486051934110293,1.798204328076357,0.0549657696645681,2.129962492839363,0,4.098891846318885,0.0,5.332851581995143,2.782114979685568,2.013933398060819,20.98726629784674,0.459615925004923,0.0998994457135504,0.08997807615446922,1.7179072920778728,5.445730281739688,2.554182159492485,1.8301048643384434,18.336720238597437,0.14953207768792937,0.08151082812325536,0.06905578475812404,0.845194392460427,995.7060014786828,有,有
1073,2024,649.2196494932775,64.42654715020457,0.008244646894231546,0.0,7.772598242680035,1.327576689914535,3.3969045852102946,23.56331611052078,81.39505665251053,0.20106841363264225,4.360188830512339,2.8264828292272814,2.7852912473057665,6.862724386300932,47.72663037430667,607.6874491945445,6.9549786138268965,1.8989419245972428,41.569038929972585,0.8400818666377917,36.84737805102517,294.4629200939692,43.31056992802802,38.08649266905099,0.024979059321640556,0.5599241693663566,0.5028657216371984,10.64847104550642,55.76157532827461,19.735052307824887,1.456777808737804,0.0,0.18713998615919636,0.0,710.3423124362372,565.1925478002768,18.973804095111145,51.39038097380907,0.0,64.62204200318546,85.74193330965275,4.081513943890028,3.9888959105513915,2.3656718044403195,0.7263344874093216,25.68507416900038,0.14529124534273033,0.005423226706367287,0.005094272301535086,0.6118319291100696,0,0.013513519815409832,0.0,23.615936728808634,0.0,2.749637956540475,7.449234045552689,1.7054167645656129,25.69818180831674,3.2790528077745065,0.009728524561970224,0.009236228067216438,6.537267842293149,0,0.5232649727609937,14.849596431792854,630.7390873180535,28.716905072812533,46.6239677190386,1.3776758634563993,15.512071921908314,398.0391126742758,16.059858780053467,0.0,1.0287820221287438,4.6634965713545435,0,1.7381059089523037,23.634286382490885,5.31158365156027,2.7706156006109834,2.028948940277927,24.486657513799393,0.262853745537372,0.10018690477662434,0.07935787366556626,2.2923744917197197,5.7342890993258395,2.885526108265751,2.2,16.928792015687453,0.23078051523497792,0.10955867152959402,0.05851688926577007,0.8921193093991564,1038.5420704023286,有,有
1074,2024,1039.4978028463133,64.82219033676053,0.30087318427305115,11.794023558790448,0.12692597430151947,0.8622202305656037,3.201326292512695,39.93626989766705,44.59075826426944,0.3065556735229897,0.0,5.795007823904483,0.0,8.904715466247847,26.271330886098575,596.8039729869137,4.775141560031673,66.68670445369312,1.7066530749039681,0.0,92.20958760366152,276.9806679566222,70.64920060649969,41.53290383897415,1.714667767631138,5.282368735437323,0.1062434687655818,1.575200393620293,66.98816009275134,16.632351830131093,0.998355472729737,1.1914682123822746,0.7033950468117147,6.173968049144117,657.8509888220221,423.6447780791737,12.91926253219951,45.39011084785577,1.930990026082152,23.740784314898637,65.95154555695007,3.544301078785598,3.783414900036018,0.977214527671264,0.34391336888229995,26.88721024631178,2.4135937111994976,0.10304825080167292,0.19800713302644143,0.0,0,0.3986478348403536,3.4242079792111353,65.92049008626182,3.199849588772394,5.064775378292516,0.9609046864009111,0.688067340551821,13.235397263987085,0.4254608102984423,0.012456763437694748,0.09493609577561751,0.011510470772047249,0,0.0,4.621058747993122,610.6344791915973,31.103639825490117,84.24167081521914,26.80196719080022,0.0,405.627419184539,27.58663566312891,1.9274959494212214,0.025049663023981313,0.19746439065778934,0,0.0,0.9906137341014293,5.335221514376725,2.741736280822147,2.049336592976026,20.651611586392786,0.33967572835633975,0.07904112227603387,0.07933893990547541,1.9051059441087426,5.374136212249372,2.776631168198951,0.9642389429613847,18.859728983179064,0.2798575215400395,0.0494412981633028,0.04887496601581666,1.8937021583053186,1019.8929484496886,有,有
1075,2024,41.39091984892978,87.21753956757534,0.09700060529047205,4.81357637473409,7.80849088817845,2.6527997258346225,1.769763189024575,45.13989069408228,48.62341965646539,0.5909872732072708,5.7309510841039915,0.0,0.5427537889340432,5.4064322272940135,28.58463678790914,451.51495559540734,4.888781715094494,68.18144778303878,0.15200778135870197,10.768967936187734,2.4537123038629938,370.0841529883152,74.8125070222312,27.27890593745418,1.1245424518724592,0.0,0.0019165897700952508,12.332666340972807,44.035035060480745,4.884392676989397,2.475470748024704,0.1667815078508719,0.29153832873573143,0.0,672.1922813873393,410.39706792417337,0.0,0.0,3.965971088134846,34.001833935739825,37.207095321981384,5.922260066585865,7.857528681508763,3.115660535191704,0.6169538640039121,16.969125277983082,0.0,0.001818719466603626,0.0008628271847225871,0.16102449361921659,0,0.40937401009921215,2.0662990217972212,58.708654354519176,2.697716716843438,5.017591184519695,0.0,4.190852807199764,24.745772447848573,0.9669773214986366,0.20089342220695625,0.10358947495269907,2.5392087692810135,0,0.1020569059052293,4.976693842456888,791.5782272369628,71.57970476944125,50.086436681853705,75.88848441448643,30.405455404719408,358.8962988036136,4.170607240076827,0.9481630240201164,3.0361856753931846,47.867377015509284,0,0.024626914065502804,0.4219491441927694,5.02241236280047,2.823202501624396,2.0606776595678906,22.68854263405903,0.236648420631308,0.10093377277427985,0.08952862849778241,2.189587992141412,4.464805150185431,2.3753315257056276,2.151979787171095,21.9429480128237,0.15306912384908988,0.060448306854184376,0.0700994711485656,0.8838896280866836,1112.1091792499815,有,有
1076,2024,763.4199162922083,41.98530471503587,0.3009204683003744,12.255234624163476,4.515225839840617,0.22126528135918513,8.33802916902479,39.90322801418796,72.00223355495052,0.523047712245322,0.0771962578851856,14.053722566619484,0.06595956681368072,0.8286135397702826,17.269292656159557,580.1107987071676,5.793602723677278,3.400682002411146,28.32556558878346,8.749583144130094,47.08885756726084,266.16351716265643,47.04361739577138,21.91938894296796,0.2676513270191705,0.23136784576881536,0.3954148538710122,5.008393700526464,48.7400660719075,54.57284603678055,2.834983282258587,1.6119066264383473,0.0,2.4595870872147567,285.6990554291467,131.6184120671134,25.466088933330443,149.1791959740809,0.0,67.47370727064384,64.46205333197285,2.6405296821058517,6.878302010774619,0.0,2.343036346779296,24.926162352157405,1.1806000816452775,0.3966956672608282,0.10121509691201065,9.034119967253174,0,0.41586096797053695,4.741287843024595,52.22952082583127,6.184671414608507,2.776346506814968,4.08700873488076,0.6882142862527394,21.76233503738373,2.6983406824245333,0.10198839414499902,0.0,0.055180643885594724,0,0.022530878743979563,4.609465505196482,679.6605794962311,29.702001788783146,0.0,17.22456871733481,25.572650588592143,237.79081300023788,0.3560914577028638,2.1517543177649503,0.12262889531759505,0.5885268793155505,0,0.1398794247340685,104.66579613711038,5.2234000586457245,2.751629220113689,2.0430764688358343,23.19962850769463,0.19368282918788732,0.08926168641474444,0.09020625268317072,2.210796115335184,5.740927741206269,2.5360431699422095,1.1023504399211332,18.04503587617726,0.15508751701594234,0.07967323998332695,0.07120796339627845,2.2981191060540698,1074.939099785675,有,有
1077,2024,559.7601169948696,34.945772819471955,0.38006235071483085,0.0,3.56556348573741,0.39015073431531583,0.01045362486705985,22.012293108157444,51.85183493894546,0.0,0.0,6.427793600627919,0.0,1.684979416497005,51.66189278895618,734.2153386772809,5.961218869463017,103.0371211053377,25.314954868834956,29.05108811264899,33.37213908421602,103.24425937501972,82.97015312414149,35.926750624232035,0.0,0.15109526555503355,0.10199342287544574,0.0,55.71945997745215,58.207073523612976,2.6761491867158886,0.167929982858084,0.5036881459746659,3.211557338263602,607.3510669987287,182.51121508160875,2.897263031000289,63.29260408862395,0.019172429075254023,3.2151099030453665,34.51503374765885,5.949149286324203,0.4400132228194317,0.0,0.8689258360879115,31.681888385270184,2.2522560245003995,0.003166959215529409,0.09888948781204429,0.0,0,0.3129356182339832,7.844868603559439,45.71347531216754,3.160627168199852,2.759782299941817,2.824246334103319,0.9685568093500205,45.0535163738102,2.5852184676842986,0.7937757848643814,0.0033915312659846355,0.0,0,7.570962759619434e-05,2.005870519024173,582.5274667218088,0.0,34.371720756649495,64.5752511204055,0.6659595585214764,375.63315880842254,43.33636378836426,0.0,1.9325666609143992,0.0,0,0.0,79.63570035080602,5.023851497564734,2.720396771310847,2.0016904499969224,22.268166568489992,0.41778907093811807,0.11013705355904169,0.07986776839758006,1.8097646223181,5.710854043396561,1.9053621531588287,2.2,15.243032495696939,0.24036152561165489,0.07987277739149484,0.050284738638666115,1.2404721182770433,983.9029154572817,有,有
1078,2024,89.51770701782891,65.98673111717005,0.6977964331071284,0.06797120122275377,11.655299771002255,0.8314700300323128,5.195533761120346,24.717081465751857,66.55021167020485,0.2866256738968599,12.424230869780569,2.609384792629809,2.1262609473857292,3.770451794270909,43.66135105027235,545.347919648331,3.002032028926508,4.7080315000889295,0.0,15.475613947788236,0.2950637521601288,434.4516369336094,65.33460679331573,28.897658750401707,0.4683918687737901,0.4091981466690903,0.21102685438860652,0.2386587087078714,43.150827532103406,39.779612336630414,0.04966252048500677,0.0,0.003605072488362379,9.004754986991927,403.9502007185696,378.19453067170076,12.792167003429174,33.83533629311983,0.018065142039274135,0.0,60.17942087637144,8.71990319865326,1.9990570518821447,1.3856755022776706,1.1943736111105225,13.393990225725034,2.2051539757611804,0.0,0.0025164855190501108,0.23669090363545725,0,0.3161333347666836,0.0,70.20629184800443,2.195267084910406,9.29486216673178,7.515707510222556,1.7358911874288065,33.39534655281845,3.054925485398413,0.0,0.19694061985489483,7.936997524724001,0,0.39788410096116844,2.453244118382176,518.0966499890919,0.6112671041527242,33.65048218676838,21.339566182096654,0.0,253.47430903007995,0.054128132927662956,0.0854839723844652,2.028242036473067,0.0,0,0.0,52.29171029388603,5.26571054623815,2.7516632443929416,2.030821228469027,23.181536200100616,0.2395302234092688,0.07930624460549343,0.08842007978749516,2.226332258630515,5.548541034045496,2.559905620280668,2.2,20.630598608800938,0.1254226931075763,0.08067505375218265,0.07944858393848289,2.2738363137328554,1153.9601984392546,有,有
1079,2024,279.4803767297309,79.77155178217527,0.40358225828237804,6.592175687355842,0.9764832474175233,0.8208582520334068,0.0,38.340205337532105,52.6451807220841,0.012756628025212902,0.3666405436205737,3.769130228923386,1.6729178389684312,3.482126790486903,51.55728678523033,345.68432263701135,1.1849548799578233,76.058913015773,84.46032860468182,20.251275406433695,55.864766959579896,407.17049989015504,36.088489534925465,45.46220846690828,0.6718240221410247,0.12938830527896206,0.0,12.373207458844359,56.72219175637839,39.02435403364349,0.0,0.21802413841733864,0.30473322156850124,0.28638914616296907,621.7416803811774,478.458044453414,0.4421649820774606,0.06789638563772253,8.000342688064194,11.537801947387,78.21016841296473,3.7349964577787733,10.348874991734016,2.5780685920214568,0.0,40.974840099574514,0.034556166938091826,0.10157617284121426,0.0,3.7831862235573217,0,0.5073007623266164,4.432853044291375,57.066722707423686,0.32715621843648046,2.854563971630564,0.031113264905271186,1.7222005822885254,31.700538871595,0.7734448560026752,0.006205262444451147,0.09908466721557183,0.0,0,0.0,5.912543582992829,505.7025577180154,42.036358746267766,37.152862119278346,81.52002383414424,0.0,291.75242353560003,0.5292590463695651,0.0,0.0,23.705162863147546,0,5.072232647775908,0.4077125087980963,5.4335830611710225,2.76023058705744,2.010917082114504,22.48339607372892,0.39744300214738193,0.09962769653089451,0.08850304249805643,2.2974992031111117,5.79,2.5474316239552706,2.19214693317122,22.090157023087798,0.13191280311557915,0.09825740215110398,0.0804144954514924,1.483709657792085,1051.9595834563404,有,無
1080,2024,809.9066972076557,59.35375746271001,0.11482501206787751,0.0,7.849875110897422,0.5967900189320641,1.787621154190363,17.38653713325057,52.275826407646186,0.00872018969807431,0.0,2.46148293371028,0.0,5.201294448218814,33.752335987270946,708.1772535812452,1.0360686395648226,0.0,0.0,22.181340275792056,82.23804473388388,391.26588340371956,59.98799620306396,44.64036885903391,0.0,3.520387136816967,0.30136567983865004,1.7975642532617893,68.32109294444892,41.976920511228776,1.0739285932968212,13.641988191560873,0.21810305112363,3.216665912416801,681.9279907111093,669.2192074837436,5.207105191027716,0.0,0.04915709286921824,116.27261779019598,32.53617525269129,7.272104682969878,4.9368111330068425,2.874219675282195,2.3506772799979783,35.144320120730875,0.2418263130263551,0.012327848842288191,0.0037372254936479943,3.6761170166765584,0,0.10074208687277829,8.3324712314298,25.981383055665102,10.3,6.359673494058808,0.8573479977935402,0.03966100765343575,27.534745041102944,1.365995993039324,0.21213181047569268,0.00023007552144095045,3.5125993031588765,0,0.0,3.7867564457358234,631.7222374285504,0.0,84.67752505401972,46.18637234604708,7.037306348716269,171.70077127503336,20.343665898772983,3.970591665046299,0.03312446345455858,1.5005307577136178,0,0.0,38.01318177731755,5.211603329837189,2.6900380413751597,2.040086137518495,20.984347686548862,0.2869958057049317,0.08947065160834773,0.09957162667266618,2.0095245629774605,5.79,2.89,2.063024114476491,24.240411897806716,0.1697621719111929,0.031203165198211938,0.049582607821060394,1.2337759096548098,1000.3356099960926,有,有
1081,2024,901.1083798276063,57.045009369457944,0.09480114134861939,11.457601472744585,3.151273224963094,0.0,3.8940897228241695,23.859305879362733,54.311469839888744,0.5068746995917898,4.196091906403413,3.577878110717904,2.0447162522700957,0.9290610243118178,41.241212517113496,333.3864737254477,6.975827481464523,22.53799571287765,79.8835820995786,0.630812769319915,29.558108298258805,273.16751126339847,37.762512809636995,32.34997995305497,0.26031158133945886,4.03087881261537,0.0,0.6217044935815534,52.30637961897127,46.293164996178334,2.488041058013395,2.6100334058846424,0.005087870924652386,4.723047412192574,866.0,514.8859332723958,36.770323459185086,6.616229813923871,0.13395192628292887,0.0,54.79648987085369,3.652270612515159,3.4451996069064585,4.879496820697501,1.6535480671340597,34.14896628561832,1.3695984290557865,0.1905824773781389,0.0,0.08005064246268974,0,0.08424048187308925,0.22645263261425458,47.90526075074596,6.965649435227201,3.8503118411196677,5.433137867999722,0.31177530807328113,24.794695997925643,0.009885118902735442,0.39859476895300555,0.19436501837486655,12.276644437547345,0,0.015285326869853866,0.420485105750571,619.914381603446,21.20954503671494,70.47832639338435,73.69129879394985,0.0,340.4097655661387,10.118002503930128,5.083083741270432,0.0,74.97828383953751,0,3.86133421721323,0.0,5.356682791746232,2.7294407289223406,2.051104840143641,21.8959968412387,0.21870756521339194,0.08961567869328554,0.07032307130627614,2.1013969098101697,4.823832240616239,2.356344117033241,2.1395648003518444,24.162310416487777,0.141056493710299,0.040066332794695354,0.05936848860643787,1.892838107680872,1107.7558055808563,有,有
1082,2024,194.14965938243316,33.94290347776032,0.0,0.1694917656221412,0.06469981334039543,0.8332321363224701,5.239744115483203,35.15258758781202,55.55694875613689,0.10692124572561224,1.6650866733733207,0.2390682067420005,0.893624837281202,2.323001191688479,23.705649164674924,861.7654505749837,6.091505127320234,3.752898262501858,4.490508815390318,24.857253086841027,42.94737574734397,518.1842095462962,53.82403586208876,39.847181299736384,1.1720535461486679,0.24566938358740162,0.6122738594182506,0.09563227910670415,53.77502716905579,59.94455671575875,1.0766751836841666,0.07941935696339528,0.09726098457909484,0.1765612601309836,664.3707491181929,352.12131599332105,3.880570931877766,1.1436824208103735,3.1068282060304697,3.9905793390244226,60.22546456176771,8.402615747637585,8.430810051082792,4.918147747712663,0.6872770199089103,19.93653910653188,0.985237894753453,0.6106650553149979,0.0005420755784916707,15.100633996663772,0,0.0,0.40448517372607484,54.762177724695455,1.9494089551476423,2.8853951509462767,4.1120145813714615,0.6988687189295417,27.91911260181677,0.0,0.29546334293330273,0.00416541990204694,0.0,0,0.0,4.650531242549747,482.1300867593361,63.88167386396964,0.0,0.531155570640129,4.946325670868125,294.39260541650856,0.6193881777906627,4.035746126497884,1.9751129846360156,24.45932147682736,0,0.0,86.85104693607235,5.153791154336018,2.7124881515464088,2.0449927223446998,21.43107432004307,0.31737280562005504,0.07965914661254138,0.0880605942896579,2.5184588704204964,4.943937971035721,2.0604779270724887,2.168297859618182,18.621765819025732,0.17782491605265024,0.0696244456059081,0.05895048547387011,1.0384121130267,1014.8140959815753,有,有
1083,2024,604.921365111313,53.93108085746125,0.0,10.47830497602796,1.7422970165517733,0.0,5.6390363443790825,67.75843172741533,49.50130382121583,0.2998651014084297,6.504025603658906,0.0,0.8046174854043582,3.863219899249759,10.104756019491727,346.13421637500505,0.7560539468708127,1.6415073510272742,14.434571001470355,43.486534643306854,4.542736709850374,279.2139362097645,88.7,30.185794859005224,3.071049509725822,0.1818045465256168,0.0,0.9372880660524048,50.99653953285722,52.43506360066015,3.527943861624961,7.328756009742026,0.4108153915943965,10.45701305979667,723.3080088427928,357.41070489248796,20.102870358017224,31.93970297173951,4.832943715174211,94.48154577463976,19.884196656757414,6.637976931994153,5.82788217389144,4.243663674293656,2.0206376143495417,34.545237570091395,1.549143827811476,0.31232333472039625,0.20831658138594147,12.051295362500376,0,0.19170446715800804,6.300117824916287,61.65843343742578,2.7638344475423473,0.060938559811054484,5.537772802183737,0.0,40.681388591324506,1.2727349332003146,0.5000053203584908,0.19711436318609524,8.36022286508284,0,0.5170732865206314,6.7282396851360335,814.5753753860746,6.3004157621325145,0.9897686381879822,110.66205151299931,20.06746610875069,458.71657096901356,20.6323115921088,1.0599827282110639,0.0,92.08811871289812,0,1.978491997764381,60.86956510134817,5.257917720071943,2.70869748167413,1.9994128639539768,22.956680580257647,0.213275522968675,0.0996533641137787,0.09964725101037587,2.3897606892266383,5.79,2.111739092271101,1.6934124910632784,17.862767011768863,0.19322143595950292,0.05991855932677421,0.058407285829164005,1.2835620182326088,1121.4714451149337,有,有
1084,2024,203.64693601185064,64.0254256552155,0.30918255776872516,7.895016738662163,3.711895601274391,4.237746326508172,5.308207221609997,32.96522172347782,52.5474539007423,0.49011671462297146,7.853604295327313,5.884238468569659,1.4014930939586006,1.7921855300845178,43.940953343737704,828.7076322885575,2.0259944478640484,106.86056321107633,0.0,33.238819363872125,67.15972345352002,587.528756806234,55.83168798436273,30.256048904761382,0.0,0.11240308114320836,0.3942595309562336,12.683912118481922,59.60116598874367,27.030709644723693,0.0,0.336143174338542,0.01334380287473183,0.25817507267504514,834.6733028115165,235.60962527029648,43.68356940614788,40.97023050844818,3.712674819684637,7.933713676233133,67.94204192970889,0.20931991903271127,3.7055056010616196,2.06848811395186,0.051322747623408126,35.860869225317856,2.679646174170952,0.5988953144534336,0.0,2.1238660500050695,0,0.12135689217260764,0.0,68.18236732252247,5.373532859489409,3.6861887169547165,0.0,1.267972847092165,39.75904677038431,3.000013434826925,0.4060584937470145,0.0,6.375813862362094,0,0.08414562792226928,1.5703248754071852,531.2812642780067,40.2949456117503,48.38423211647004,14.24183674410092,31.40698213118732,280.09394001445287,5.456058113645787,1.1017753847771554,0.05818662360094461,0.0,0,3.9295118580876824,0.0,5.1821525091443865,2.7224387428329724,2.030477698056313,21.357886391039838,0.31193946719922677,0.07052686463592682,0.09962853273919152,1.8106121274692875,5.705250171001232,2.89,2.1132287052759424,19.734186680467584,0.23262285367083274,0.0899657106783008,0.059645492179036794,1.438183815147169,1010.5066233262803,有,有
1085,2024,714.073804146479,63.11733584182768,0.1032977595284142,1.9162011432264032,0.10460518926417015,0.009436319180808301,2.4623944056651936,32.206257580077384,84.72116752005104,0.0008349896142244579,0.003012179457935926,0.5010127527616121,3.1139939641667422,0.0,31.676340009236938,561.8889124556684,0.08504659157551388,21.702314606059236,20.887432200931986,0.0,62.21016554828911,321.88403210489105,61.747824478729946,13.696369103010628,0.623912045736825,3.936356514102603,0.10387419654880081,0.04197768153135182,55.363842234313864,37.65583693461312,0.4747047822061228,0.47868078648923024,0.0,8.921557936261529,545.9699226998058,549.0273454517009,0.28550400875839993,3.349403526199904,0.10511430180844804,4.714602293677078,45.19806207305253,5.529605213017451,6.658547852940992,7.373352465268491,0.0,38.585172813524885,2.458288190593757,0.0,0.29709297183701927,5.2957674772011885,0,0.29826970361745037,6.150911233230701,35.27760770220363,1.7620661287977708,6.646636160397458,4.233000035417339,3.3572950293867847,29.15617798770462,0.0,0.0,0.0,0.0047243892786041275,0,0.09703108676001825,0.14903004838516778,599.0200094693996,39.11286861688375,0.0,27.021279825911456,0.0,244.88668009599525,0.027035704783034173,0.0,0.05476618914685117,0.0,0,0.0,21.187164562050597,5.540366790164821,2.740795527098098,2.027721561487048,21.922016247975943,0.34148349969814956,0.07930146472501959,0.08097999835089295,2.297226660684692,3.978517202248665,1.941507777334845,2.2,24.881535505262896,0.201469247460538,0.0884199973555862,0.06014369785002716,1.6142759455856954,1068.8776244476248,有,有
1086,2024,834.3391394560668,33.5361421565467,0.5946858833068096,15.084011472507134,1.8370032298385819,0.0,7.908670592464642,45.70149141452865,63.085027592800046,0.0,20.523364721523592,0.009073693886861698,2.1938475354511864,8.782779360353498,23.92940868830209,769.5815212455228,5.836873267140338,0.0,139.52121087201,11.329925030292166,0.0,386.6033569229796,25.24685015069942,36.479608957015834,2.371989081580176,16.65909551657191,0.11607888879449249,14.351445943385098,54.28658049449099,51.414747082351035,1.9699011801231343,0.0,0.20670179617203818,9.687050246009957,690.3570626438752,474.0696059558864,0.1394058116480072,11.343922933209672,1.8462213013846582,0.0,76.92710471950956,6.219926752215015,2.4907933045764965,3.487114854803502,1.7838552625616277,29.083416329613907,0.003087528815869873,0.29431303005855886,0.2022042872424098,3.9339216588429706,0,0.1012120410881573,5.881429056614152,67.47624437907493,0.29601380018703644,2.1374953766139426,3.357918158642999,0.9532656337732954,18.67984451685012,0.07872547023247473,0.07686087527896991,0.0,0.052183060651336786,0,0.3952207826338068,5.863708494128443,692.5559949858714,0.0,74.02942811077658,8.446241435660271,41.13333180186904,261.16110388924255,0.4869619128598934,0.9356417925533529,1.9257195673536756,47.88430444012856,0,1.1045607065243113,0.0,5.180586956194476,2.747773022852169,2.080764729066551,24.532461373611525,0.341584338639707,0.08013943447759399,0.08972822122508016,2.199085680188151,3.5751249419353455,2.885558331257556,1.6813560448709248,24.19534019968533,0.22967390156142764,0.08136437417642375,0.0799121524387099,1.6546001357526325,1085.459578494699,有,無
1087,2024,405.1970940318161,76.83513125053794,0.005148674843794275,5.832282318600466,4.944943315380152,0.007633060456758578,0.08677049897697273,20.052434565855812,47.853152185605815,0.2107409748098305,6.615091321181644,3.7130756767847934,0.0,3.2199662058442575,40.096365765058316,802.85743056925,0.12618598393965824,6.135285087697639,17.44342224616169,0.0,80.92037346658084,487.04995156283564,46.641838121850235,53.62939820612059,1.3321047839203173,24.8,0.3993247046252503,2.4808321088129786,67.11443557022511,37.1903562535293,0.6222991899392036,0.2540089290851002,0.007865946185004124,4.54401393139036,712.2757491019402,646.5656867353521,32.77561661113839,157.02494239182727,0.0,4.621782423804102,63.47448210755206,0.06954023850447259,3.0731327334011516,5.056207111037704,0.584768999224047,14.697729880095732,2.138802497761649,0.012135080923553662,0.0007702739531248623,0.17434814883822047,0,0.40542529916424574,0.0,60.951220386355764,2.261362178699836,4.019455923659957,3.3762164288895566,3.92461363738645,26.970791842862685,2.010069112605754,0.194452118067392,0.39892591158876267,16.414958837431417,0,0.3065529658041004,1.669958157266853,356.40902430410176,46.901392965799154,1.25671046928902,45.1821009238899,0.04460811760960819,306.0840569183479,0.8508363335337681,0.8859291859460272,4.003275646313734,60.03956651480453,0,3.148597545542211,3.6696008527256465,5.21837816497218,2.7105851089551747,2.0395952481283115,22.46842263565415,0.19,0.08077003899191176,0.06027034384524248,2.301306955861602,5.736298623015433,2.070075741043341,2.2,24.600558200770756,0.231459964289767,0.0600377163580802,0.0796218144043599,1.241681336695573,998.333629489041,有,有
1088,2024,517.6642097790327,37.86402855057551,0.0009738017726814677,16.993746351598492,0.0,1.1169831108134705,6.3067473705297425,23.270970366022784,36.903361351891135,0.0983801582757659,0.005862983929160958,3.620295406479411,1.423934433636869,1.2666987307470614,49.063922374937135,636.1505635213058,3.0373450065539958,42.324157476880174,3.833381156082349,0.48068707961167323,80.43039633663885,283.4975975589937,59.32543165499202,49.082797353128186,0.6102930514063768,5.543742801053652,0.19429776146405064,5.407614604216875,51.91285383911745,36.608668901775744,1.6969804352688393,0.0,0.0,14.041931753236625,521.5615936571593,291.64096371223053,31.096935505664508,0.0,3.8683581369810907,0.6540769081526315,53.89694379072936,0.0,4.724326063516322,2.0280993535739835,3.2987996423935444,26.071708907432818,0.02205607959857686,0.3997860393574533,0.0015039456103785,10.547723463611097,0,0.20042894395053948,9.466608387766207,83.4081104647586,2.071875965227358,2.9358118776246807,1.9546788065006628,2.841245861319077,21.513355839674233,1.0535341885940803,0.18769861014954134,0.11356536992243775,0.0,0,0.0,4.564601086013169,714.0931438359171,0.6912415412542389,49.56491529572199,9.993496665336925,35.53571762254056,228.22204110672652,0.7646381875988608,1.913233004289193,0.0,66.43749369707278,0,0.07594043780378464,104.32162900826259,5.24418092617394,2.7466578357713307,2.0734749735007716,20.777190720354245,0.2788779868746509,0.06967553820632276,0.08009971043539289,2.203593004228984,5.0199766740737815,2.89,2.1578095182416552,24.363585564695175,0.19822018635941097,0.08040431146637597,0.04914015390825939,1.2969773887638743,1057.0310995873608,有,無
1089,2024,472.35463976694865,77.50161463331575,0.009716646281398861,4.776725129285279,9.173759842990567,0.0,4.22763726021065,49.553752408757084,56.39683031367392,0.0,9.51912424397621,5.493802926116962,0.8979625080030152,5.177097590776736,50.169550961823546,502.23587256718525,0.0,91.27442204181158,69.33567101305204,24.83797816529664,61.60868752026866,462.0917093328104,88.7,38.65944475208067,0.0,0.0,0.5193206330657867,0.15551998958059557,41.16925010689231,27.31448405159989,0.7306998696865111,0.14045520382139742,0.21543305252310366,2.8497479037189426,860.7422508940004,593.2327768402829,0.0,0.0,0.797270813465306,9.84483803984777,87.69087540226641,0.09263777622829115,4.2507948767217805,0.42173556243882826,2.7580236408002166,21.362622750478526,0.0,0.0,0.10209825351150256,0.0,0,0.3166752544900266,6.056218524202139,9.854694398160815,2.330770012920465,6.803701311200357,8.54623961576307,0.2165772498669545,11.581756575949097,1.3437386860555425,0.19487935853092705,0.004411580607800323,0.11513299260957165,0,0.005145841221143393,5.384286195702952,866.0,37.55350511718344,0.0,0.0,23.113746076425887,230.3674266948983,32.68457051266226,0.31000823718356396,0.0,132.37416786284066,0,1.8673930442201574,10.207593999610774,5.33814055309103,2.730995487681218,2.073113800929604,23.55009380020228,0.43340026820008387,0.09954610502506656,0.07849607806583409,1.7983443911071186,2.970458015174125,2.89,2.0288391623413458,16.046986212483233,0.14215411747296158,0.09086844386658363,0.07055300057010136,1.2451371996605571,1079.1368792705207,有,有
1090,2024,296.09030324019056,70.27952300114454,0.19295758337611893,0.0,9.655776043567187,0.006775532707407704,2.7058185762003353,40.36442579097073,54.93783706828974,0.0,0.3471224464388606,3.6725012444644376,1.671159835183995,6.841620583189232,24.855174920374107,518.5095894600988,1.0698123891828275,21.8206200718079,95.44252173306094,13.747304465572045,76.11484492479416,402.15840022761694,52.80571834832271,26.58241063855118,0.778495532552702,1.0325091950104102,0.385128012063118,5.884687838284831,49.24316047769035,41.26157444480551,2.9049438578629623,5.3585443890286415,0.09831663568599805,8.579654731802046,281.54874177549095,415.7413821133148,13.514006346985164,0.0,5.060916476193953,9.412541714912026,50.230880967668305,4.54687072129977,1.4226271510900392,3.281574051898788,1.6638126480198367,26.67271485215258,1.5707175049412392,0.5952771701827689,0.0027224889375846396,0.0,0,0.0,0.10706445771094665,21.50772480979876,0.0,3.4868448632744635,1.496411827505832,0.26210366334293433,27.904233448224716,0.35729995595467556,0.4985107849519616,0.0,13.428134889144767,0,0.02253871046112418,2.7797606578941148,612.752266210525,62.85419524916996,28.753476520222954,48.78082356275397,8.648329329396415,530.9744814251146,12.439881424672825,5.130840477460193,0.0,2.297241582641347,0,3.976514445398425,0.0,5.22797185964027,2.7414088341198353,2.0590779353933804,22.51599404198693,0.3798032751938579,0.07985425377390645,0.12054226126902248,1.903058452912694,3.7743225183927422,2.864009161175961,1.6376894026977744,15.203638379304724,0.3241530619058104,0.059068023239059034,0.09880250018399392,1.2459694872283988,1061.8483549102461,有,有
1091,2024,10.996166697113953,54.136200012969596,0.09671316404935636,0.12246222081108739,1.8188229955155002,2.1025655866246526,4.616804186912102,37.5428996674204,51.93929153398525,0.2045484530735684,2.029463461892708,0.02323354497276682,1.3944461609933283,1.0117100439868727,47.54993072199403,563.7243156433818,0.250516808389514,45.206634520226984,26.705875451081166,0.4793127956171188,33.03929923591425,498.62052207078244,58.532875274989934,42.14477516734786,1.6910939583453288,0.26734135190484876,0.0,6.19142210650557,83.4317469873387,32.943837022399876,4.017433284860179,4.45702459620397,0.0014087507478618548,11.59547256921082,429.7906661081257,504.5966669071177,49.69445705044522,57.531512563992884,1.0854076464384128,99.06994217778657,50.08116014673858,3.3585997954651186,6.825306727281388,2.8424832382861234,0.5496633124751051,27.008819935590036,0.046864781928278025,0.007865100184607402,0.0047597973180439675,0.20712050348314232,0,0.40191447264084323,0.0,35.36637342453486,0.0,6.3681697278636555,2.538074984188748,2.6521472078283073,29.484044567115202,1.9802935878043437,0.2954325152590162,0.09852184839926025,3.0898995809303176,0,0.08482238890522986,0.0,805.4144019940693,45.860489927338826,64.47158023891512,3.5487725536848984,9.825248554841027,348.89853242275694,33.015823814338674,7.857975323211903,3.9816055909440635,0.6467211155260106,0,2.9992398851609545,0.03340294472602729,5.114505528872813,2.7490572733827854,1.9997014159460513,23.870437177347874,0.3343465925731358,0.09074586607314321,0.11015204384944971,2.022479289340575,4.888712887092588,2.786994525008203,1.8233448527273917,21.844539329798337,0.24269558256049417,0.08043212008392246,0.1007055430591044,2.2973199778079993,1035.634224532396,有,有
1092,2024,147.21045419174723,62.89559072881189,0.0,0.0,0.21267864237518191,1.4496228505492716,0.273737072703829,24.57638647209106,59.58495684702346,0.09379055616059773,0.5150544427620937,4.2993572053843705,0.0,1.9497103216102074,40.350422110701786,448.5665779667861,1.0200646043406598,0.561623716133592,5.335264046867156,47.29951206726388,27.238919545177296,453.38896416724776,52.58111010330211,28.828841775338315,1.6689169544887459,0.0,0.30451921738552773,0.0,23.205374221062932,37.47101929925978,0.06411455746473621,5.638719177998375,0.0,4.871680843511703,675.7619284538669,423.3738374986196,29.42946106344323,21.54953320318228,0.9351405364172116,64.35347327851004,48.729549427898846,2.382780536257337,3.7114629121089635,4.468268701462553,0.04139392485646793,32.091207592641524,3.3847672137946123,0.20511540785683202,0.0017578210524875127,7.5728299194772895,0,0.1926958624415653,0.18836657791800304,60.41427893228653,1.900758542546631,4.65485879999467,5.8936981608351715,3.6576335645146583,26.046026713793236,2.6126769368863876,0.11463683747896541,0.00012631857688678085,9.52614613001136,0,0.20211219288555166,0.20176220611797904,643.8175418572836,15.011553116084974,1.317808340265073,1.6062736087636966,22.076505318942743,285.27004090606886,0.2165107671921396,1.8609834746554328,2.1447018030927114,4.052706573802843,0,3.069794586678941,42.92970099504868,5.282062678032146,2.770196624513287,2.089853620399768,23.11175890832371,0.19,0.09012272205038958,0.07035877611090759,2.1140371048334266,3.8893705414816604,2.616750329335901,1.2710000986090486,24.9,0.1381630073836143,0.07975573399203639,0.10908881207904247,1.0686797254213098,1056.5700516581524,有,有
1093,2024,246.79094438434885,78.35833548027259,0.08531922714975652,7.350467965374559,2.9911271148145286,1.7157697075401324,4.4809382755663245,32.74207813791371,36.38444206592467,0.0,11.616445759146247,1.737439207376745,0.04173307758526939,5.582894772324211,34.657838412423104,866.0,5.027385222463183,0.0,0.12277567307543644,16.756644945144906,48.74273782033866,386.3923773361557,63.497753123020914,41.38337000894171,0.0,0.0816915775525093,0.39484359620713144,4.027363598232466,40.584804827166245,47.8791231126126,0.8682243910900744,1.856293283308736,0.40017476998533286,7.937217903623935,401.46783887317673,414.25978337595086,0.0,18.136485705564937,0.0,95.00522758259272,71.04999308207742,4.482974185811012,4.675086898560521,5.816576312318718,2.0841957681873233,25.422421972292163,0.9816333816950953,0.09776447760220233,0.19896518185008788,0.0,0,0.0,7.398336690396314,59.66533048585044,0.4188197530542077,3.8261369005803516,3.7825928018346184,0.6310252487899314,23.526791084311014,0.0,0.00329267945966836,0.20307627694099162,4.248595360743923,0,0.3926294750248945,1.9628977199884359,427.44577893768536,70.39163686734098,36.85133007748152,35.79736787968331,47.86229743919975,326.41802861791695,14.514208326356428,3.0506536674682088,4.025816805444276,0.8575097973295973,0,2.077900776934479,110.05858104916959,5.581946313447242,2.7431100155395525,2.1191059376597847,21.838565988465593,0.23685601508128873,0.089664146602015,0.08277144837367065,1.9123805551003004,5.777434765202526,2.850068374110812,1.5175768833499992,24.649027362637373,0.1409099762826185,0.090772815998574,0.059315906748108195,1.1127655666175342,1053.9206160517322,有,有
1094,2024,137.4161796141088,62.06762000106649,0.002970433974374245,0.015454647090920861,0.18148118213754616,1.524716937918797,0.0,23.661083372779764,60.519552284532416,0.10268422236819931,0.2086644435954087,3.98278992971615,0.022845901439012658,1.6722244798335602,41.00360311597039,451.857285078116,0.9493204789647199,1.1827007828123925,0.028879152556749388,47.781593386329334,27.025775996316554,449.76465679019543,53.37003735267786,28.442003461870865,1.7145002136755672,0.0,0.2895113146823037,0.0,23.34794109198523,36.505930001277335,0.0,5.249838249095825,0.0,5.387988278692117,672.8895682428403,439.69267882282134,28.667123780269076,23.276179790923347,0.9385455633513774,64.51891425757054,51.01626341793955,2.149449090727554,3.7826851281989824,4.391929986900982,0.0037633598185849936,32.983172642918674,3.3565404716063827,0.19656787768775985,0.002884847215557191,7.163205134209873,0,0.1939816530377838,0.03089353482988759,61.204835514134864,2.19895613537634,4.792775089534632,6.054735360290577,3.6438450914844247,26.723993038479147,2.6691017432123108,0.1030279467622128,0.0,9.455757794984331,0,0.20474183806620266,0.15832873211504364,626.4033853886448,15.67965101929814,0.741008467312877,0.0,20.16399990052827,299.64679181192855,0.0,2.057528369946989,1.9178545423608955,0.8968097691987559,0,2.914425790004909,44.24929388040378,5.282888896443825,2.769195110853319,2.0903860529952856,23.06387141768443,0.19501653701891913,0.09030592478244048,0.06852886864000857,2.093511128801493,3.8471111933517532,2.601991594367444,1.2641919555759806,24.9,0.13674412907558647,0.07805855913882644,0.10866643958036189,1.0373393228922712,1058.0980171899737,有,有
1095,2024,448.06598040964525,77.11115248338234,0.002618690814960822,0.0,5.918743359080372,2.5477361786599317,4.6238063383145604,31.279589897303957,67.67423826555685,0.20269831455498002,11.943856531652031,10.403705695111958,1.0414279768341215,4.985184901162954,50.20750921372539,530.571850495715,0.0,4.721147902214497,126.949982233451,8.27117206458136,48.4860202500097,439.0444963493435,70.61623020148441,26.390076868844226,0.016964960003581442,2.6063693516061464,0.2072752537363214,0.17956471170225297,47.25973751987006,66.6912585524858,0.17244873205301992,3.6994300662000796,0.4838451182388777,0.689988494452461,681.1170014479287,381.3835605077683,33.3687439157892,23.830148486827873,0.04407933939780403,17.400076019216897,45.28648541630278,9.574296588436756,2.965698069446906,3.4380230794637425,1.0289840891570405,25.826005455963642,0.01927440102108113,0.0963345899535867,0.008149098158266812,0.015267939998198796,0,0.1996356463601705,6.1393022151311625,68.3807846180526,4.547992143964483,0.0,2.0889401489541988,1.3312122682703895,28.808241603908073,0.8567322915456069,0.006270119386133464,0.10626547682045209,7.11269455418318,0,0.6002131917994081,3.805471869461812,373.2638923700609,24.49203879637527,65.0736673634231,3.207987244129553,3.5337537694233054,354.78234772101086,1.0356396405538033,0.057698562902907646,1.9663232943760576,24.877584492149577,0,4.009557280544297,61.092431494590556,5.010546739339533,2.7483147626727416,1.9884989766033085,22.67323213360076,0.43975054336761493,0.09930308998110034,0.10121742698288999,2.3873333292300853,3.9923141703374214,2.8813429730592603,2.162890274308493,17.540004547114233,0.13144116394726293,0.05990956034048959,0.04954413907251982,1.552070557401138,1023.1758326275414,有,有
1096,2024,625.3021513332279,24.54707150461783,0.10005129397246222,10.706751550689056,6.645827169905662,0.04644700178789212,7.015503631590634,25.005978766854213,86.8,0.4944160048350246,4.123814285033099,0.24676674854939515,2.9679765163329725,6.227207296314486,60.26020475677399,575.8675209213884,2.0916077566092754,3.375050133725062,0.4106827584010431,0.415249565218955,2.245259083770978,480.39797585298,52.32145089663429,44.133633619400975,1.733403948076269,8.983282643380454,0.302503982367273,0.0,81.25966653594517,42.175322349243174,2.1965811045386263,0.1136162947386905,0.9178875906922848,1.8750825986715338,738.6614052882751,335.5546609797435,40.19908135954919,1.172120179095098,8.83361720635715,0.298385636847066,42.33684582615983,0.8954122255994497,8.740425294272407,5.182633460517411,0.0,22.261011776602828,2.2938480172371727,0.09136964587609236,0.0,6.853232554443318,0,0.39577669127583287,6.188745610344394,46.993050383468486,1.6270390860613484,0.0,3.0198359248975155,1.6612108913907937,28.114931106728395,1.417035556013396,0.48852372609712447,0.004022361828837549,0.25789437732536913,0,0.39285766982420633,4.278749341043152,488.4292120988974,10.330993507062523,48.010453802059814,18.652203259291767,0.5219585978862352,367.31849191604874,6.046067051659833,0.0,2.0609036965500573,76.81969060285797,0,0.05329992630667406,2.204103616198586,5.164658928453237,2.822358047579207,2.0577619409187813,22.839937367236253,0.4538279029850951,0.060430780777465144,0.0797970968597108,1.413607649664064,1.26,2.89,1.9836765244419738,21.22265153234481,0.15113452897516258,0.07944982814629897,0.09088672704069246,1.50930086682096,1092.5697663733617,有,有
1097,2024,620.2903436125288,62.37935344379693,0.19764681568639544,2.2927543676871727,16.433602287540207,1.7392783384004002,1.908838008838053,27.326543887623004,46.05447928007248,0.0,2.806650095305767,2.964182152190691,1.1339912616015309,3.8988602618992774,31.45541154823931,725.478098988908,0.0,3.9965843772398317,25.70070220473792,0.3998551743485631,28.91170377672737,423.2026964001969,49.722539988508466,46.37893212204982,0.6019654574826003,0.04234422172596738,0.09420656763767386,3.104693493873932,61.412596610777776,38.38937404487198,2.2547158549079795,0.03447783563560071,0.0,0.0,576.2773434874828,266.38450203505477,12.43724633580661,118.15533711672573,6.020628640913447,99.2016227383946,69.69587568095201,3.2286135268094744,3.381250674747595,1.4451673475853197,2.7702792316559846,32.69523773063386,0.0,0.01511395307376442,0.0,0.0,0,0.09318823104542272,2.343485995608648,50.30539482934356,0.6967481782551408,4.035743952826517,2.6269606985118954,4.626117492100922,22.75021767966388,1.8125605388701624,0.21047135994023422,0.004038130136683523,0.35750813483877636,0,0.20543198137489568,2.257453697250096,760.4226262994395,72.64009766926314,20.022694115855092,66.45236393588681,29.261340348459953,331.5799640117778,26.493795787501455,1.9868122723854134,3.124531001701528,71.52679194389782,0,3.169688492449885,13.593088653879613,5.25377046904454,2.723123431385241,2.0212326601865027,21.897962314890844,0.20852545653125812,0.06025833670917028,0.09020281941246473,1.7124787301119797,5.79,2.89,1.4664968317311111,22.555064362937006,0.19529217765583412,0.08039451021884343,0.030468794759043002,1.294150351668235,1086.377351753632,有,有
1098,2024,347.28490877271724,72.36703675072441,0.18580217004995914,10.149367706278648,0.0,2.158664759456907,0.5988115837181586,35.16998851368654,67.34333196569212,0.002556037424291698,0.0,14.355439508807391,0.19609392436042677,4.209815262828332,41.78818276216562,513.9767066200585,0.007895627660530329,0.0,0.0,4.791310937554156,28.273848589777607,447.59307069074134,46.11074092818385,61.24226390139856,0.09102454270012689,12.110289529465982,0.0,6.596386795556734,63.05353017691033,39.366281953238804,2.6775625596774364,0.08365348387839891,0.1888782914701633,0.1946340733270853,289.98852982226,365.7386220185709,5.282063863368519,0.0,0.0,17.40360213170918,52.22668413290205,4.472376984085359,5.906733310140685,3.9123713515110317,0.9446196712684289,22.995632628281847,0.201102022073088,0.0969842702981534,0.004748562990908608,2.2519527615435133,0,0.08616519441530375,0.0,66.43802180782018,4.134501345662295,4.830598347024063,0.16853201520344105,0.4483991625591521,25.982184423279104,2.755208129663645,0.0,0.20246540975643423,6.07039222445201,0,0.22008965385024865,3.6463410197816652,866.0,22.11415667857413,26.034298443960527,37.88271905493046,2.5267067361195097,394.2677545293945,0.0,2.0344666323400573,0.9054299724557493,91.55813890552086,0,2.0821162382560927,22.827573864075788,5.193741114156554,2.7400058816125443,1.9912461571670983,22.2450103048693,0.2831449260715192,0.08980539205738632,0.10996787386611477,2.6209772583647677,4.62717587676911,2.8620475211564136,1.6903464337746352,16.35946807930185,0.19707486140546296,0.07042899173975624,0.05088955425146585,1.2742745068195198,1054.5009412897243,有,有
1099,2024,1077.9066873706706,75.64865478637606,0.0,2.1234483954334737,0.0,1.5227005099588435,0.2853505425929802,27.816302590947753,41.3908041989466,0.0,8.156621604956017,5.199584936460615,0.0595231634268005,1.4135398324348352,27.429327584631654,436.4208324560245,0.0,0.0,0.0,18.21987135369792,60.63195048921127,413.7807210271161,80.40910109842929,22.141786397632867,2.9595072331314025,0.7986795877880746,0.008960670099849757,0.0,57.743022646704446,11.318032614198811,0.9775235883435804,6.950891973537444,0.0,6.796735353039673,522.3509126030486,498.4230192887455,10.809634053608612,115.73687512877854,0.06517234706404886,13.055977140662861,58.50153107924551,3.1053467317654757,5.424418270893322,0.3604288634276162,2.429537365599681,20.852032292786486,0.06425818073313307,0.2113881104482457,0.0,5.312545312467334,0,0.09918243961977057,0.347136589478799,43.56914307741518,5.500298774434275,10.001797745960207,4.138126088844424,1.9456104875541322,24.804864506236836,1.9910870164893126,0.20675658188183327,0.10011029823314439,5.6165892476439705,0,0.0,1.3028582893550724,717.5492672359958,40.80264279621404,53.62305946458966,29.532382709762498,0.9893273311741948,343.4156435322501,35.225283228055915,4.009029056254991,0.0,33.959820594567724,0,0.09197127815763345,43.66467999486545,5.1084973963092315,2.7616097299549534,2.0384078526670844,24.03714646400533,0.19,0.07946981492635,0.07970054052144612,2.1913966796196243,4.196668386154794,2.3301730487424988,1.9526615327911772,9.553264117763897,0.21928711307286666,0.08935417632666422,0.08047471752313937,1.3381333605327614,1087.7418486642084,有,有
1100,2024,692.78207523903,61.91554678550905,0.29656217111001704,9.027404738656584,4.082978728260726,0.022645445541249355,1.0644763733294382,23.449317368124017,33.8940630378938,0.08449674185821135,6.691951123346309,0.022341059104190677,0.0,1.1553746624685324,21.99838743228986,550.8249006056685,0.05284400169601809,0.0,47.932093699147686,0.0,115.57085601266913,628.097916459072,27.372810560925885,22.5935917724972,0.0,7.765356779554567,0.006677963569526542,5.482250005949885,58.10207437442543,46.68978963302743,2.4793012388133193,0.0,0.0,2.1535261437143816,761.8090847632888,456.861736965172,22.99559320883048,0.0,0.013453215311636136,38.87662525625058,65.63451996324153,2.9485324212006407,4.887803902513775,0.0,2.716491301662503,25.489129595448112,0.19637619570620124,0.41423390210030486,0.09068084333518237,8.909213982553656,0,0.0,0.7486495520765519,58.746686967179706,2.4522223592257144,0.0,1.9847471095328844,0.07189121283680681,24.053833797230723,0.025334217523621454,0.1891986569418373,0.20378328493243922,2.215543978984019,0,0.5080138016801167,0.0,486.2143856509982,16.757646517480254,76.72821069402231,22.276440059607317,19.27788464236339,304.87215950799344,1.4199296356355848,1.7667075728630608,1.1115631083908253,108.53223508373692,0,0.009770707526667997,6.903973122797878,5.4397580172040225,2.722134941060112,2.0417723608470673,21.884251603519665,0.1962878670745776,0.06943940740356518,0.10959776695648295,1.8967302252091605,5.653579650508994,2.8576139431526952,1.8400551521907702,18.50934735223902,0.3392424955274463,0.06935002556522953,0.03899657399795597,0.9899117677453195,996.589051618632,有,有
1101,2024,698.9223113755928,52.357856514510544,0.0,10.58337333717514,1.275314030154068,0.02270105733853171,4.3105389332260255,31.840782556782813,47.88549361944541,0.2920863141024808,2.1742361759559783,3.1277659942617353,1.1314114896533256,4.025605731433402,50.6458366732733,693.8953902471968,4.036811656587425,16.139788591086678,0.0,12.62295768202106,31.619293259025056,176.07068808882502,56.54983092996163,55.69788529579124,0.0,0.14302804074374373,0.09898140325218366,2.861672234080972,71.30116567301299,37.34622163776809,3.033648712706979,10.34609433815847,0.1851572194912035,3.413799063940511,654.1398982741213,260.185043056732,27.608648918089997,0.0,0.0,2.623396197611441,58.77003408019812,4.552943280455433,5.099537275153617,0.0,0.12379085243995906,21.23703849375208,2.0205836039778053,0.6093405046058304,0.0036348166176561627,5.441319505613475,0,0.007477135684342431,10.455566281400998,38.457089505489215,5.441647531832859,4.4325637886301905,0.12949246902100942,0.24282971649069962,32.69372195156895,1.4933027458363086,0.18434242831597486,0.30332758282882966,0.0,0,0.28560066878636314,2.7184879120803527,500.24188004291227,23.707105328911403,0.0,0.0,23.40978491544946,298.22895376049803,17.45365620013018,0.0,1.0232321634164008,63.156326746805725,0,7.1644010277702055,50.367512949038094,5.15917201338724,2.738818346228822,2.08874978851907,22.176691114312785,0.20889766174496155,0.0803381313747322,0.10023259326551143,2.37664658947276,4.296465771885831,2.89,1.5838016694636972,22.146271427871742,0.2069547797711819,0.07989899985945155,0.04969925561041364,1.5858557756694651,1034.632706280644,有,有
1102,2024,1118.280723025482,50.44001172493126,0.0,0.022553263169933835,3.6610833316010973,0.16981161318594698,2.146747111326132,10.674876729750244,72.53957032355234,0.6976488728499715,5.41841081390245,0.013040321182165767,0.0,6.217893470288754,52.7373928786149,612.9098548872395,0.11446779097347809,74.74483143111338,77.52207978438331,19.875343248709186,6.43905870889102,324.35893125303556,81.2708733007958,46.77002146489422,0.0,0.4793395310742811,0.6189660908097129,0.1624275100534318,46.25649106483948,49.68441355607614,0.8245793817699448,5.6408227180007415,0.6184205718579783,0.0,590.5940413985695,246.6191188765205,19.059398805646424,45.44539813867238,0.13461853530930323,29.564416871312982,75.57676312504321,3.354672410676966,5.576663313912629,6.962057038550985,0.026202792368700357,28.992960809615205,0.4516594804688344,0.2959616272582097,0.0,2.31817901114706,0,0.40081101030440264,8.792241710331556,69.11530126222664,0.0,1.0823025075384116,2.8273732984096935,0.021251369944765622,16.980228792878222,0.01721729237213991,0.008242055478782932,0.0,7.505487263967083,0,0.18935101511962082,8.637440441129375,542.299722429882,72.17429232723133,0.0,6.3383053710058075,34.65464556068926,284.6774989605973,20.608368155100603,0.0,1.9482248855102076,13.853608857934175,0,1.0477613442592943,38.18323887684759,5.432055302541879,2.7292276422240285,2.0405011419379617,20.019515843898365,0.23902080932358827,0.10077700709865718,0.10892905909203518,1.7944094983840522,4.644239103424278,2.8801390613189013,1.7021164650201008,18.05086080188893,0.1709793703877396,0.06918166819339149,0.06929066458764119,1.343878304605832,1032.9146756456844,有,有
