Unnamed: 0,箱番号,サンプル番号,連番,サンプル名,サンプル名推測,メモ日付,メモ人名（ご依頼者）,メモ1,メモ2,番号A1,番号A2,番号A3,番号A,番号B1,番号B2,番号B3,番号B4,番号B,日付,個数,計測値C(g),計測値B,計測値A(%),備考
,1,119.0,1,,,,サンプル1293,,,,,,,,,,, ,,1019.0,23.08,20.292101585924,13.6,note_A
,1,,2,,,,,,,,,,,,,,, ,,,,,,
,1,,3,,,,,,,,,,,,,,, ,,,,,,
,1,120.0,4,,,,サンプル1294,,,20230824,1.0,H0006,202301011185H1185,,,,, ,20230824,1014.8,22.23,23.3743835432781,14.5,
,1,121.0,5,,,,サンプル1295,,,20230831,1.0,H0007,202301011186H1186,,,,, ,20230831,1137.4,24.83,21.1373825849027,15.0,
,1,122.0,6,,,,サンプル1296,,,20230905,1.0,H0008,202301011187H1187,,,,, ,20230905,1003.2,23.94,22.1337570105599,14.7,
,1,,7,,,,,,,,,,,,,,, ,,,,,,
,1,123.0,8,サンプル0001,,,,サンプル1302,,20230826,1.0,H0001,202301011188H1188,,,,, ,20230826,1122.1,23.07,22.0566606156037,14.7,
,1,124.0,9,サンプル0002,,,,サンプル1303,,20230829,1.0,H0002,202301011189H1189,,,,, ,20230829,1011.9,25.75,21.5391665648533,14.1,
,1,,10,,,,,,,,,,,,,,, ,,,,,,
,1,125.0,11,サンプル0003,,,,,,20230904,1.0,H0005,202301011190H1190,,,,, ,20230904,1021.9,22.73,22.4760568469691,14.4,
,1,126.0,12,サンプル0004,,,,サンプル1304,,20230912,1.0,H0006,202301011191H1191,,,,, ,20230912,1108.8,24.13,22.4753057601902,13.2,
,1,,13,,,,,,,,,,,,,,, ,,,,,,
,1,127.0,14,サンプル0005,サンプル0669,,,サンプル1305,,20230919,1.0,H0009,202301011192H1192,,,,, ,20230919,1007.2,22.44,22.0589667241698,13.9,
,1,128.0,15,サンプル0006,,,,サンプル1306,,,,,,,,,, ,,1019.7,24.03,19.8846916760823,15.0,
,1,129.0,16,サンプル0007,,,,サンプル1307,,,,,,,,,, ,,1114.1,22.37,22.2511276356223,14.4,
,1,130.0,17,サンプル0008,,,,サンプル1308,,,,,,,,,, ,,1054.4,21.06,23.6465869400461,15.4,
,1,,18,,,,,,,,,,,,,,, ,,,,,,
,1,131.0,19,サンプル0009,,,,サンプル1309,,,,,,,,,, ,,983.3,24.27,23.9678610031359,14.1,
,1,,20,,,,,,,,,,,,,,, ,,,,,,
,1,132.0,21,サンプル0010,サンプル0670,,,サンプル1310,,,,,,,,,, ,,1003.8,24.41,21.2895160595952,12.8,
,1,,22,,,,,,,,,,,,,,, ,,,,,,
,1,133.0,23,サンプル0011,,,,サンプル1311,,,,,,,,,, ,,1039.8,21.64,22.389435680284,15.4,
,1,134.0,24,サンプル0012,,,,サンプル1312,,,,,,,,,, ,,1033.5,22.67,21.7635002340437,15.1,
,2,3.0,25,,,,サンプル1297,サンプル1313,,,,,,,,,, ,,987.2,23.31,20.9172713431433,14.9,
,2,4.0,26,サンプル0013,,,サンプル1298,,サンプル1917,,,,,,,,, ,,1049.2,22.98,21.5070588798358,14.2,
,2,5.0,27,サンプル0014,,,サンプル1299,,サンプル1918,,,,,,,,, ,,1066.1,23.05,23.5884795161692,15.2,
,2,6.0,28,サンプル0015,サンプル0671,,サンプル1300,サンプル1314,サンプル1919,,,,,,,,, ,,1080.5,23.46,22.6862602446008,15.1,
,2,,29,,,,,,,,,,,,,,, ,,,,,,
,2,7.0,30,サンプル0016,サンプル0672,,サンプル1301,サンプル1315,サンプル1920,,,,,,,,, ,,995.8,22.38,20.8125939167829,14.3,
,2,,31,,,,,,,,,,,,,,, ,,,,,,
,2,8.0,32,サンプル0017,,,,,,,,,,,,,, ,,1020.5,22.84,20.5467701727132,13.5,
,3,31.0,33,サンプル0018,,,,,,20230927,1.0,H0060,202301011193H1193,,,,, ,20230927,1070.1,23.34,23.199392128061,15.2,
,3,32.0,34,サンプル0019,,,,,,20230924,1.0,H0050,202301011194H1194,,,,, ,20230924,1071.2,23.52,22.4168088583565,12.8,
,3,33.0,35,サンプル0020,,,,,,20230928,1.0,H0064,202301011195H1195,,,,, ,20230928,1038.8,23.95,23.060108042796,14.1,
,3,34.0,36,サンプル0021,,,,,,20230906,1.0,H0017,202301011196H1196,,,,, ,20230906,1062.6,22.48,23.433434507792,14.4,
,3,35.0,37,サンプル0022,,,,,サンプル1921,20230908,1.0,H0023,202301011197H1197,,,,, ,20230908,1047.5,22.38,19.8282493817959,14.9,note_B
,3,36.0,38,サンプル0023,,,,,,20300925,1.0,H0053,2030092501H0053,,,,, ,20300925,1042.5,22.79,22.2572400519608,15.6,
,3,,39,,,,,,,,,,,,,,, ,,,,,,
,3,37.0,40,サンプル0024,,,,,,20230926,1.0,H0058,202301011198H1198,,,,, ,20230926,1003.1,22.96,21.9604704934503,14.1,
,3,42.0,41,サンプル0025,,,,,,20230928,1.0,H0063,202301011199H1199,,,,, ,20230928,1021.8,22.82,21.3577554511367,14.8,
,3,43.0,42,サンプル0026,,,,,,20230925,1.0,H0054,202301011200H1200,,,,, ,20230925,1018.4,25.08,22.803457540304,13.4,
,3,,43,,,,,,,,,,,,,,, ,,,,,,
,3,44.0,44,サンプル0027,,,,,,20230927,1.0,H0061,202301011201H1201,,,,, ,20230927,1042.5,24.68,22.7595058397059,14.2,
,3,45.0,45,サンプル0028,,,,,サンプル1922,20230927,1.0,H0062,202301011202H1202,,,,, ,20230927,1057.5,23.3,21.3770914573893,13.9,note_C
,3,38.0,46,サンプル0029,,,,,サンプル1923,20230908,1.0,H0024,202301011203H1203,,,,, ,20230908,1124.1,23.06,21.0569729361686,13.9,note_D
,3,39.0,47,サンプル0030,,,,,,20230907,1.0,H0021,202301011204H1204,,,,, ,20230907,1024.5,23.4,20.9436415026318,14.3,
,3,40.0,48,サンプル0031,,,,,,20230912,1.0,H0028,202301011205H1205,,,,, ,20230912,1016.6,25.58,20.5754917608994,14.0,
,3,41.0,49,サンプル0032,,,,,,20230905,1.0,H0016,202301011206H1206,,,,, ,20230905,1165.8,21.93,21.9230613912364,15.9,
,3,46.0,50,サンプル0033,,,,,,20230912,1.0,H0026,202301011207H1207,,,,, ,20230912,968.9,23.12,22.782368901798,13.8,
,3,9.0,51,サンプル0034,,,,,,20230920,1.0,H0045,202301011208H1208,,,,, ,20230920,1024.1,23.01,22.9877023688365,14.3,
,3,,52,,,,,,,,,,,,,,, ,,,,,,
,3,47.0,53,サンプル0035,,,,,,20230915,1.0,H0031,202301011209H1209,,,,, ,20230915,992.8,20.91,21.2554578670952,14.3,
,3,20.0,54,サンプル0036,,,,,,20230906,1.0,H0018,202301011210H1210,,,,, ,20230906,1060.5,24.38,24.4426400479895,14.4,
,3,48.0,55,サンプル0037,,,,,,20230907,1.0,H0019,202301011211H1211,,,,, ,20230907,1129.3,22.27,21.8261867695484,14.0,
,3,21.0,56,サンプル0038,,,,,,20230913,1.0,H0030,202301011212H1212,,,,, ,20230913,992.2,25.2,23.3107626561089,13.9,
,3,22.0,57,サンプル0039,,,,,,20230913,1.0,H0029,202301011213H1213,,,,, ,20230913,982.6,22.93,23.8640905514771,13.7,
,3,49.0,58,サンプル0040,,,,,,20230910,,H0010,202301011214H1214,,,,, ,20230910,1034.8,23.05,21.7922878353687,13.3,
,3,10.0,59,サンプル0041,,,,,,20230917,1.0,H0037,202301011215H1215,,,,, ,20230917,1051.3,22.3,22.2116670940406,14.5,
,3,11.0,60,サンプル0042,,,,,,20230901,1.0,H0011,202301011216H1216,,,,, ,20230901,1022.3,23.11,22.2265514018629,15.0,
,3,23.0,61,サンプル0043,,,,,,20230901,1.0,H0012,202301011217H1217,,,,, ,20230901,1014.5,24.68,21.7809792636506,13.9,
,3,24.0,62,サンプル0044,,,,,,20230915,1.0,H0034,202301011218H1218,,,,, ,20230915,1123.7,23.9,21.4112856548242,13.9,
,3,25.0,63,サンプル0045,,,,,,20230915,1.0,H0032,202301011219H1219,,,,, ,20230915,1057.9,23.39,22.7285174174091,14.1,
,3,12.0,64,サンプル0046,,,,,,20230919,1.0,H0042,202301011220H1220,,,,, ,20230919,1085.8,22.23,23.569290789304,14.0,
,3,26.0,65,サンプル0047,,,,,,20230919,1.0,H0042,202301011221H1221,,,,, ,20230919,986.1,21.55,24.5105801977503,13.3,
,3,27.0,66,サンプル0048,,,,,,20230919,1.0,H0041,202301011222H1222,,,,, ,20230919,1031.8,24.28,21.8489082732456,15.3,
,3,50.0,67,サンプル0049,,,,,,20230920,1.0,H0046,202301011223H1223,,,,, ,20230920,958.9,26.03,21.9523476443572,14.6,
,3,13.0,68,サンプル0050,,,,,,20230918,1.0,H0039,202301011224H1224,,,,, ,20230918,1067.3,23.76,21.3739117488561,13.8,
,3,14.0,69,サンプル0051,,,,,,20230910,1.0,H0023,202301011225H1225,,,,, ,20230910,1033.2,24.83,20.4260801837275,14.5,
,3,15.0,70,サンプル0052,,,,,,20230924,1.0,H0052,202301011226H1226,,,,, ,20230924,1034.6,23.15,23.3332778693653,14.0,
,3,16.0,71,サンプル0053,,,,,,20230912,1.0,H0027,202301011227H1227,,,,, ,20230912,1058.7,23.94,22.354852525386,14.2,
,3,17.0,72,サンプル0054,,,,,,20230925,1.0,H0055,202301011228H1228,,,,, ,20230925,958.2,22.27,23.7056650278656,14.6,
,3,28.0,73,サンプル0055,,,,,,20230925,1.0,H0056,202301011229H1229,,,,, ,20230925,965.1,24.28,23.4379108087815,15.0,
,3,51.0,74,サンプル0056,,,,,,20230905,1.0,H0013,202301011230H1230,,,,, ,20230905,1070.3,21.46,22.6462663245602,15.4,
,3,29.0,75,サンプル0057,,,,,,20230907,1.0,H0020,202301011231H1231,,,,, ,20230907,1014.5,22.95,22.436826412129,15.5,
,3,30.0,76,サンプル0058,,,,,,20230924,1.0,H0051,202301011232H1232,,,,, ,20230924,1094.0,24.04,21.6834153294943,14.1,
,3,18.0,77,サンプル0059,,,,,,20230905,1.0,H0014,202301011233H1233,,,,, ,20230905,1027.0,23.75,23.056712530464,14.0,
,3,19.0,78,サンプル0060,,,,,,20230905,1.0,H0015,202301011234H1234,,,,, ,20230905,971.9,23.23,23.516118943168,14.4,
,4,135.0,79,サンプル0061,,サンプル0905,,サンプル1316,,20230911,1.0,H0029,202301011235H1235,,,,, ,20230911,999.7,25.12,22.8573859662895,14.4,
,4,136.0,80,サンプル0062,,サンプル0906,,サンプル1317,,20230911,1.0,H0030,202301011236H1236,,,,, ,20230911,1003.7,22.52,20.6876797542485,13.8,
,4,137.0,81,サンプル0063,,サンプル0907,,サンプル1318,,20230914,1.0,H0038,202301011237H1237,,,,, ,20230914,1046.0,24.07,24.0287682118252,13.9,
,4,138.0,82,サンプル0064,,サンプル0908,,サンプル1319,,20230913,1.0,H0032,202301011238H1238,,,,, ,20230913,1032.4,24.28,21.1672120021483,14.9,
,4,139.0,83,サンプル0065,,,,サンプル1320,,20230901,1.0,H0016,202301011239H1239,,,,, ,20230901,1042.5,24.83,23.2661823970039,15.5,
,4,140.0,84,サンプル0066,,サンプル0909,,サンプル1321,,20230911,1.0,H0031,202301011240H1240,,,,, ,20230911,990.1,25.95,22.4437039021905,14.2,
,4,141.0,85,サンプル0067,,サンプル0910,,サンプル1322,,20230916,1.0,H0043,202301011241H1241,,,,, ,20230916,1027.0,24.33,22.1274339031486,13.9,
,4,142.0,86,サンプル0068,,サンプル0911,,サンプル1323,,20230916,1.0,H0045,202301011242H1242,,,,, ,20230916,1113.6,23.5,23.6622147331267,14.1,
,4,143.0,87,サンプル0069,,サンプル0912,,サンプル1324,,20230917,1.0,H0048,202301011243H1243,,,,, ,20230917,1100.5,22.98,23.9803247902253,13.6,
,4,144.0,88,サンプル0070,,サンプル0913,,サンプル1325,,20230918,1.0,H0049,202301011244H1244,,,,, ,20230918,999.6,22.99,22.5439563528904,14.1,
,4,145.0,89,サンプル0071,,サンプル0914,,サンプル1326,,20230918,1.0,H0050,202301011245H1245,,,,, ,20230918,1032.2,24.23,24.0734704708577,14.6,
,4,146.0,90,サンプル0072,,サンプル0915,,サンプル1327,,20230919,1.0,H0051,202301011246H1246,,,,, ,20230919,1007.5,22.99,23.6663758543799,14.3,
,4,147.0,91,サンプル0073,,サンプル0916,,サンプル1328,,20230917,1.0,H0047,202301011247H1247,,,,, ,20230917,1062.5,23.53,21.7411259593289,15.2,
,4,148.0,92,サンプル0074,,サンプル0917,,サンプル1329,,20230919,1.0,H0052,202301011248H1248,,,,, ,20230919,1035.3,23.56,23.7385767083095,14.4,
,4,149.0,93,サンプル0075,,サンプル0918,,サンプル1330,,20230917,1.0,H0046,202301011249H1249,,,,, ,20230917,1003.8,24.61,22.6491090044771,14.7,
,4,150.0,94,サンプル0076,,サンプル0919,,サンプル1331,,20230915,1.0,H0041,202301011250H1250,,,,, ,20230915,1056.1,23.38,20.5974656295896,14.2,
,4,151.0,95,サンプル0077,,サンプル0920,,サンプル1332,,20230919,1.0,H0053,202301011251H1251,,,,, ,20230919,984.1,22.34,22.1436775376193,15.3,
,4,152.0,96,サンプル0078,,サンプル0921,,サンプル1333,,20230916,1.0,H0044,202301011252H1252,,,,, ,20230916,1038.6,23.95,23.0836006206206,13.5,
,4,153.0,97,サンプル0079,,サンプル0922,,サンプル1334,,20230916,1.0,H0042,202301011253H1253,,,,, ,20230916,1083.0,21.81,20.435927992002,14.1,
,4,154.0,98,サンプル0080,,サンプル0923,,サンプル1335,,20230913,1.0,H0034,202301011254H1254,,,,, ,20230913,1090.2,23.25,23.0154565310754,13.5,
,4,155.0,99,サンプル0081,,サンプル0924,,サンプル1336,,20230914,1.0,H0036,202301011255H1255,,,,, ,20230914,1065.6,23.45,23.0512504028553,14.9,
,4,156.0,100,サンプル0082,,サンプル0925,,サンプル1337,,20230913,1.0,H0033,202301011256H1256,,,,, ,20230913,1018.7,24.82,23.2014191488516,14.9,
,4,157.0,101,サンプル0083,,サンプル0926,,サンプル1338,,20230915,1.0,H0040,202301011257H1257,,,,, ,20230915,1101.3,24.02,22.5166603275633,14.0,
,4,158.0,102,サンプル0084,,サンプル0927,,サンプル1339,,20230914,1.0,H0037,202301011258H1258,,,,, ,20230914,1126.2,22.33,22.9401670461511,15.5,
,4,159.0,103,サンプル0085,,サンプル0928,,サンプル1340,,20230914,1.0,H0039,202301011259H1259,,,,, ,20230914,1102.4,24.05,22.1238980506526,14.1,
,4,160.0,104,サンプル0086,,サンプル0929,,サンプル1341,,20230920,1.0,H0054,202301011260H1260,,,,, ,20230920,1072.6,22.42,20.9857734612833,13.3,
,4,161.0,105,サンプル0087,,,,サンプル1342,,20230904,1.0,H0017,202301011261H1261,,,,, ,20230904,1033.1,24.19,21.244464604894,14.1,
,4,162.0,106,サンプル0088,,,,サンプル1343,,20230905,1.0,H0018,202301011262H1262,,,,, ,20230905,1034.7,23.39,21.4596688497888,14.6,
,5,163.0,107,サンプル0089,,サンプル0930,,サンプル1344,,20230920,1.0,H0056,202301011263H1263,,,,, ,20230920,1050.8,23.39,20.3654190640168,14.2,
,5,164.0,108,サンプル0090,,サンプル0931,,サンプル1345,,20230922,1.0,H0060,202301011264H1264,,,,, ,20230922,1011.7,24.91,22.8676037471857,15.9,
,5,165.0,109,サンプル0091,,サンプル0932,,サンプル1346,,20230921,1.0,H0058,202301011265H1265,,,,, ,20230921,1012.5,23.01,21.0932660509577,14.9,
,5,,110,,,,,,,,,,,,,,, ,,,,,,
,5,166.0,111,サンプル0092,,サンプル0933,,サンプル1347,,20230921,1.0,H0057,202301011266H1266,,,,, ,20230921,1132.8,22.44,22.9148218814053,15.3,
,5,167.0,112,サンプル0093,,サンプル0934,,サンプル1348,,20230923,1.0,H0062,202301011267H1267,,,,, ,20230923,1015.0,21.92,22.0141104382322,13.1,
,5,168.0,113,サンプル0094,,サンプル0935,,サンプル1349,,20230924,1.0,H0064,202301011268H1268,,,,, ,20230924,1044.1,24.38,22.5873377099611,14.1,
,5,169.0,114,サンプル0095,,サンプル0936,,サンプル1350,,20230920,1.0,H0055,202301011269H1269,,,,, ,20230920,991.8,23.53,20.9919397204975,12.4,
,5,170.0,115,サンプル0096,,サンプル0937,,サンプル1351,,20230922,1.0,H0061,202301011270H1270,,,,, ,20230922,993.7,24.13,21.5033792735267,13.9,
,5,171.0,116,サンプル0097,,サンプル0938,,サンプル1352,,20230924,1.0,H0063,202301011271H1271,,,,, ,20230924,1106.6,22.16,24.3534531174634,15.1,
,5,172.0,117,サンプル0098,,サンプル0939,,サンプル1353,,20230925,1.0,H0067,202301011272H1272,,,,, ,20230925,1033.7,21.63,22.2955802255698,13.7,
,5,173.0,118,サンプル0099,,サンプル0940,,サンプル1354,,20230925,1.0,H0068,202301011273H1273,,,,, ,20230925,1028.3,25.63,22.1902277494172,13.9,
,5,,119,,,,,,,,,,,,,,, ,,,,,,
,5,174.0,120,サンプル0100,,サンプル0941,,サンプル1355,,20230925,1.0,H0066,202301011274H1274,,,,, ,20230925,1105.5,23.19,23.2167639488274,14.9,
,5,175.0,121,サンプル0101,,サンプル0942,,サンプル1356,,20230929,1.0,H0072,202301011275H1275,,,,, ,20230929,1097.7,24.14,22.2887811113202,14.1,
,5,176.0,122,サンプル0102,,サンプル0943,,サンプル1357,,20230926,1.0,H0071,202301011276H1276,,,,, ,20230926,1016.7,23.43,24.1991294857315,14.1,
,5,177.0,123,サンプル0103,,サンプル0944,,サンプル1358,,20230929,1.0,H0073,202301011277H1277,,,,, ,20230929,1057.5,21.58,21.9200546330169,14.9,
,5,178.0,124,サンプル0104,,サンプル0945,,サンプル1359,,20230926,1.0,H0069,202301011278H1278,,,,, ,20230926,1075.4,22.61,23.8273313271022,14.5,
,5,179.0,125,サンプル0105,,サンプル0946,,サンプル1360,,20230930,1.0,H0075,202301011279H1279,,,,, ,20230930,1078.8,23.04,21.5510981632954,14.1,
,5,,126,,,,,,,,,,,,,,, ,,,,,,
,5,180.0,127,サンプル0106,,サンプル0947,,サンプル1361,,20230930,1.0,H0076,202301011280H1280,,,,, ,20230930,1117.8,24.25,21.3169540541329,14.4,
,5,181.0,128,サンプル0107,,サンプル0948,,サンプル1362,,20230926,1.0,H0070,202301011281H1281,,,,, ,20230926,1029.5,22.9,22.4123937121328,14.5,
,5,182.0,129,サンプル0108,,サンプル0949,,サンプル1363,,20231002,1.0,H0077,202301011282H1282,,,,, ,20231002,930.0,22.83,23.229922753313,15.7,
,5,183.0,130,サンプル0109,,サンプル0950,,サンプル1364,,20230929,1.0,H0074,202301011283H1283,,,,, ,20230929,1111.7,22.24,20.7794891378447,14.1,
,5,184.0,131,サンプル0110,,サンプル0951,,サンプル1365,,20231003,1.0,H0081,202301011284H1284,,,,, ,20231003,1050.4,23.15,21.2784723559642,13.9,
,5,185.0,132,サンプル0111,,サンプル0952,,サンプル1366,,20231002,1.0,H0080,202301011285H1285,,,,, ,20231002,980.1,21.59,21.6263200287636,15.3,
,5,,133,,,,,,,,,,,,,,, ,,,,,,
,5,186.0,134,サンプル0112,,サンプル0953,,サンプル1367,,20231006,1.0,H0084,202301011286H1286,,,,, ,20231006,1110.8,23.85,22.3587410296733,15.5,
,5,187.0,135,サンプル0113,,サンプル0954,,サンプル1368,,20231006,1.0,H0086,202301011287H1287,,,,, ,20231006,1013.3,22.16,21.2892738746356,14.2,
,5,188.0,136,サンプル0114,,サンプル0955,,サンプル1369,,20231004,1.0,H0082,202301011288H1288,,,,, ,20231004,1027.3,24.01,22.088643117667,14.4,
,5,189.0,137,サンプル0115,,サンプル0956,,サンプル1370,,20231007,1.0,H0087,202301011289H1289,,,,, ,20231007,1008.6,22.39,23.8008805120471,14.8,
,5,190.0,138,サンプル0116,,サンプル0957,,サンプル1371,,20231007,1.0,H0088,202301011290H1290,,,,, ,20231007,1148.3,24.15,22.4107482547747,15.2,
,5,191.0,139,サンプル0117,,,,サンプル1372,,20230930,1.0,H0015,202301011291H1291,,,,, ,20230930,1057.5,24.38,20.8700284535386,15.0,
,5,192.0,140,サンプル0118,,サンプル0958,,サンプル1373,,20231002,1.0,H0078,202301011292H1292,,,,, ,20231002,1119.7,22.91,23.3899926984517,14.2,
,5,193.0,141,サンプル0119,,サンプル0959,,サンプル1374,,20231010,1.0,H0089,202301011293H1293,,,,, ,20231010,1123.7,23.89,21.3169825625707,14.1,
,5,194.0,142,サンプル0120,,サンプル0960,,サンプル1375,,20230903,1.0,H0014,202301011294H1294,,,,, ,20230903,1041.5,23.84,23.4256332091259,14.6,
,5,195.0,143,サンプル0121,,サンプル0961,,サンプル1376,,20231006,1.0,H0085,202301011295H1295,,,,, ,20231006,1018.7,23.61,22.4664409581701,14.4,
,5,196.0,144,サンプル0122,,,,サンプル1377,,20230910,1.0,H0027,202301011296H1296,,,,, ,20230910,1030.4,22.86,23.6887588830962,13.9,
,5,197.0,145,サンプル0123,,,,,,20230908,1.0,H0026,202301011297H1297,,,,, ,20230908,991.6,22.87,21.717971438612,14.6,
,5,198.0,146,サンプル0124,,,,,,20230908,1.0,H0025,202301011298H1298,,,,, ,20230908,1078.3,22.06,22.4580540653848,15.0,
,5,199.0,147,サンプル0125,,,,,,20230910,1.0,H0028,202301011299H1299,,,,, ,20230910,1104.5,23.52,22.6175286052651,14.4,
,5,200.0,148,サンプル0126,,,,,,20230907,1.0,H0023,202301011300H1300,,,,, ,20230907,1149.3,23.28,24.4564760173177,15.4,
,5,201.0,149,サンプル0127,,,,サンプル1378,,20230906,1.0,H0020,202301011301H1301,,,,, ,20230906,967.4,23.74,21.2055596815307,14.6,
,5,202.0,150,サンプル0128,,,,サンプル1379,,20230907,1.0,H0022,202301011302H1302,,,,, ,20230907,1018.9,26.01,20.9297092656144,14.2,
,5,203.0,151,サンプル0129,,,,サンプル1380,,20230902,1.0,H0012,202301011303H1303,,,,, ,20230902,1053.3,21.7,19.8550074690751,14.4,
,5,204.0,152,サンプル0130,,,,,,20230907,1.0,H0024,202301011304H1304,,,,, ,20230907,1158.8,23.3,23.5143626034989,13.9,
,5,205.0,153,サンプル0131,,,,,,20230902,1.0,H0013,202301011305H1305,,,,, ,20230902,1043.7,23.54,20.967278792955,13.6,
,5,206.0,154,サンプル0132,,サンプル0962,,サンプル1381,,20230831,1.0,H0009,202301011306H1306,,,,, ,20230831,1073.8,22.01,22.3701478236123,14.7,
,5,,155,,,,,,,,,,,,,,, ,,,,,,
,5,207.0,156,サンプル0133,,サンプル0963,,サンプル1382,,20230831,1.0,H0010,202301011307H1307,,,,, ,20230831,1011.7,23.29,22.5258726792902,14.1,
,5,208.0,157,サンプル0134,,,,サンプル1383,,20230906,1.0,H0021,202301011308H1308,,,,, ,20230906,1057.4,26.54,22.5491006346863,14.3,
,5,209.0,158,サンプル0135,,サンプル0964,,サンプル1384,,20230830,1.0,H0008,202301011309H1309,,,,, ,20230830,1051.5,23.21,21.6725025982496,14.6,
,5,210.0,159,サンプル0136,,サンプル0965,,サンプル1385,,20230830,1.0,H0007,202301011310H1310,,,,, ,20230830,1118.3,22.45,22.2184705104759,14.7,
,5,211.0,160,サンプル0137,,サンプル0966,,サンプル1386,,,,,,,,,, ,2023-08-25 00:00:00,988.7,22.6,21.3236626718363,14.4,
,5,212.0,161,サンプル0138,,,,サンプル1387,,20230905,1.0,H0019,202301011311H1311,,,,, ,20230905,1040.3,22.48,23.0626039866723,13.0,
,5,213.0,162,サンプル0139,,サンプル0967,,サンプル1388,,20230930,1.0,H0075,202301011312H1312,,,,, ,20230930,1039.1,22.34,21.6261099493934,14.2,
,5,214.0,163,サンプル0140,,,,サンプル1389,,20231003,,,20231003,,,,, ,20231003,1053.6,23.7,20.2742464318392,13.8,
,5,215.0,164,サンプル0141,,サンプル0968,,サンプル1390,,,,,,,,,, ,2023-08-24 00:00:00,1107.0,24.23,20.0415083252334,14.2,
,6,,165,,,,,,,,,,,,,,, ,,,,,,note_E
,6,477.0,166,,,,,,,20230831,1.0,H0017,202301011313H1313,,,,, ,20230831,1033.0,23.58,23.588525178219,14.9,
,6,478.0,167,,,,,,,20230906,1.0,H0028,202301011314H1314,,,,, ,20230906,1008.0,24.2,23.4464037046694,14.5,
,6,,168,,,,,,,,,,,,,,, ,,,,,,note_E
,6,,169,,,,,,,,,,,,,,, ,,,,,,note_E
,6,,170,,,,,,,,,,,,,,, ,,,,,,note_E
,6,,171,,,,,,,,,,,,,,, ,,,,,,
,6,,172,,,,,,,  ,,,  ,,,,, ,  ,,,,,note_E
,6,479.0,173,,,,,,,20230829,1.0,H0013,202301011315H1315,,,,, ,20230829,1096.3,23.45,23.0098867863723,14.6,
,6,,174,,,,,,,,,,,,,,, ,,,,,,note_E
,6,,175,,,,,,,,,,,,,,, ,,,,,,
,6,480.0,176,,,,,,,20230914,1.0,H0044,202301011316H1316,,,,, ,20230914,1044.8,24.15,23.8129355913766,15.1,
,6,,177,,,,,,,,,,,,,,, ,,,,,,
,6,,178,,,,,,,,,,,,,,, ,,,,,,note_E
,6,481.0,179,,,,,,,20230915,1.0,H0046,202301011317H1317,,,,, ,20230915,989.7,23.4,21.9342803719264,14.2,
,6,,180,,,,,,,,,,,,,,, ,,,,,,note_E
,6,,181,,,,,,,,,,,,,,, ,,,,,,note_E
,6,,182,,,,,,,,,,,,,,, ,,,,,,note_E
,6,,183,,,,,,,,,,,,,,, ,,,,,,note_E
,6,,184,,,,,,,,,,,,,,, ,,,,,,note_E
,6,,185,,,,,,,,,,,,,,, ,,,,,,note_E
,6,482.0,186,,,,,,,20230904,1.0,H0023,202301011318H1318,,,,, ,20230904,1045.4,23.09,22.1108411430994,13.8,
,6,483.0,187,,,,,,,20230905,1.0,H0027,202301011319H1319,,,,, ,20230905,1050.3,23.7,21.7274372223642,15.1,
,6,484.0,188,,,,,,,20230913,1.0,H0040,202301011320H1320,,,,, ,20230913,958.0,23.57,20.6088427590795,14.1,
,6,,189,,,,,,,,,,,,,,, ,,,,,,note_E
,6,,190,,,,,,,,,,,,,,, ,,,,,,note_E
,6,485.0,191,,,,,,,20230916,1.0,H0047,202301011321H1321,,,,, ,20230916,1066.8,24.29,21.0628377564439,14.7,
,6,,192,,,,,,,,,,,,,,, ,,,,,,note_E
,6,,193,,,,,,,,,,,,,,, ,,,,,,note_E
,6,,194,,,,,,,,,,,,,,, ,,,,,,note_E
,6,,195,,,,,,,,,,,,,,, ,,,,,,note_E
,6,486.0,196,,,,,,,20230901,1.0,H0019,202301011322H1322,,,,, ,20230901,1057.2,24.17,24.7405963364671,14.4,
,6,487.0,197,,,,,,,20230909,1.0,H0036,202301011323H1323,,,,, ,20230909,1076.2,23.15,22.4070295888293,14.2,
,6,,198,,,,,,,,,,,,,,, ,,,,,,note_E
,6,,199,,,,,,,,,,,,,,, ,,,,,,note_E
,6,,200,,,,,,,,,,,,,,, ,,,,,,note_E
,6,,201,,,,,,,,,,,,,,, ,,,,,,note_E
,7,925.0,202,,,,,,,20230924,1.0,H0068,202301011324H1324,,,,, ,20230924,966.9,22.3,20.6391356132835,13.8,
,7,926.0,203,,,,,,,20230924,1.0,H0069,202301011325H1325,,,,, ,20230924,949.0,24.62,20.154312235791,14.0,
,7,927.0,204,,,,,,,20230925,1.0,H0072,202301011326H1326,,,,, ,20230925,1059.8,23.13,24.1795427609649,14.9,
,7,928.0,205,,,,,,,20230926,1.0,H0073,202301011327H1327,,,,, ,20230926,1111.2,23.46,20.1430611052675,15.5,
,7,,206,,,,,,,,,,,,,,, ,,,,,,
,7,929.0,207,,,,,,,20230925,1.0,H0071,202301011328H1328,,,,, ,20230925,1160.0,23.04,23.1706755695749,14.9,
,7,930.0,208,,,,,,,20230926,1.0,H0075,202301011329H1329,,,,, ,20230926,1055.4,24.36,19.838182953309,14.6,
,7,931.0,209,,,,,,,20230924,1.0,H0067,202301011330H1330,,,,, ,20230924,1019.2,22.59,22.6683771053041,12.7,
,7,932.0,210,,,,,,,20230926,1.0,H0074,202301011331H1331,,,,, ,20230926,1055.2,23.26,23.682972432725,15.1,
,7,933.0,211,,,,,,,20230923,1.0,H0066,202301011332H1332,,,,, ,20230923,1046.7,24.22,22.8655141628937,16.2,
,7,934.0,212,,,,,,,20230921,1.0,H0061,202301011333H1333,,,,, ,20230921,1089.9,23.5,22.2789107690922,14.6,
,7,935.0,213,,,,,,,20230921,1.0,H0062,202301011334H1334,,,,, ,20230921,951.4,22.79,22.5101484378034,14.5,
,7,936.0,214,,,,,,,20230922,1.0,H0063,202301011335H1335,,,,, ,20230922,1049.1,21.98,22.5611648536154,14.8,
,7,937.0,215,,,,,,,20230923,1.0,H0064,202301011336H1336,,,,, ,20230923,1012.0,22.89,22.2980134542152,14.8,
,7,938.0,216,,,,,,,20230920,1.0,H0058,202301011337H1337,,,,, ,20230920,1024.4,22.94,21.9959354869271,14.4,
,7,939.0,217,,,,,,,20230920,1.0,H0060,202301011338H1338,,,,, ,20230920,1064.8,23.23,23.2925861431931,14.1,
,7,940.0,218,,,,,,,20230923,1.0,H0065,202301011339H1339,,,,, ,20230923,1082.9,24.34,22.4337624617234,14.6,
,7,941.0,219,,,,,,,20230920,1.0,H0059,202301011340H1340,,,,, ,20230920,1067.7,23.26,22.4583143823545,13.4,
,7,942.0,220,,,,,,,20230927,1.0,H0076,202301011341H1341,,,,, ,20230927,998.3,22.53,21.6548255939586,13.0,
,7,943.0,221,,,,,,,20230928,1.0,H0079,202301011342H1342,,,,, ,20230928,1074.6,23.8,21.0715789797432,15.3,
,7,944.0,222,,,,,,,20290928,1.0,H0080,202301011343H1343,,,,, ,20290928,1092.9,23.05,21.2973974009163,14.0,
,7,945.0,223,,,,,,,20230929,1.0,H0083,202301011344H1344,,,,, ,20230929,1013.9,24.08,21.9515102746353,14.8,
,7,946.0,224,,,,,,,20230927,1.0,H0078,202301011345H1345,,,,, ,20230927,1047.7,23.31,23.6899796742354,15.4,
,7,947.0,225,,,,,,,20230927,1.0,H0077 ,202301011346H1346 ,,,,, ,20230927,1025.5,22.87,22.9857214813104,15.2,
,7,948.0,226,,,,,,,20230928,1.0,H0081,202301011347H1347,,,,, ,20230928,1082.0,24.25,22.3685926969641,13.9,
,7,949.0,227,,,,,,,20230929,1.0,H0082,202301011348H1348,,,,, ,20230929,1038.1,23.06,22.6077751817532,14.6,
,7,950.0,228,,,,,,,20230919,1.0,H0057,202301011349H1349,,,,, ,20230919,1003.8,21.58,19.8413659811166,13.5,
,7,951.0,229,,,,,,,20230919,1.0,H0056,202301011350H1350,,,,, ,20230919,971.9,22.19,22.8236405468986,14.3,
,7,952.0,230,,,,,,,20230918,1.0,H0052,202301011351H1351,,,,, ,20230918,1028.2,23.01,22.2419887842207,15.1,
,7,953.0,231,,,,,,,20230917,1.0,H0051,202301011352H1352,,,,, ,20230917,1043.1,21.98,21.4035185137404,14.3,
,7,954.0,232,,,,,,,20230919,1.0,H0055,202301011353H1353,,,,, ,20230919,965.0,24.25,22.942756206132,12.3,
,7,955.0,233,,,,,,,20230918,1.0,H0054,202301011354H1354,,,,, ,20230918,1100.4,24.08,22.3668438438823,12.7,
,7,956.0,234,,,,,,,20230918,1.0,H0053,202301011355H1355,,,,, ,20230918,1059.6,24.47,21.7320211682901,13.8,
,7,957.0,235,,,,,,,20230917,1.0,H0050,202301011356H1356,,,,, ,20230917,1052.0,22.58,22.1111223395585,15.3,
,7,958.0,236,,,,,,,20230917,1.0,H0049,202301011357H1357,,,,, ,20230917,1026.5,23.23,20.8315897022833,14.5,
,7,959.0,237,,,,,,,20230916,1.0,H0048,202301011358H1358,,,,, ,20230916,1022.3,24.91,21.3715678361084,14.4,
,8,262.0,238,,,,,,,20230930,1.0,H0087,202301011359H1359,,,,, ,20230930,1090.1,22.97,21.826569993879,13.4,
,8,263.0,239,,,,,,,20230930,1.0,H0086,202301011360H1360,,,,, ,20230930,1109.6,23.6,22.9108190829295,14.4,
,8,264.0,240,,,,,,,20230930,1.0,H0085,202301011361H1361,,,,, ,20230930,1042.0,24.17,24.8304331565242,12.7,
,8,265.0,241,,,,,,,20230929,1.0,H0084,202301011362H1362,,,,, ,20230929,1045.2,23.04,21.3103784629814,14.6,
,8,266.0,242,,,,,,,20231001,1.0,H0088,202301011363H1363,,,,, ,20231001,947.5,22.73,21.1736727753909,15.2,
,8,267.0,243,,,,,,,20231002,1.0,H0089,202301011364H1364,,,,, ,20231002,1051.7,24.08,22.4471792424427,13.7,
,8,268.0,244,,,,,,,20231002,1.0,H0090,202301011365H1365,,,,, ,20231002,1113.1,23.41,22.9606547703284,15.1,
,8,269.0,245,,,,,,,20231002,1.0,H0091,202301011366H1366,,,,, ,20231002,1086.6,23.87,21.4921330061237,13.8,
,8,270.0,246,,,,,,,20231004,1.0,H0092,202301011367H1367,,,,, ,20231004,1071.0,24.19,21.5644432711248,14.4,
,8,271.0,247,,,,,,,20231004,1.0,H0093,202301011368H1368,,,,, ,20231004,962.3,21.55,21.9196792995777,14.2,
,8,272.0,248,,,,,,,20231005,1.0,H0094,202301011369H1369,,,,, ,20231005,1075.7,23.22,22.9268106983048,14.4,
,8,273.0,249,,,,,,,20231005,1.0,H0095,202301011370H1370,,,,, ,20231005,960.1,23.1,23.0414984098529,15.4,
,8,274.0,250,,,,,,,20231005,1.0,H0096,202301011371H1371,,,,, ,20231005,1071.1,23.88,22.4730260153924,14.9,
,8,275.0,251,,,,,,,20231006,1.0,H0097,202301011372H1372,,,,, ,20231006,1054.7,22.8,21.5351389799874,13.8,
,8,276.0,252,,,,,,,20231006,1.0,H0098,202301011373H1373,,,,, ,20231006,1118.2,22.92,22.2783946853867,12.4,
,8,277.0,253,,,,,,,20231006,1.0,H0099,202301011374H1374,,,,, ,20231006,1028.2,21.66,21.8929305265878,15.0,
,8,278.0,254,,,,,,,20231007,1.0,H0100,202301011375H1375,,,,, ,20231007,1159.0,24.34,22.6989663190436,14.9,
,8,279.0,255,,,,,,,20231007,1.0,H0101,202301011376H1376,,,,, ,20231007,1045.3,22.9,22.4590929617218,14.4,
,8,280.0,256,,,,,,,20231008,1.0,H0102,202301011377H1377,,,,, ,20231008,1050.5,23.23,21.4518166423536,13.9,
,8,,257,,,,,,,,,,,,,,, ,,,,,,
,8,281.0,258,,,,,,,20231008,1.0,H0104,202301011378H1378,,,,, ,20231008,1104.5,23.13,22.2711745170085,13.1,
,8,282.0,259,,,,,,,20231009,1.0,H0105,202301011379H1379,,,,, ,20231009,1052.2,23.25,23.966745517142,13.8,
,8,283.0,260,,,,,,,20231010,1.0,H0106,202301011380H1380,,,,, ,20231010,1200.3,24.35,20.3889491495358,13.3,
,8,284.0,261,,,,,,,20231010,1.0,H0107,202301011381H1381,,,,, ,20231010,1162.4,21.58,21.7395861813097,14.6,
,8,285.0,262,,,,,,,20231011,1.0,H0108,202301011382H1382,,,,, ,20231011,1147.3,24.65,22.3256457718949,14.0,
,8,286.0,263,,,,,,,20231011,1.0,H0109,202301011383H1383,,,,, ,20231011,1116.9,21.75,22.3012897537187,15.8,
,8,287.0,264,,,,,,,20231011,1.0,H0110,202301011384H1384,,,,, ,20231011,1074.8,23.58,21.6386642077075,14.3,
,8,,265,,,,,,,,,,,,,,, ,,,,,,
,8,288.0,266,,,,,,,20231012,1.0,H0112,202301011385H1385,,,,, ,20231012,1120.1,22.16,22.408549336256,14.7,
,8,289.0,267,,,,,,,20231012,1.0,H0113,202301011386H1386,,,,, ,20231012,1105.1,23.91,23.5408445542507,13.8,
,8,290.0,268,,,,,,,20231012,1.0,H0114,202301011387H1387,,,,, ,20231012,1042.6,22.24,21.377228548623,13.6,
,8,291.0,269,,,,,,,20231012,1.0,H0115,202301011388H1388,,,,, ,20231012,1059.4,25.28,21.9439734116851,14.7,
,8,292.0,270,,,,,,,20231013,1.0,H0116,202301011389H1389,,,,, ,20231013,963.6,23.96,24.7788666552304,14.0,
,9,216.0,271,サンプル0142,,,,サンプル1391,,,,,,,,,, ,,1039.7,23.61,23.3788815182755,15.0,
,9,217.0,272,サンプル0143,,サンプル0969,,サンプル1392,,,,,,,,,, ,2023-09-14 00:00:00,1117.1,21.96,21.4295649026419,14.6,
,9,218.0,273,サンプル0144,,サンプル0970,,サンプル1393,,,,,,,,,, ,2023-09-14 00:00:00,1006.8,22.57,22.0126806658151,14.4,
,9,219.0,274,サンプル0145,,サンプル0971,,サンプル1394,,,,,,,,,, ,2023-09-11 00:00:00,1041.0,23.37,22.0620713253716,14.4,
,9,220.0,275,サンプル0146,,サンプル0972,,サンプル1395,,,,,,,,,, ,2023-10-15 00:00:00,1148.8,23.29,21.389532416596,14.3,
,9,221.0,276,サンプル0147,,サンプル0973,,サンプル1396,,,,,,,,,, ,2023-10-12 00:00:00,958.3,23.4,23.4083972559872,14.6,
,9,222.0,277,サンプル0148,,サンプル0974,,サンプル1397,,,,,,,,,, ,2023-10-08 00:00:00,1061.4,24.6,22.2955255887307,14.0,
,9,223.0,278,サンプル0149,,サンプル0975,,サンプル1398,,,,,,,,,, ,2023-10-13 00:00:00,1052.4,23.63,20.8606912649084,12.9,
,9,224.0,279,サンプル0150,,サンプル0976,,サンプル1399,,,,,,,,,, ,2023-10-12 00:00:00,1032.4,22.54,22.3488786539827,14.4,
,9,225.0,280,サンプル0151,,サンプル0977,,サンプル1400,,,,,,,,,, ,2023-10-27 00:00:00,1029.7,24.06,25.087125723325,14.0,
,9,226.0,281,サンプル0152,,サンプル0978,,サンプル1401,,,,,,,,,, ,2023-10-27 00:00:00,983.4,24.49,22.2958102387193,13.4,
,9,227.0,282,サンプル0153,,サンプル0979,,サンプル1402,,,,,,,,,, ,2023-10-14 00:00:00,1072.1,22.41,23.3791866919089,14.9,
,9,228.0,283,サンプル0154,,サンプル0980,,サンプル1403,,,,,,,,,, ,2023-10-15 00:00:00,1038.7,22.1,20.7562241060277,14.1,
,9,229.0,284,サンプル0155,,サンプル0981,,サンプル1404,,,,,,,,,, ,2023-10-05 00:00:00,1009.6,24.48,20.567319918672,13.1,
,9,230.0,285,サンプル0156,,サンプル0982,,サンプル1405,,,,,,,,,, ,2023-10-09 00:00:00,1087.8,23.24,22.2273655658316,14.3,
,9,231.0,286,サンプル0157,,サンプル0983,,サンプル1406,,,,,,,,,, ,2023-10-07 00:00:00,1106.0,26.13,23.4708083142089,13.8,
,9,232.0,287,サンプル0158,,サンプル0984,,サンプル1407,,,,,,,,,, ,2023-10-06 00:00:00,1073.5,22.79,24.3240473446086,13.1,
,9,233.0,288,サンプル0159,,,,サンプル1408,,,,,,,,,, ,,1107.2,23.51,23.1271773595585,14.5,
,9,234.0,289,サンプル0160,,サンプル0985,,サンプル1409,,,,,,,,,, ,2023-10-06 00:00:00,1012.8,23.49,22.8407711451986,13.6,
,9,,290,,,,,,,,,,,,,,, ,,,,,,
,9,235.0,291,サンプル0161,,サンプル0986,,サンプル1410,,,,,,,,,, ,2023-09-19 00:00:00,1107.8,25.93,22.7422868958228,13.7,
,9,236.0,292,サンプル0162,,サンプル0987,,サンプル1411,,,,,,,,,, ,2023-10-20 00:00:00,1084.1,22.41,19.6011573767677,15.0,
,9,237.0,293,サンプル0163,,サンプル0988,,サンプル1412,,,,,,,,,, ,2023-10-13 00:00:00,1081.4,23.88,21.9290964554368,14.6,
,9,238.0,294,サンプル0164,,サンプル0989,,サンプル1413,,,,,,,,,, ,2023-10-05 00:00:00,1067.4,23.7,22.4442156886536,14.4,
,9,239.0,295,サンプル0165,,サンプル0990,,サンプル1414,,,,,,,,,, ,2023-10-19 00:00:00,1036.1,23.15,22.5277344194918,13.8,
,9,240.0,296,サンプル0166,,サンプル0991,,サンプル1415,,,,,,,,,, ,2023-10-16 00:00:00,1081.9,23.51,22.5592293892285,15.0,
,9,241.0,297,サンプル0167,,サンプル0992,,サンプル1416,,,,,,,,,, ,2023-09-19 00:00:00,1105.2,24.99,22.7360599943283,14.7,
,9,242.0,298,サンプル0168,,サンプル0993,,サンプル1417,,,,,,,,,, ,2023-10-16 00:00:00,1078.5,23.67,23.1550262538853,14.1,
,9,243.0,299,サンプル0169,,サンプル0994,,サンプル1418,,,,,,,,,, ,2023-10-19 00:00:00,1049.9,22.28,21.2551093551521,14.7,
,9,244.0,300,サンプル0170,,サンプル0995,,サンプル1419,,,,,,,,,, ,2023-10-17 00:00:00,1096.3,23.55,21.1460913288818,13.6,
,9,245.0,301,サンプル0171,,サンプル0996,,サンプル1420,,,,,,,,,, ,2023-10-16 00:00:00,1128.7,23.34,20.1548789314442,13.4,
,9,246.0,302,サンプル0172,,サンプル0997,,サンプル1421,,,,,,,,,, ,2023-10-14 00:00:00,951.4,22.89,21.238161071209,14.3,
,9,247.0,303,サンプル0173,,サンプル0998,,サンプル1422,,,,,,,,,, ,2023-10-05 00:00:00,988.3,23.19,23.4267654089433,14.4,
,9,248.0,304,サンプル0174,,サンプル0999,,サンプル1423,,,,,,,,,, ,2023-09-29 00:00:00,1097.2,21.85,21.4289014508351,14.6,
,9,249.0,305,サンプル0175,,サンプル1000,,サンプル1424,,,,,,,,,, ,2023-10-17 00:00:00,1083.8,23.76,21.1150017951627,14.4,
,9,250.0,306,サンプル0176,,サンプル1001,,サンプル1425,,,,,,,,,, ,2023-09-28 00:00:00,1043.8,23.87,21.5680873055853,15.2,
,9,251.0,307,サンプル0177,,サンプル1002,,サンプル1426,,,,,,,,,, ,2023-10-21 00:00:00,1005.9,22.57,23.6732927690797,13.4,
,9,,308,,,,,,,,,,,,,,, ,,,,,,
,9,252.0,309,サンプル0178,,サンプル1003,,サンプル1427,,,,,,,,,, ,2023-10-20 00:00:00,969.3,22.42,22.6026532425863,14.5,
,9,253.0,310,サンプル0179,,サンプル1004,,サンプル1428,,,,,,,,,, ,2023-10-21 00:00:00,1084.5,25.52,20.4455504363697,15.3,
,9,254.0,311,サンプル0180,,サンプル1005,,サンプル1429,,,,,,,,,, ,2023-09-28 00:00:00,1016.3,23.69,22.9720361938546,14.4,
,9,255.0,312,サンプル0181,,サンプル1006,,サンプル1430,,,,,,,,,, ,2023-09-28 00:00:00,1021.7,23.7,21.3134346163587,14.5,
,9,256.0,313,サンプル0182,,サンプル1007,,サンプル1431,,,,,,,,,, ,2023-10-06 00:00:00,1046.8,25.6,22.1033480296918,15.6,
,9,,314,,,,,,,,,,,,,,, ,,,,,,
,9,257.0,315,サンプル0183,,サンプル1008,,サンプル1432,,,,,,,,,, ,2023-09-14 00:00:00,1024.8,22.86,22.9898666339598,14.8,
,9,258.0,316,サンプル0184,,サンプル1009,,サンプル1433,,,,,,,,,, ,2023-09-15 00:00:00,1021.8,23.18,20.8064398323881,14.1,
,9,259.0,317,サンプル0185,,,,サンプル1434,,,,,,,,,, ,,1063.9,23.6,23.538666589498,14.4,
,9,260.0,318,サンプル0186,,サンプル1010,,サンプル1435,,,,,,,,,, ,2023-09-17 00:00:00,966.2,24.08,22.1794061602976,13.2,
,9,,319,,,,,,,,,,,,,,, ,,,,,,
,9,261.0,320,サンプル0187,,サンプル1011,,サンプル1436,,,,,,,,,, ,2023-09-28 00:00:00,1106.1,23.12,22.7789909774314,14.8,
,10,416.0,321,,,サンプル1012,,サンプル1437,,,,,,,,,, ,2023-08-19 00:00:00,1134.7,22.79,22.9667939725337,13.1,
,10,417.0,322,,,サンプル1013,,サンプル1438,,,,,,,,,, ,2023-08-20 00:00:00,1070.0,24.06,22.6278263736364,14.4,
,10,418.0,323,,,サンプル1014,,サンプル1439,,,,,,,,,, ,2023-08-21 00:00:00,1014.9,24.1,22.1647744432569,14.3,
,10,419.0,324,,,サンプル1015,,サンプル1440,,,,,,,,,, ,2023-08-22 00:00:00,1002.5,23.4,21.6870336127428,14.6,
,10,420.0,325,,,サンプル1016,,サンプル1441,,,,,,,,,, ,2023-08-28 00:00:00,990.1,22.5,22.7358011941056,13.1,
,10,421.0,326,,,サンプル1017,,サンプル1442,,,,,,,,,, ,2023-08-20 00:00:00,1046.5,24.17,24.0095636744219,12.9,
,10,422.0,327,,,サンプル1018,,サンプル1443,,,,,,,,,, ,2023-08-23 00:00:00,1060.3,24.36,21.6193065837579,15.1,
,10,423.0,328,,,サンプル1019,,サンプル1444,,,,,,,,,, ,2023-08-20 00:00:00,996.0,21.87,22.5656855253944,14.4,
,10,424.0,329,,,サンプル1020,,サンプル1445,,,,,,,,,, ,2023-08-28 00:00:00,1011.6,22.64,22.4584727282148,14.6,
,10,425.0,330,,,サンプル1021,,サンプル1446,,,,,,,,,, ,2023-08-18 00:00:00,1008.9,24.08,23.2570085770465,15.5,
,10,426.0,331,,,サンプル1022,,サンプル1447,,,,,,,,,, ,2023-08-26 00:00:00,956.0,21.8,22.4655696554999,14.4,
,10,427.0,332,,,サンプル1023,,,,,,,,,,,, ,2023-08-22 00:00:00,1096.3,24.42,23.2532589292193,12.9,
,10,428.0,333,,,サンプル1024,,サンプル1448,,,,,,,,,, ,2023-08-19 00:00:00,1033.0,21.96,21.268693881691,14.1,
,10,429.0,334,,,サンプル1025,,サンプル1449,,,,,,,,,, ,2023-08-27 00:00:00,1119.7,23.91,22.7819960916846,14.9,
,10,430.0,335,,,サンプル1026,,サンプル1450,,,,,,,,,, ,2023-08-29 00:00:00,1002.4,21.97,21.1272390750757,14.0,
,10,431.0,336,,,サンプル1027,,サンプル1451,,,,,,,,,, ,2023-08-23 00:00:00,1087.4,22.68,21.2894982195621,14.1,
,10,432.0,337,,,サンプル1028,,サンプル1452,,,,,,,,,, ,2023-08-26 00:00:00,1036.0,23.44,22.499063721367,13.9,
,10,433.0,338,,,サンプル1029,,サンプル1453,,,,,,,,,, ,2023-08-29 00:00:00,1069.7,22.33,22.0554101260348,15.4,
,10,434.0,339,,,,,,,,,,,123.0,902.0,100.0,1334.0,01230902 01001334,20230902,1141.9,23.65,21.3810591334953,15.2,
,10,,340,,,,,,,,,,,,,,, ,,,,,,
,10,,341,,,,,,,,,,,,,,, ,,,,,,
,10,435.0,342,,,,,,,,,,,123.0,907.0,200.0,1523.0,01230907 02001523,20230907,969.6,22.26,21.1710288892965,13.8,
,10,436.0,343,,,,,,,,,,,123.0,903.0,100.0,1334.0,01230903 01001334,20230903,956.1,22.77,23.8510081403785,15.8,
,10,437.0,344,,,,,,,,,,,123.0,830.0,200.0,1334.0,01230830 02001334,20230830,1076.3,23.57,22.5845615265274,13.4,
,10,438.0,345,,,,,,,,,,,123.0,826.0,300.0,1383.0,01230826 03001383,20230826,1051.9,23.89,22.0195354678141,15.1,
,10,439.0,346,,,,,,,,,,,123.0,908.0,300.0,1523.0,01230908 03001523,20230908,1123.1,24.05,22.5466025536792,13.9,
,10,440.0,347,,,,,,,,,,,123.0,828.0,100.0,1383.0,01230828 01001383,20230828,999.0,23.49,23.2873920572847,14.2,
,11,488.0,348,,,,,,,,,,,123.0,903.0,200.0,1334.0,01230903 02001334,20230903,1114.4,25.49,22.3052057575189,14.9,
,11,489.0,349,,,,,,,,,,,123.0,831.0,100.0,1334.0,01230831 01001334,20230831,1007.5,22.38,22.4127050785481,13.8,
,11,490.0,350,,,,,,,,,,,123.0,907.0,100.0,1523.0,01230907 01001523,20230907,1001.3,24.33,23.2157946795585,14.5,
,11,491.0,351,,,,,,,,,,,123.0,827.0,300.0,1383.0,01230827 03001383,20230827,995.5,23.93,21.4559100270128,14.5,
,11,492.0,352,,,,,,,,,,,123.0,901.0,300.0,1334.0,01230901 03001334,20230901,1002.5,24.46,22.0046059694318,15.2,
,11,493.0,353,,,,,,,,,,,123.0,901.0,200.0,1334.0,01230901 02001334,20230901,1069.3,22.15,22.7668132960988,15.3,
,11,494.0,354,,,,,,,,,,,123.0,902.0,300.0,1334.0,01230902 03001334,20230902,1041.8,22.4,21.1408342627368,15.7,
,11,495.0,355,,,,,,,,,,,123.0,1016.0,100.0,1134.0,01231016 01001134,20231016,1092.5,24.18,21.6166420158558,14.5,
,11,496.0,356,,,,,,,,,,,123.0,1017.0,200.0,1513.0,01231017 02001513,20231017,1135.4,23.35,21.8426594065639,14.6,
,11,497.0,357,,,,,,,,,,,123.0,1014.0,300.0,1134.0,01231014 03001134,20231014,997.7,21.35,22.5768559872129,13.9,
,11,498.0,358,,,,,,,,,,,123.0,1011.0,100.0,1134.0,01231011 01001134,20231011,1048.6,22.11,24.454219190648,13.8,
,11,499.0,359,,,,,,,,,,,123.0,925.0,300.0,1423.0,01230925 03001423,20230925,1038.0,23.92,22.0460790027797,13.4,
,11,500.0,360,,,,,,,,,,,123.0,926.0,200.0,1423.0,01230926 02001423,20230926,991.3,21.66,21.8758058546567,14.2,
,12,501.0,361,,,,,,,,,,,123.0,925.0,100.0,1423.0,01230925 01001423,20230925,1110.5,23.08,24.5890215222492,14.4,
,12,502.0,362,,,,,,,,,,,123.0,924.0,200.0,1423.0,01230924 02001423,20230924,1099.2,22.73,22.4289307355247,14.3,
,12,503.0,363,,,,,,,,,,,123.0,923.0,100.0,1423.0,01230923 01001423,20230923,1091.9,22.77,22.4298556587216,14.7,
,12,504.0,364,,,,,,,,,,,123.0,923.0,300.0,1423.0,01230923 03001423,20230923,999.3,22.35,22.3417306846967,13.4,
,12,505.0,365,,,,,,,,,,,123.0,924.0,100.0,1423.0,01230924 01001423,20230924,1085.6,23.75,23.537325792543,15.5,
,12,506.0,366,,,,,,,,,,,123.0,921.0,200.0,1423.0,01230921 02001423,20230921,1146.5,23.39,21.439843458879,14.5,
,12,507.0,367,サンプル0188,サンプル0673,,,,,,,,,123.0,1020.0,400.0,1533.0,01231020 04001533,20231020,1056.9,24.11,20.7766020236107,15.1,
,12,508.0,368,サンプル0189,,,,,,,,,,123.0,1026.0,600.0,1363.0,01231026 06001363,20231026,1097.5,23.06,21.8534394994842,14.6,
,12,509.0,369,サンプル0190,,,,サンプル1454,,,,,,123.0,1014.0,400.0,1134.0,01231014 04001134,20231014,1091.9,23.7,23.1653537281925,13.7,
,12,,370,,,,,,,,,,,,,,, ,,,,,,
,12,510.0,371,サンプル0191,サンプル0674,,,,,,,,,123.0,1023.0,500.0,1533.0,01231023 05001533,20231023,1053.5,21.63,21.2888014012839,12.0,
,12,511.0,372,サンプル0192,サンプル0675,,,,,,,,,123.0,1019.0,400.0,1535.0,01231019 04001535,20231019,1020.1,22.71,22.2823307249868,14.5,
,12,,373,,,,,,,,,,,,,,, ,,,,,,
,12,512.0,374,サンプル0193,,,,サンプル1455,,,,,,123.0,1026.0,400.0,1363.0,01231026 04001363,20231026,1096.7,23.18,21.8263904275007,15.2,
,12,513.0,375,サンプル0194,,,,サンプル1456,,,,,,123.0,1025.0,600.0,1363.0,01231025 06001363,20231025,1015.5,23.52,21.0809855435932,13.1,
,12,514.0,376,サンプル0195,,,,サンプル1457,,,,,,123.0,1025.0,500.0,1363.0,01231025 05001363,20231025,1063.8,24.12,20.6466373026828,14.3,
,12,515.0,377,サンプル0196,,,,サンプル1458,,,,,,123.0,1014.0,600.0,1134.0,01231014 06001134,20231014,1121.4,22.29,21.8820319428695,14.1,
,12,516.0,378,サンプル0197,サンプル0676,,,,,,,,,123.0,1019.0,500.0,1533.0,01231019 05001533,20231019,1028.5,23.02,21.1395086918807,13.4,
,12,517.0,379,サンプル0198,サンプル0677,,,,,,,,,123.0,1019.0,600.0,1533.0,01231019 06001533,20231019,1041.6,23.53,22.2638108285066,13.3,
,12,518.0,380,サンプル0199,サンプル0678,,,,,,,,,123.0,1016.0,500.0,1533.0,01231016 05001533,20231016,1078.7,22.84,22.0649286896417,13.5,
,13,,381,,,,,,,,,,,,,,, ,,,,,,
,13,441.0,382,サンプル0200,サンプル0679,,,,,,,,,123.0,1016.0,600.0,1533.0,01231016 06001533,20231016,990.7,22.96,22.7881756725683,15.0,
,13,442.0,383,サンプル0201,サンプル0680,,,,,,,,,123.0,1023.0,600.0,1533.0,01231023 06001533,20231023,1019.2,22.12,21.901547328617,13.3,
,13,443.0,384,サンプル0202,サンプル0681,,,,,,,,,123.0,1020.0,600.0,1533.0,01231020 06001533,20231020,979.5,23.08,20.5541521466611,14.2,
,13,444.0,385,サンプル0203,サンプル0682,,,,,,,,,123.0,1018.0,600.0,1533.0,01231018 06001533,20231018,985.2,23.24,21.9740860249267,14.7,
,13,445.0,386,サンプル0204,サンプル0683,,,サンプル1459,,,,,,123.0,1101.0,400.0,1343.0,01231101 04001343,20231101,1084.0,25.47,21.8442837648467,14.6,
,13,446.0,387,サンプル0205,サンプル0684,,,サンプル1460,,,,,,123.0,1030.0,600.0,1343.0,01231030 06001343,20231030,1076.6,21.15,21.9304917533584,13.3,
,13,447.0,388,サンプル0206,サンプル0685,,,サンプル1461,,,,,,123.0,1101.0,600.0,1343.0,01231101 06001343,20231101,1057.6,23.35,20.1803558972679,13.9,
,13,448.0,389,サンプル0207,サンプル0686,,,サンプル1462,,,,,,123.0,1031.0,400.0,1343.0,01231031 04001343,20231031,1010.6,24.6,24.2340030523518,13.3,
,13,449.0,390,サンプル0208,サンプル0687,,,サンプル1463,,,,,,123.0,1101.0,400.0,1343.0,01231101 04001343,20231101,1040.9,22.29,22.1640974445749,15.0,
,13,,391,,,,,,,,,,,,,,, ,,,,,,
,13,450.0,392,サンプル0209,サンプル0688,,,サンプル1464,,,,,,123.0,1031.0,500.0,1343.0,01231031 05001343,20231031,1003.8,23.67,23.2035947245937,14.3,
,13,451.0,393,サンプル0210,サンプル0689,,,サンプル1465,,,,,,123.0,1030.0,500.0,1343.0,01231030 05001343,20231030,1089.3,25.08,21.4176373427984,12.8,
,13,452.0,394,サンプル0211,サンプル0690,,,サンプル1466,,,,,,123.0,1027.0,400.0,1363.0,01231027 04001363,20231027,948.2,24.16,22.3616530474514,14.9,
,13,453.0,395,サンプル0212,サンプル0691,,,サンプル1467,,,,,,123.0,1101.0,600.0,1343.0,01231101 06001343,20231101,945.8,22.53,21.5666332422816,15.4,
,13,454.0,396,サンプル0213,サンプル0692,,,サンプル1468,,,,,,123.0,1031.0,400.0,1343.0,01231031 04001343,20231031,1023.4,22.77,23.3687988094843,15.4,
,13,455.0,397,サンプル0214,サンプル0693,,,サンプル1469,,,,,,123.0,1101.0,500.0,1343.0,01231101 05001343,20231101,1043.6,23.04,22.2280700536639,14.4,
,13,456.0,398,サンプル0215,サンプル0694,,,サンプル1470,,,,,,123.0,1031.0,500.0,1343.0,01231031 05001343,20231031,986.0,21.75,22.6014728906719,14.7,
,14,293.0,399,サンプル0216,サンプル0695,,,サンプル1471,,,,,,123.0,1031.0,600.0,1343.0,01231031 06001343,20231031,1069.1,23.85,22.200789241116,14.4,
,14,294.0,400,サンプル0217,サンプル0696,,,サンプル1472,,,,,,123.0,1101.0,500.0,1343.0,01231101 05001343,20231101,979.9,23.59,23.2475161457272,14.8,
,14,295.0,401,サンプル0218,サンプル0697,,,サンプル1473,,,,,,123.0,1017.0,500.0,1533.0,01231017 05001533,20231017,1095.2,21.2,21.0530091470148,15.0,
,14,296.0,402,サンプル0219,サンプル0698,,,,,,,,,123.0,1002.0,500.0,1423.0,01231002 05001423,20231002,930.0,23.47,24.1870387155243,13.8,
,14,297.0,403,サンプル0220,サンプル0699,,,,,,,,,123.0,1003.0,600.0,1423.0,01231003 06001423,20231003,1013.4,22.21,20.4034545432718,13.9,
,14,298.0,404,サンプル0221,サンプル0700,,,,,,,,,123.0,1002.0,400.0,1423.0,01231002 04001423,20231002,1045.3,24.46,21.6644868621329,14.1,
,14,299.0,405,サンプル0222,,,,サンプル1474,,,,,,123.0,1011.0,500.0,1134.0,01231011 05001134,20231011,1093.1,22.53,21.4264073221664,14.2,
,14,300.0,406,サンプル0223,,,,,,,,,,123.0,1011.0,400.0,1134.0,01231011 04001134,20231011,1120.5,22.57,22.9965801495225,14.5,
,14,301.0,407,サンプル0224,サンプル0701,,,サンプル1475,,,,,,123.0,1017.0,400.0,1533.0,01231017 04001533,20231017,1066.7,24.42,22.1560647161887,15.1,
,14,302.0,408,サンプル0225,,,,,,,,,,123.0,1012.0,600.0,1134.0,01231012 06001134,20231012,991.9,23.16,23.1666296475251,13.4,
,14,303.0,409,サンプル0226,,,,サンプル1476,,,,,,123.0,1012.0,500.0,1134.0,01231012 05001134,20231012,1036.9,24.55,21.5098885913349,15.0,
,14,304.0,410,サンプル0227,,,,サンプル1477,,,,,,123.0,1013.0,400.0,1134.0,01231013 04001134,20231013,1023.8,24.67,22.1671318616035,14.2,
,14,305.0,411,サンプル0228,,,,サンプル1478,,,,,,123.0,1014.0,500.0,1134.0,01231014 05001134,20231014,1062.8,22.26,21.8067871345074,12.3,
,14,306.0,412,サンプル0229,,,,,,,,,,123.0,1012.0,400.0,1134.0,01231012 04001134,20231012,1032.3,21.81,22.5230541732287,14.0,
,14,307.0,413,サンプル0230,,,,サンプル1479,,,,,,123.0,1013.0,600.0,1134.0,01231013 06001134,20231013,1068.3,22.25,22.8663966302968,14.1,
,14,308.0,414,サンプル0231,サンプル0702,,,サンプル1480,,,,,,123.0,1018.0,400.0,1533.0,01231018 04001533,20231018,1093.3,21.88,22.1034483006227,14.7,
,14,309.0,415,サンプル0232,,,,サンプル1481,,,,,,123.0,1013.0,500.0,1134.0,01231013 05001134,20231013,1064.8,22.54,22.5615316552316,14.7,
,14,310.0,416,サンプル0233,サンプル0703,,,サンプル1482,,,,,,123.0,1018.0,500.0,1533.0,01231018 05001533,20231018,1052.3,23.98,23.7401530937857,14.3,
,14,311.0,417,サンプル0234,サンプル0704,,,サンプル1483,,,,,,123.0,1017.0,600.0,1533.0,01231017 06001533,20231017,1113.2,22.98,21.2414018132827,13.8,
,15,,418,,,,,,,,,,,,,,, ,,,,,,
,15,457.0,419,サンプル0235,,,,サンプル1484,,,,,,123.0,831.0,500.0,1334.0,01230831 05001334,20230831,1130.8,23.3,20.8611674570613,13.8,
,15,458.0,420,サンプル0236,,,,サンプル1485,,,,,,123.0,901.0,400.0,1334.0,01230901 04001334,20230901,1063.1,23.54,22.4385999244869,13.5,
,15,459.0,421,サンプル0237,,,,サンプル1486,,,,,,123.0,901.0,600.0,1334.0,01230901 06001334,20230901,1017.1,23.3,22.83259288131,13.9,
,15,460.0,422,サンプル0238,サンプル0705,,,,,,,,,123.0,825.0,600.0,1383.0,01230825 06001383,20230825,1064.6,23.51,21.4182003314281,13.9,
,15,461.0,423,サンプル0239,サンプル0706,,,,,,,,,123.0,827.0,400.0,1383.0,01230827 04001383,20230827,1086.2,24.54,20.9529512769954,14.2,
,15,462.0,424,サンプル0240,サンプル0707,,,,,,,,,123.0,826.0,600.0,1383.0,01230826 06001383,20230826,958.5,25.01,21.7816284298533,14.0,
,15,463.0,425,サンプル0241,サンプル0708,,,,,,,,,123.0,826.0,500.0,1383.0,01230826 05001383,20230826,1001.8,23.39,22.5498997081531,14.1,
,15,464.0,426,サンプル0242,サンプル0709,,,,,,,,,123.0,826.0,400.0,1383.0,01230826 04001383,20230826,1094.9,22.95,22.1054845183531,14.8,
,15,465.0,427,サンプル0243,サンプル0710,,,,,,,,,123.0,827.0,600.0,1383.0,01230827 06001383,20230827,1013.0,21.0,22.2594645488654,14.9,
,15,466.0,428,サンプル0244,サンプル0711,,,,,,,,,123.0,827.0,500.0,1383.0,01230827 05001383,20230827,1053.1,23.38,22.0356755678733,14.7,
,15,467.0,429,サンプル0245,,,,サンプル1487,,,,,,123.0,902.0,600.0,1334.0,01230902 06001334,20230902,1076.6,24.84,22.1109499302333,14.1,
,15,468.0,430,サンプル0246,,,,サンプル1488,,,,,,123.0,902.0,500.0,1334.0,01230902 05001334,20230902,1097.6,23.43,22.2099906222929,13.9,
,15,469.0,431,サンプル0247,,,,サンプル1489,,,,,,123.0,902.0,400.0,1334.0,01230902 04001334,20230902,1127.4,24.0,21.1599085813993,14.2,
,15,470.0,432,サンプル0248,,,,サンプル1490,,,,,,123.0,921.0,400.0,1423.0,01230921 04001423,20230921,1063.0,23.76,21.1907983766884,14.2,
,15,471.0,433,サンプル0249,,,,サンプル1491,,,,,,123.0,831.0,400.0,1334.0,01230831 04001334,20230831,995.5,22.71,20.5337439685997,14.9,
,15,472.0,434,サンプル0250,サンプル0712,,,,,,,,,123.0,907.0,500.0,1523.0,01230907 05001523,20230907,1022.2,23.13,24.0293675231233,14.1,
,15,,435,,,,,,,,,,,,,,, ,,,,,,
,15,473.0,436,サンプル0251,サンプル0713,,,サンプル1492,,,,,,123.0,911.0,600.0,1103.0,01230911 06001103,20230911,1043.1,25.78,22.5008276455454,13.7,
,15,474.0,437,,サンプル0714,,,サンプル1493,,,,,,123.0,921.0,600.0,1423.0,01230921 06001423,20230921,1029.5,24.4,22.3173986812151,15.6,
,15,475.0,438,サンプル0252,,,,,,,,,,123.0,926.0,400.0,1423.0,01230926 04001423,20230926,1093.5,24.55,23.2283799596391,13.7,
,15,476.0,439,サンプル0253,サンプル0715,,,サンプル1494,,,,,,123.0,918.0,600.0,1103.0,01230918 06001103,20230918,1089.9,23.2,22.8828885758177,13.4,
,16,555.0,440,サンプル0254,サンプル0716,,,サンプル1495,,,,,,123.0,908.0,600.0,1523.0,01230908 06001523,20230908,1050.0,23.59,24.3589454515414,14.1,
,16,556.0,441,サンプル0255,,,,サンプル1496,,,,,,123.0,829.0,600.0,1333.0,01230829 06001333,20230829,1053.2,23.53,21.8736091899308,15.6,
,16,557.0,442,サンプル0256,サンプル0717,,,サンプル1497,,,,,,123.0,913.0,500.0,1103.0,01230913 05001103,20230913,1005.8,22.65,22.9297846394887,14.4,
,16,558.0,443,サンプル0257,,,,サンプル1498,,,,,,123.0,830.0,500.0,1334.0,01230830 05001334,20230830,1022.6,24.17,20.0968616485357,14.5,
,16,,444,,,,,,,,,,,,,,, ,,,,,,
,16,559.0,445,サンプル0258,サンプル0718,,,,,,,,,123.0,912.0,600.0,1103.0,01230912 06001103,20230912,1054.3,25.73,21.1851093954405,13.3,
,16,560.0,446,サンプル0259,サンプル0719,,,サンプル1499,,,,,,123.0,909.0,400.0,1523.0,01230909 04001523,20230909,1046.7,22.99,21.2476290453216,14.3,
,16,561.0,447,サンプル0260,サンプル0720,,,サンプル1500,,,,,,123.0,908.0,500.0,1523.0,01230908 05001523,20230908,1095.1,24.45,21.3303791730807,14.0,
,16,562.0,448,サンプル0261,,,,サンプル1501,,,,,,123.0,829.0,400.0,1334.0,01230829 04001334,20230829,1053.8,22.62,21.0578540226695,14.6,
,16,563.0,449,サンプル0262,,,,サンプル1502,,,,,,123.0,921.0,500.0,1423.0,01230921 05001423,20230921,991.3,21.64,22.3341334328108,13.5,
,16,564.0,450,サンプル0263,サンプル0721,,,,,,,,,123.0,1008.0,500.0,1134.0,01231008 05001134,20231008,1087.7,21.62,22.73359738435,15.1,
,16,565.0,451,サンプル0264,サンプル0722,,,,,,,,,123.0,924.0,400.0,1423.0,01230924 04001423,20230924,1009.2,23.88,23.5868431905066,15.3,
,16,566.0,452,サンプル0265,,,,サンプル1503,,,,,,123.0,925.0,500.0,1423.0,01230925 05001423,20230925,1009.6,22.99,22.6339389658222,13.2,
,16,567.0,453,サンプル0266,,,,サンプル1504,,,,,,123.0,920.0,500.0,1423.0,01230920 05001423,20230920,955.2,26.25,22.7586239330637,14.5,
,16,568.0,454,サンプル0267,,,,サンプル1505,,,,,,123.0,914.0,600.0,1103.0,01230914 06001103,20230914,1116.5,22.59,23.5754875739283,14.1,
,16,569.0,455,サンプル0268,サンプル0723,,,,,,,,,123.0,911.0,500.0,1103.0,01230911 05001103,20230911,1039.5,23.49,23.9911798201537,15.3,
,16,570.0,456,サンプル0269,サンプル0724,,,サンプル1506,,,,,,123.0,913.0,400.0,1103.0,01230913 04001103,20230913,1089.3,25.07,21.6928886020017,14.5,
,16,571.0,457,サンプル0270,サンプル0725,,,,,,,,,123.0,929.0,400.0,1423.0,01230929 04001423,20230929,1005.5,22.72,21.3753706417854,15.0,
,16,572.0,458,サンプル0271,,,,,,,,,,123.0,1001.0,500.0,1423.0,01231001 05001423,20231001,1072.6,23.6,23.1557422847622,14.3,
,17,538.0,459,サンプル0272,サンプル0726,,,,,,,,,123.0,1002.0,600.0,1423.0,01231002 06001423,20231002,998.0,22.74,21.9880715895242,14.5,
,17,539.0,460,サンプル0273,サンプル0727,,,,,,,,,123.0,907.0,400.0,1523.0,01230907 04001523,20230907,1049.3,23.35,20.8831289788102,15.8,
,17,540.0,461,サンプル0274,,,,サンプル1507,,,,,,123.0,830.0,600.0,1334.0,01230830 06001334,20230830,1055.2,23.44,21.1855767295621,15.8,
,17,541.0,462,サンプル0275,サンプル0728,,,,,,,,,123.0,917.0,600.0,1103.0,01230917 06001103,20230917,1035.3,21.92,22.1430708696261,13.1,
,17,542.0,463,サンプル0276,サンプル0729,,,,,,,,,123.0,917.0,500.0,1103.0,01230917 05001103,20230917,1060.2,22.4,25.3082932743405,14.6,
,17,,464,,,,,,,,,,,,,,, ,,,,,,
,17,,465,,,,,,,,,,,,,,, ,,,,,,
,17,543.0,466,サンプル0277,,,,サンプル1508,,,,,,123.0,1008.0,600.0,1134.0,01231008 06001134,20231008,1004.1,21.67,22.8704713781753,13.8,
,17,544.0,467,サンプル0278,サンプル0730,,,,,,,,,123.0,926.0,600.0,1423.0,01230926 06001423,20230926,1164.2,22.24,24.5112259526582,14.5,
,17,545.0,468,サンプル0279,サンプル0731,,,サンプル1509,,,,,,123.0,913.0,600.0,1103.0,01230913 06001103,20230913,1104.3,22.53,22.2441577608523,15.0,
,17,546.0,469,サンプル0280,,,,サンプル1510,,,,,,123.0,914.0,400.0,1103.0,01230914 04001103,20230914,1112.1,23.24,22.0452068693232,14.7,
,17,547.0,470,サンプル0281,サンプル0732,,,サンプル1511,,,,,,123.0,909.0,500.0,1523.0,01230909 05001523,20230909,1069.6,23.22,22.5531823827983,14.0,
,17,548.0,471,サンプル0282,,,,サンプル1512,,,,,,123.0,912.0,400.0,1103.0,01230912 04001103,20230912,1100.7,25.06,22.6500521966788,13.6,
,17,,472,,,,,,,,,,,,,,, ,,,,,,
,17,549.0,473,サンプル0283,サンプル0733,,,,,,,,,123.0,924.0,600.0,1423.0,01230924 06001423,20230924,962.2,23.06,21.1734227676752,15.4,
,17,,474,,,,,,,,,,,,,,, ,,,,,,
,17,550.0,475,サンプル0284,,,,サンプル1513,,,,,,123.0,917.0,400.0,1103.0,01230917 04001103,20230917,1128.7,22.05,22.0457154927926,13.7,
,17,551.0,476,サンプル0285,サンプル0734,,,,,,,,,123.0,907.0,600.0,1523.0,01230907 06001523,20230907,1019.5,22.96,23.8979201005959,14.6,
,17,552.0,477,サンプル0286,サンプル0735,,,,,,,,,123.0,916.0,600.0,1103.0,01230916 06001103,20230916,1020.3,24.48,23.6294084835605,14.3,
,17,554.0,478,サンプル0287,,,,サンプル1514,,,,,,123.0,829.0,500.0,1333.0,01230829 05001333,20230829,1070.9,23.88,21.4375289514445,14.3,
,17,553.0,479,サンプル0288,サンプル0736,,,サンプル1515,,,,,,123.0,916.0,500.0,1103.0,01230916 05001103,20230916,1016.9,23.82,24.5152206322959,14.8,
,18,573.0,480,サンプル0289,サンプル0737,,,サンプル1516,,,,,,123.0,916.0,400.0,1103.0,01230916 04001103,20230916,989.3,22.57,24.2197953951509,14.0,
,18,574.0,481,サンプル0290,サンプル0738,,,サンプル1517,,,,,,123.0,911.0,400.0,1103.0,01230911 04001103,20230911,942.3,23.24,23.0448570812624,13.6,
,18,575.0,482,サンプル0291,サンプル0739,,,サンプル1518,,,,,,123.0,920.0,600.0,1423.0,01230920 06001423,20230920,1012.1,23.9,22.3039724258975,14.2,
,18,576.0,483,サンプル0292,,,,サンプル1519,,,,,,123.0,925.0,400.0,1423.0,01230925 04001423,20230925,972.7,23.26,22.2443448784628,14.4,
,18,577.0,484,サンプル0293,,,,サンプル1520,,,,,,123.0,924.0,500.0,1423.0,01230924 05001423,20230924,1027.1,21.33,21.3953719533883,13.6,
,18,578.0,485,サンプル0294,サンプル0740,,,,,,,,,123.0,1008.0,400.0,1134.0,01231008 04001134,20231008,1051.3,23.32,22.3022404031391,13.5,
,18,579.0,486,,,,,,,,,,,123.0,907.0,300.0,1523.0,01230907 03001523,20230907,1055.6,23.33,21.0767016487549,13.6,
,18,580.0,487,,,,,,,,,,,123.0,913.0,300.0,1103.0,01230913 03001103,20230913,1101.4,24.39,22.3510246399335,14.9,
,18,581.0,488,,,,,,,,,,,123.0,908.0,200.0,1523.0,01230908 02001523,20230908,1114.6,24.48,21.7146563736912,15.3,
,18,582.0,489,,,,,,,,,,,123.0,911.0,100.0,1103.0,01230911 01001103,20230911,1015.0,24.13,23.9311834621629,15.2,
,18,583.0,490,,,,,,,,,,,123.0,911.0,200.0,1103.0,01230911 02001103,20230911,1087.6,22.39,21.5884257416676,13.7,
,18,584.0,491,,,,,,,,,,,123.0,916.0,200.0,1103.0,01230916 02001103,20230916,1057.6,23.32,21.4605843870857,13.8,
,18,585.0,492,,,,,,,,,,,123.0,914.0,100.0,1103.0,01230914 01001103,20230914,1049.6,22.94,21.6102138816513,13.4,
,18,586.0,493,,,,,,,,,,,123.0,913.0,200.0,1103.0,01230913 02001103,20230913,1154.3,23.59,23.5662035584837,15.6,
,18,587.0,494,,,,,,,,,,,123.0,918.0,300.0,1103.0,01230918 03001103,20230918,1050.8,22.32,22.0857729485214,14.0,
,18,588.0,495,,,,,,,,,,,123.0,911.0,300.0,1103.0,01230911 03001103,20230911,1006.0,21.04,23.3308985275891,14.3,
,18,589.0,496,,,,,,,,,,,123.0,921.0,100.0,1423.0,01230921 01001423,20230921,1042.1,24.68,22.1945277142127,14.0,
,18,590.0,497,,,,,,,,,,,123.0,914.0,300.0,1103.0,01230914 03001103,20230914,1055.2,21.83,23.1274517582585,14.4,
,18,591.0,498,,,,,,,,,,,123.0,912.0,100.0,1103.0,01230912 01001103,20230912,1053.2,23.56,22.4799931844558,13.6,
,18,,499,,,,,,,,,,,,,,, ,,,,,,
,18,592.0,500,,,,,,,,,,,123.0,912.0,200.0,1103.0,01230912 02001103,20230912,1103.3,23.89,22.4497652129425,13.7,
,18,593.0,501,,,,,,,,,,,123.0,916.0,300.0,1103.0,01230916 03001103,20230916,1079.6,21.91,22.3415334884663,12.7,
,18,594.0,502,,,,,,,,,,,123.0,917.0,100.0,1103.0,01230917 01001103,20230917,1058.5,24.48,20.609234308961,14.5,
,18,595.0,503,,,,,,,,,,,123.0,921.0,300.0,1423.0,01230921 03001423,20230921,967.3,22.23,21.2868738933117,14.8,
,18,596.0,504,,,,,,,,,,,123.0,918.0,200.0,1103.0,01230918 02001103,20230918,1054.0,24.39,20.626445869426,15.0,
,18,597.0,505,,,,,,,,,,,123.0,917.0,300.0,1103.0,01230917 03001103,20230917,1068.5,23.08,23.6522327307962,15.4,
,18,598.0,506,サンプル0295,,,,サンプル1521,,,,,,123.0,930.0,200.0,1423.0,01230930 02001423,20230930,1054.0,22.19,22.6936654154767,15.0,
,18,599.0,507,,,,,,,,,,,123.0,1012.0,200.0,1134.0,01231012 02001134,20231012,964.4,22.88,22.3298629477779,14.3,
,19,600.0,508,,,,,,,,,,,123.0,1013.0,200.0,1134.0,01231013 02001134,20231013,1016.8,25.81,21.3540750148829,14.7,
,19,601.0,509,,,,,,,,,,,123.0,1013.0,100.0,1134.0,01231013 01001134,20231013,930.0,22.4,24.478439433574,14.0,
,19,602.0,510,,,,,,,,,,,123.0,1007.0,300.0,1134.0,01231007 03001134,20231007,1032.0,22.38,22.4222992467088,14.9,
,19,603.0,511,,,,,,,,,,,123.0,1027.0,200.0,1343.0,01231027 02001343,20231027,995.4,21.43,20.922745844704,14.1,
,19,604.0,512,,,,,,,,,,,123.0,1023.0,200.0,1513.0,01231023 02001513,20231023,1117.4,22.85,23.2952519261788,12.7,
,19,605.0,513,,,,,,,,,,,123.0,1008.0,200.0,1134.0,01231008 02001134,20231008,994.7,21.82,22.0947317330754,14.3,
,19,,514,,,,,,,,,,,,,,, ,,,,,,
,19,606.0,515,,,,,,,,,,,123.0,1011.0,300.0,1134.0,01231011 03001134,20231011,1028.7,24.23,19.4840545304325,13.5,
,19,607.0,516,,,,,,,,,,,123.0,1018.0,200.0,1513.0,01231018 02001513,20231018,1145.2,22.49,22.082023183597,14.7,
,19,608.0,517,,,,,,,,,,,123.0,1023.0,300.0,1513.0,01231023 03001513,20231023,1086.7,22.61,20.9427112569554,15.2,
,19,609.0,518,,,,,,,,,,,123.0,1007.0,100.0,1134.0,01231007 01001134,20231007,1059.0,22.74,21.2301083301878,13.5,
,19,610.0,519,,,,,,,,,,,123.0,1027.0,100.0,1343.0,01231027 01001343,20231027,1110.9,23.12,20.7181017160714,14.9,
,19,611.0,520,,,,,,,,,,,123.0,1001.0,300.0,1423.0,01231001 03001423,20231001,999.8,21.32,23.1762502787955,14.9,
,19,612.0,521,,,,,,,,,,,123.0,1003.0,200.0,1423.0,01231003 02001423,20231003,1105.0,20.48,23.0209967509176,13.7,
,19,613.0,522,,,,,,,,,,,123.0,929.0,100.0,1423.0,01230929 01001423,20230929,1147.4,25.41,22.9035357471644,14.0,
,19,614.0,523,,,,,,,,,,,123.0,1018.0,100.0,1513.0,01231018 01001513,20231018,990.8,22.1,22.7204857385293,13.6,
,19,615.0,524,,,,,,,,,,,123.0,1012.0,300.0,1134.0,01231012 03001134,20231012,1024.5,22.05,21.9158519535341,13.9,
,19,616.0,525,,,,,,,,,,,123.0,1002.0,100.0,1423.0,01231002 01001423,20231002,1002.6,22.55,22.8412694954523,14.3,
,19,617.0,526,,,,,,,,,,,123.0,1017.0,100.0,1513.0,01231017 01001513,20231017,1055.8,23.24,23.1755896447631,15.1,
,19,618.0,527,,,,,,,,,,,123.0,1024.0,100.0,1513.0,01231024 01001513,20231024,1049.7,24.98,21.8489114186782,13.9,
,19,619.0,528,,,,,,,,,,,123.0,1013.0,300.0,1134.0,01231013 03001134,20231013,1004.7,23.2,22.5103686300538,13.2,
,19,620.0,529,,,,,,,,,,,123.0,1024.0,200.0,1513.0,01231024 02001513,20231024,1006.9,20.57,21.0363530384321,12.1,
,19,621.0,530,,,,,,,,,,,123.0,1023.0,100.0,1513.0,01231023 01001513,20231023,1044.0,23.77,23.0518707416498,13.9,
,19,622.0,531,,,,,,,,,,,123.0,1023.0,300.0,1513.0,01231023 03001513,20231023,1080.5,20.48,22.9115989852652,13.4,
,19,623.0,532,,,,,,,,,,,123.0,1012.0,100.0,1134.0,01231012 01001134,20231012,1105.3,21.48,21.0217806071896,14.5,
,19,624.0,533,,,,,,,,,,,123.0,1018.0,300.0,1513.0,01231018 03001513,20231018,1143.7,23.25,20.4678129070951,14.5,
,19,625.0,534,,,,,,,,,,,123.0,1003.0,300.0,1423.0,01231003 03001423,20231003,1037.5,25.45,21.6382673793503,13.2,
,19,626.0,535,,,,,,,,,,,123.0,1008.0,100.0,1134.0,01231008 01001134,20231008,1004.3,23.49,21.3474112533318,14.6,
,19,627.0,536,,,,,,,,,,,123.0,1014.0,100.0,1134.0,01231014 01001134,20231014,1059.9,23.12,24.1022923951426,14.2,
,19,628.0,537,,,,,,,,,,,123.0,1014.0,200.0,1134.0,01231014 02001134,20231014,999.4,23.4,22.8970840062903,14.1,
,19,629.0,538,,,,,,,,,,,123.0,831.0,200.0,1334.0,01230831 02001334,20230831,1092.3,25.4,23.4532008243095,14.0,
,19,630.0,539,,,,,,,,,,,123.0,827.0,100.0,1383.0,01230827 01001383,20230827,1047.8,23.99,22.0799766224213,15.0,
,19,,540,,,,,,,,,,,,,,, ,,,,,,
,19,631.0,541,,,,,,,,,,,123.0,825.0,300.0,1383.0,01230825 03001383,20230825,1107.1,23.53,22.3049714741777,14.5,
,20,,542,,,,,,,,,,,,,,, ,,,,,,
,20,,543,,,,,,,,,,,,,,, ,,,,,,
,20,,544,,,,,,,,,,,,,,, ,,,,,,
,20,,545,,,,,,,,,,,,,,, ,,,,,,
,20,,546,,,,,,,,,,,,,,, ,,,,,,
,20,,547,,,,,,,,,,,,,,, ,,,,,,
,20,,548,,,,,,,,,,,,,,, ,,,,,,
,20,312.0,549,サンプル0296,,,,サンプル1522,,,,,,,,,, ,,994.1,24.18,23.0605431149115,15.0,
,20,313.0,550,サンプル0297,サンプル0741,,,サンプル1523,,,,,,,,,, ,,1128.4,24.48,21.9919644672577,13.4,
,20,314.0,551,サンプル0298,,,,サンプル1524,,20230914,1.0,H0016,2023091401 H0016,,,,, ,20230914,1050.3,23.23,22.6626349346479,13.6,
,20,315.0,552,サンプル0299,,,,サンプル1525,,20230911,1.0,H0009,202301011390H1390,,,,, ,20230911,1046.5,21.97,20.2552524167788,13.6,
,20,316.0,553,サンプル0300,,,,サンプル1526,,20230911,1.0,H0008,202301011391H1391,,,,, ,20230911,1047.7,21.15,20.469630573831,13.3,
,20,317.0,554,サンプル0301,,,,サンプル1527,,20230914,1.0,H0017,202301011392H1392,,,,, ,20230914,1058.8,23.37,22.7514390837475,14.6,
,20,318.0,555,,,,,,,20230924,1.0,H0035,202301011393H1393,,,,, ,20230924,1066.2,23.35,23.655767722913,15.4,
,20,,556,,,,,,,,,,,,,,, ,,,,,,
,20,319.0,557,サンプル0302,,,,サンプル1528,,20230920,1.0,H0030,202301011394H1394,,,,, ,20230920,987.1,24.0,21.5662460378075,15.4,
,20,320.0,558,サンプル0303,,,,サンプル1529,,20230928,1.0,H0043,202301011395H1395,,,,, ,20230928,1026.3,22.5,20.9703944783688,14.0,
,20,321.0,559,サンプル0304,,,,サンプル1530,,20230922,1.0,H0033,202301011396H1396,,,,, ,20230922,1137.7,24.17,21.1393595010531,14.5,
,20,322.0,560,サンプル0305,,,,サンプル1531,,20230924,1.0,H0036,202301011397H1397,,,,, ,20230924,1095.9,23.81,22.374917948027,13.7,
,20,323.0,561,サンプル0306,,,,サンプル1532,,20230918,1.0,H0025,202301011398H1398,,,,, ,20230918,1138.1,23.56,21.4757589042446,14.3,
,20,324.0,562,サンプル0307,,,,サンプル1533,,20230920,1.0,H0029,202301011399H1399,,,,, ,20230920,979.4,23.01,21.9676262392756,15.1,
,20,325.0,563,サンプル0308,,,,サンプル1534,,20230915,1.0,H0018,202301011400H1400,,,,, ,20230915,1032.0,23.28,21.2353200373282,14.8,
,20,326.0,564,サンプル0309,,,,サンプル1535,,20230921,1.0,H0032,202301011401H1401,,,,, ,20230921,993.3,22.87,22.1472868849915,15.0,
,20,327.0,565,サンプル0310,,,,サンプル1536,,20230924,1.0,H0034,202301011402H1402,,,,, ,20230924,1020.3,23.78,22.3505602042618,14.0,
,20,328.0,566,サンプル0311,,,,サンプル1537,,20230921,1.0,H0031,202301011403H1403,,,,, ,20230921,1071.8,22.49,22.7533570749398,15.0,
,20,329.0,567,サンプル0312,,,,サンプル1538,,20230915,1.0,H0020,202301011404H1404,,,,, ,20230915,1110.6,22.87,24.665425759465,15.3,
,20,,568,,,,,,,,,,,,,,, ,,,,,,
,20,,569,,,,,,,,,,,,,,, ,,,,,,
,21,519.0,570,サンプル0313,,,,サンプル1539,,20231005,1.0,H0059,202301011405H1405,,,,, ,20231005,1052.6,21.86,23.3057913526416,14.5,
,21,520.0,571,サンプル0314,,,,サンプル1540,,20231010,1.0,H0063,202301011406H1406,,,,, ,20231010,1003.0,23.85,23.3698558163368,14.5,
,21,521.0,572,サンプル0315,,,,サンプル1541,,20231006,1.0,H0061,202301011407H1407,,,,, ,20231006,1087.5,22.93,21.2656206485253,13.9,
,21,522.0,573,サンプル0316,,,,サンプル1542,,20231010,1.0,H0062,202301011408H1408,,,,, ,20231010,982.4,24.5,19.4444444444445,13.6,
,21,,574,,,,,,,,,,,,,,, ,,,,,,
,21,523.0,575,サンプル0317,,,,サンプル1543,,20231006,1.0,H0060,202301011409H1409,,,,, ,20231006,1157.9,22.46,20.4657642262908,15.1,
,21,524.0,576,サンプル0318,,,,サンプル1544,,20231004,1.0,H0055,202301011410H1410,,,,, ,20231004,1153.4,23.28,24.1148769859437,14.4,
,21,525.0,577,サンプル0319,,,,サンプル1545,,20231003,1.0,H0052,202301011411H1411,,,,, ,20231003,1062.4,21.69,23.2078960874947,15.5,
,21,526.0,578,サンプル0320,,,,サンプル1546,,20231002,1.0,H0051,202301011412H1412,,,,, ,20231002,1010.4,22.0,22.2844240311811,13.1,
,21,,579,,,,,,,,,,,,,,, ,,,,,,
,21,527.0,580,サンプル0321,,,,サンプル1547,,20230918,1.0,H0026,202301011413H1413,,,,, ,20230918,1072.4,24.54,21.9005165670637,15.5,
,21,528.0,581,サンプル0322,,,,サンプル1548,,20231001,1.0,H0046,202301011414H1414,,,,, ,20231001,1029.8,22.52,20.8910382080418,15.6,
,21,,582,,,,,,,,,,,,,,, ,,,,,,
,21,529.0,583,,,,,,,20230925,1.0,H0038,202301011415H1415,,,,, ,20230925,1080.2,25.4,22.6181708709321,15.4,
,21,530.0,584,サンプル0323,,,,サンプル1549,,20230925,1.0,H0037,202301011416H1416,,,,, ,20230925,1128.4,22.94,21.8987037588028,15.1,
,21,531.0,585,サンプル0324,,,,サンプル1550,,20230914,1.0,H0015,202301011417H1417,,,,, ,20230914,1000.9,24.1,21.8678861225052,15.2,
,21,532.0,586,サンプル0325,,,,サンプル1551,,20231001,1.0,H0047,202301011418H1418,,,,, ,20231001,1100.6,23.98,20.1522881397074,14.5,
,21,533.0,587,サンプル0326,,,,サンプル1552,,20230928,1.0,H0042,202301011419H1419,,,,, ,20230928,1058.9,23.08,21.8043909679646,15.0,
,21,534.0,588,サンプル0327,,,,サンプル1553,,20230919,1.0,H0028,202301011420H1420,,,,, ,20230919,1061.4,22.52,22.0707699664845,15.0,
,21,535.0,589,サンプル0328,,,,サンプル1554,,20230927,1.0,H0041,202301011421H1421,,,,, ,20230927,1051.3,22.53,20.2330058650558,13.9,
,21,536.0,590,サンプル0329,,,,サンプル1555,,20230925,1.0,H0039,202301011422H1422,,,,, ,20230925,997.1,21.88,21.7161631047224,12.4,
,21,537.0,591,サンプル0330,,,,サンプル1556,,20231004,1.0,H0056,202301011423H1423,,,,, ,20231004,1038.7,22.25,23.607775441381,15.1,
,22,,592,,,,,,,,,,,,,,, ,,,,,,
,22,330.0,593,,,,,,,20231001,1.0,H0048,202301011424H1424,,,,, ,20231001,1015.3,22.26,23.4348977684731,14.9,
,22,331.0,594,サンプル0331,,,,サンプル1557,,20231002,1.0,H0050,202301011425H1425,,,,, ,20231002,1011.9,25.77,21.6029525207233,14.0,
,22,332.0,595,サンプル0332,,,,サンプル1558,,20230909,1.0,H0005,202301011426H1426,,,,, ,20230909,1002.9,22.62,24.8475748329612,14.0,
,22,333.0,596,サンプル0333,,,,サンプル1559,,20230918,1.0,H0024,202301011427H1427,,,,, ,20230918,1134.5,23.18,24.4793974990721,13.2,
,22,334.0,597,,,,,サンプル1560,,20231004,1.0,H0054,202301011428H1428,,,,, ,20231004,1049.4,22.73,21.5274429877609,15.5,
,22,335.0,598,サンプル0334,,,,サンプル1561,,,,,,,,,, ,,1087.3,23.23,20.8241718261604,14.3,
,22,336.0,599,サンプル0335,,,,サンプル1562,,20230921,1.0,H0013,202301011429H1429,,,,, ,20230921,959.7,24.17,23.0350459147589,14.9,
,22,337.0,600,サンプル0336,,,,サンプル1563,,20230923,1.0,H0014,202301011430H1430,,,,, ,20230923,956.8,21.95,23.43885518574,14.1,
,22,338.0,601,サンプル0337,,,,サンプル1564,,20230924,1.0,H0015,202301011431H1431,,,,, ,20230924,1092.3,24.54,21.9280611804192,12.7,
,22,339.0,602,サンプル0338,,,,サンプル1565,,20231001,1.0,H0020,202301011432H1432,,,,, ,20231001,931.0,22.68,22.7769731430529,14.9,
,22,340.0,603,サンプル0339,,,,,,20230911,1.0,H0003,202301011433H1433,,,,, ,20230911,1018.5,23.8,22.6426597270094,15.2,
,22,341.0,604,サンプル0340,,,,,,20230913,1.0,H0004,202301011434H1434,,,,, ,20230913,1029.1,23.24,25.4804947668887,15.6,
,22,342.0,605,サンプル0341,,,,,,20230913,1.0,H0005,202301011435H1435,,,,, ,20230913,1036.2,23.15,20.3737991145392,14.3,
,22,343.0,606,サンプル0342,,,,,,20230914,1.0,H0007,202301011436H1436,,,,, ,20230914,1122.0,24.19,23.60113286841,14.0,
,22,344.0,607,サンプル0343,,,,,,20230915,1.0,H0008,202301011437H1437,,,,, ,20230915,1024.8,23.47,22.8130268671374,14.4,
,22,345.0,608,サンプル0344,,,,,,20230915,1.0,H0009,202301011438H1438,,,,, ,20230915,1075.9,23.05,22.283999479557,13.6,
,22,346.0,609,サンプル0345,,,,,,20230916,1.0,H0010,202301011439H1439,,,,, ,20230916,1083.8,22.22,21.8515559948524,13.7,
,22,347.0,610,サンプル0346,,,,,,20230918,1.0,H0011,202301011440H1440,,,,, ,20230918,1051.7,23.84,22.1071664082683,14.8,
,22,,611,,,,,,,,,,,,,,, ,,,,,,
,22,,612,,,,,,,,,,,,,,, ,,,,,,
,22,348.0,613,サンプル0347,,,,,,20230924,1.0,H0017,202301011441H1441,,,,, ,20230924,1056.1,23.76,22.3422551104982,14.6,
,22,349.0,614,サンプル0348,,,,,,20230925,1.0,H0019,202301011442H1442,,,,, ,20230925,1061.4,24.33,23.5624914820499,14.1,
,22,350.0,615,サンプル0349,,,,,,20230925,1.0,H0020,202301011443H1443,,,,, ,20230925,951.2,23.46,22.2324709562945,16.0,
,22,351.0,616,サンプル0350,,,,,,20230925,1.0,H0021,202301011444H1444,,,,, ,20230925,1083.3,24.89,23.8807624744607,14.1,
,22,352.0,617,サンプル0351,,,,,,20230926,1.0,H0022,202301011445H1445,,,,, ,20230926,1002.0,22.77,23.7837372037131,15.4,
,22,353.0,618,サンプル0352,,,,,,20230926,1.0,H0023,202301011446H1446,,,,, ,20230926,1104.1,24.72,21.3592783848067,14.8,
,22,,619,,,,,,,,,,,,,,, ,,,,,,
,22,354.0,620,サンプル0353,,,,,,20230930,1.0,H0030,202301011447H1447,,,,, ,20230930,1008.1,25.85,22.1777352744035,14.6,
,22,355.0,621,サンプル0354,,,,,,20231001,1.0,H0031,202301011448H1448,,,,, ,20231001,1008.4,23.59,23.599161168414,14.2,
,22,,622,,,,,,,,,,,,,,, ,,,,,,
,22,356.0,623,サンプル0355,,,,,,20231010,1.0,H0044,202301011449H1449,,,,, ,20231010,1069.2,23.21,19.9721064660181,13.9,
,22,357.0,624,,,,,,,20230923,1.0,H0010,202301011450H1450,,,,, ,20230923,1095.3,21.88,23.4871230321762,14.6,
,22,,625,,,,,,,,,,,,,,, ,,,,,,
,22,358.0,626,,,,,,,20230924,1.0,H0012,202301011451H1451,,,,, ,20230924,1068.4,22.77,21.597632287616,12.6,
,22,,627,,,,,,,,,,,,,,, ,,,,,,
,22,,628,,,,,,,,,,,,,,, ,,,,,,
,22,359.0,629,,,,,,,20231003,1.0,H0018,202301011452H1452,,,,, ,20231003,1006.4,25.32,22.9324747533811,14.8,
,22,360.0,630,,,,,,,20231004,1.0,H0019,202301011453H1453,,,,, ,20231004,1096.4,23.41,22.9211062921421,14.8,
,22,361.0,631,,,,,,,20231011,1.0,H0021,202301011454H1454,,,,, ,20231011,1039.7,23.01,22.0943474170716,14.0,
,22,362.0,632,,,,,,,20231013,1.0,H0024,202301011455H1455,,,,, ,20231013,1003.4,23.2,21.4954260757922,15.4,
,22,363.0,633,,,,,,,20231017,1.0,H0026,202301011456H1456,,,,, ,20231017,1030.6,23.36,23.346173122805,14.1,
,22,364.0,634,,,,,,,20231017,1.0,H0027,202301011457H1457,,,,, ,20231017,1050.3,23.05,23.6723876869719,14.7,
,22,365.0,635,,,,,,,20231019,1.0,H0028,202301011458H1458,,,,, ,20231019,1016.2,24.38,22.9104635152852,14.9,
,22,366.0,636,,,,,,,20231021,1.0,H0030,202301011459H1459,,,,, ,20231021,1109.3,24.51,20.5878304137574,14.2,
,22,367.0,637,,,,,,,20231022,1.0,H0031,202301011460H1460,,,,, ,20231022,1087.6,24.64,20.9569990587979,15.1,
,22,368.0,638,,,,,,,20231022,1.0,H0032,202301011461H1461,,,,, ,20231022,1028.7,24.23,21.9948044336635,14.1,
,22,369.0,639,,,,,,,20231023,1.0,H0033,202301011462H1462,,,,, ,20231023,994.9,24.42,22.364847391759,14.3,
,22,370.0,640,,,,,,,20231023,1.0,H0034,202301011463H1463,,,,, ,20231023,1091.2,21.75,20.8783152099036,14.4,
,22,,641,,,,,,,,,,,,,,, ,,,,,,
,22,,642,,,,,,,,,,,,,,, ,,,,,,
,22,371.0,643,,,,,,,20231030,1.0,H0038,202301011464H1464,,,,, ,20231030,995.4,23.05,22.6382111893804,13.8,
,22,372.0,644,,,,,,,20231030,1.0,H0039,202301011465H1465,,,,, ,20231030,957.6,24.76,24.547042467389,13.3,
,22,,645,,,,,,,,,,,,,,, ,,,,,,
,22,373.0,646,,,,,,,20231030,1.0,H0041,202301011466H1466,,,,, ,20231030,1045.1,22.74,20.8632878113881,12.8,
,22,374.0,647,,,,,,,20231031,1.0,H0042,202301011467H1467,,,,, ,20231031,985.0,23.43,24.0462389732221,14.4,
,22,,648,,,,,,,,,,,,,,, ,,,,,,
,22,,649,,,,,,,,,,,,,,, ,,,,,,
,22,375.0,650,サンプル0356,,,,サンプル1566,,20231010,1.0,H0010,202301011468H1468,,,,, ,20231010,1084.1,22.19,22.3194183499869,13.7,
,22,376.0,651,サンプル0357,,,,サンプル1567,,20231010,1.0,H0009,202301011469H1469,,,,, ,20231010,1030.0,22.29,23.0570482706532,14.1,
,22,377.0,652,サンプル0358,,,,サンプル1568,,20231014,1.0,H0011,202301011470H1470,,,,, ,20231014,1033.3,24.04,23.8854282194731,14.2,
,22,378.0,653,サンプル0359,,,,サンプル1569,,20231014,1.0,H0011,202301011471H1471,,,,, ,20231014,1118.2,23.23,22.4900117385368,14.3,
,23,379.0,654,,,,,,,20230916,1.0,H0002,202301011472H1472,,,,, ,20230916,988.2,25.22,22.9216898271612,14.6,
,23,380.0,655,,,,,,,20230917,1.0,H0003,202301011473H1473,,,,, ,20230917,996.2,24.35,20.9020673087317,14.8,
,23,381.0,656,,,,,,,20230923,1.0,H0004,202301011474H1474,,,,, ,20230923,1072.5,22.01,21.6887733629996,13.2,
,23,382.0,657,,,,,,,20230924,1.0,H0005,202301011475H1475,,,,, ,20230924,993.3,23.38,23.5142538349124,15.2,
,23,383.0,658,,,,,,,20230925,1.0,H0006,202301011476H1476,,,,, ,20230925,1119.9,22.81,22.296670246344,14.1,
,23,,659,,,,,,,,,,,,,,, ,,,,,,
,23,384.0,660,,,,,,,20230927,1.0,H0008,202301011477H1477,,,,, ,20230927,1041.7,22.96,22.0078095647344,15.1,
,23,385.0,661,,,,,,,20230928,1.0,H0009,202301011478H1478,,,,, ,20230928,999.5,24.04,21.4334380328032,13.9,
,23,386.0,662,,,,,,,20230928,1.0,H0010,202301011479H1479,,,,, ,20230928,1046.7,21.96,21.6993125762651,13.7,
,23,387.0,663,,,,,,,20231003,1.0,H0011,202301011480H1480,,,,, ,20231003,1148.9,20.93,24.1870714700397,13.0,
,23,388.0,664,,,,,,,20231003,1.0,H0012,202301011481H1481,,,,, ,20231003,1111.6,21.65,24.2488208804698,15.2,
,23,389.0,665,,,,,,,20231008,1.0,H0013,202301011482H1482,,,,, ,20231008,1026.7,24.05,24.0949371419842,13.1,
,23,390.0,666,,,,,,,20231010,1.0,H0014,202301011483H1483,,,,, ,20231010,1070.1,24.4,21.4035091359565,13.4,
,23,391.0,667,,,,,,,20231010,1.0,H0015,202301011484H1484,,,,, ,20231010,969.3,23.71,21.8022332990234,12.8,
,23,392.0,668,,,,,,,20231014,1.0,H0016,202301011485H1485,,,,, ,20231014,1077.9,23.97,24.4082541749585,14.0,
,23,393.0,669,,,,,,,20231015,1.0,H0017,202301011486H1486,,,,, ,20231015,1116.4,23.26,22.3480358810367,13.0,
,23,394.0,670,,,,,,,20231016,1.0,H0018,202301011487H1487,,,,, ,20231016,1006.1,23.29,22.3599386363635,15.2,
,23,395.0,671,,,,,,,20231017,1.0,H0019,202301011488H1488,,,,, ,20231017,1069.1,22.73,22.4702288654459,13.8,
,23,396.0,672,,,,,,,20231018,1.0,H0020,202301011489H1489,,,,, ,20231018,1147.0,24.72,21.9994593934213,13.5,
,23,397.0,673,,,,,,,20231021,1.0,H0021,202301011490H1490,,,,, ,20231021,1116.6,23.0,20.4193603596893,14.6,
,23,398.0,674,,,,,,,20231024,1.0,H0022,202301011491H1491,,,,, ,20231024,1032.3,23.67,22.7616846539749,13.6,
,23,399.0,675,,,,,,,20231025,1.0,H0023,202301011492H1492,,,,, ,20231025,1050.7,22.4,22.4982793371791,14.2,
,23,400.0,676,,,,,,,20230829,1.0,H0003,202301011493H1493,,,,, ,20230829,984.5,22.77,21.4113877311087,15.0,
,23,401.0,677,,,,,,,20230829,1.0,H0004,202301011494H1494,,,,, ,20230829,1064.2,23.35,22.2085059746225,13.8,
,23,402.0,678,,,,,,,20230829,1.0,H0005,202301011495H1495,,,,, ,20230829,1049.9,22.59,23.4100086351675,14.1,
,23,403.0,679,,,,,,,20230829,1.0,H0006,202301011496H1496,,,,, ,20230829,1014.6,22.82,22.0870484550212,13.8,
,23,404.0,680,,,,,,,20230829,1.0,H0007,202301011497H1497,,,,, ,20230829,1063.0,21.32,22.2091831764653,14.1,
,23,405.0,681,,,,,,,20230829,1.0,H0008,202301011498H1498,,,,, ,20230829,981.0,23.66,20.8540988941262,16.5,
,23,406.0,682,,,,,,,20230830,1.0,H0009,202301011499H1499,,,,, ,20230830,1072.6,23.77,20.1437036192733,12.8,
,23,407.0,683,,,,,,,20230830,1.0,H0010,202301011500H1500,,,,, ,20230830,1100.9,23.02,22.5539834602832,15.0,
,23,408.0,684,,,,,,,20230830,1.0,H0011,202301011501H1501,,,,, ,20230830,1089.2,22.28,22.8875214635818,14.4,
,23,409.0,685,,,,,,,20230830,1.0,H0012,202301011502H1502,,,,, ,20230830,1031.9,24.07,20.969018740624,13.8,
,23,410.0,686,,,,,,,20230830,1.0,H0013,202301011503H1503,,,,, ,20230830,1063.5,23.31,21.75714017439,15.0,
,23,411.0,687,,,,,,,20230901,1.0,H0015,202301011504H1504,,,,, ,20230901,1151.9,24.12,20.1163723821095,15.2,
,23,412.0,688,,,,,,,20230902,1.0,H0016,202301011505H1505,,,,, ,20230902,972.9,22.62,21.8340797550394,13.7,
,23,413.0,689,,,,,,,20230902,1.0,H0017,202301011506H1506,,,,, ,20230902,1062.4,22.45,21.7685211234116,14.3,
,23,414.0,690,,,,,,,20230903,1.0,H0018,202301011507H1507,,,,, ,20230903,996.4,24.34,21.9220460497685,13.9,
,23,415.0,691,,,,,,,20230903,1.0,H0019,202301011508H1508,,,,, ,20230903,1027.8,21.5,24.9727389797541,14.6,
,24,72.0,692,,,,,,,20230911,1.0,H0021,202301011509H1509,,,,, ,20230911,1037.4,23.63,22.7146773093895,14.5,
,24,73.0,693,,,,,,,20230911,1.0,H0022,202301011510H1510,,,,, ,20230911,1110.3,22.4,23.0024512252226,14.3,
,24,74.0,694,,,,,,,20230911,1.0,H0023,202301011511H1511,,,,, ,20230911,1008.1,25.96,22.9569099065217,14.6,
,24,75.0,695,,,,,,,20230911,1.0,H0024,202301011512H1512,,,,, ,20230911,1043.9,25.19,22.4721332190712,14.7,
,24,76.0,696,,,,,,,20230911,1.0,H0025,202301011513H1513,,,,, ,20230911,1023.9,23.32,23.0295087872355,15.4,
,24,77.0,697,,,,,,,20230911,1.0,H0026,202301011514H1514,,,,, ,20230911,1045.7,24.55,21.3744830588805,13.7,
,24,78.0,698,,,,,,,20230912,1.0,H0027,202301011515H1515,,,,, ,20230912,1060.8,23.18,24.1963078695796,14.3,
,24,79.0,699,,,,,,,20230913,1.0,H0028,202301011516H1516,,,,, ,20230913,1102.9,23.17,21.0247661268209,16.1,
,24,80.0,700,,,,,,,20230913,1.0,H0029,202301011517H1517,,,,, ,20230913,1060.7,22.56,21.5531601247485,13.9,
,24,81.0,701,,,,,,,20230913,1.0,H0030,202301011518H1518,,,,, ,20230913,1066.6,22.2,21.2364245231294,15.2,
,24,82.0,702,,,,,,,20230913,1.0,H0031,202301011519H1519,,,,, ,20230913,1057.2,21.12,22.0067422186957,13.6,
,24,83.0,703,,,,,,,20230913,1.0,H0032,202301011520H1520,,,,, ,20230913,1080.5,22.07,22.353849478627,14.8,
,24,84.0,704,,,,,,,20230914,1.0,H0033,202301011521H1521,,,,, ,20230914,1066.5,22.69,21.6676003622292,14.2,
,24,85.0,705,,,,,,,20230914,1.0,H0034,202301011522H1522,,,,, ,20230914,1063.9,24.7,22.9444352857901,14.6,
,24,86.0,706,,,,,,,20230914,1.0,H0035,202301011523H1523,,,,, ,20230914,1067.3,23.47,20.6552051887256,14.1,
,24,87.0,707,,,,,,,20230915,1.0,H0036,202301011524H1524,,,,, ,20230915,1126.6,22.68,21.2809972703353,15.2,
,24,,708,,,,,,,,,,,,,,, ,,,,,,
,24,88.0,709,,,,,,,20230916,1.0,H0038,202301011525H1525,,,,, ,20230916,955.2,22.56,22.1403477147135,14.2,
,24,89.0,710,,,,,,,20230916,1.0,H0039,202301011526H1526,,,,, ,20230916,1021.0,25.62,20.4890416132111,14.7,
,24,90.0,711,,,,,,,20230916,1.0,H0040,202301011527H1527,,,,, ,20230916,961.3,22.18,22.0519889410596,13.8,
,24,91.0,712,,,,,,,20230918,1.0,H0041,202301011528H1528,,,,, ,20230918,1107.8,24.53,22.9508380661671,12.7,
,24,92.0,713,,,,,,,20230918,1.0,H0042,202301011529H1529,,,,, ,20230918,1105.1,21.72,23.5832158021667,13.3,
,24,93.0,714,,,,,,,20230918,1.0,H0043,202301011530H1530,,,,, ,20230918,997.2,22.14,22.2934530267544,13.8,
,24,94.0,715,,,,,,,20230918,1.0,H0044,202301011531H1531,,,,, ,20230918,1051.9,21.83,21.0123026978403,15.5,
,24,95.0,716,,,,,,,20230921,1.0,H0045,202301011532H1532,,,,, ,20230921,1033.0,22.3,23.4046677521078,15.9,
,24,,717,,,,,,,,,,,,,,, ,,,,,,
,24,96.0,718,,,,,,,20230921,1.0,H0047,202301011533H1533,,,,, ,20230921,1129.4,23.54,21.7447452919333,14.4,
,24,,719,,,,,,,.,,,.,,,,, ,.,,,,,
,24,97.0,720,,,,,,,20230925,1.0,H0049,202301011534H1534,,,,, ,20230925,1009.7,22.12,22.0525525353148,14.5,
,24,98.0,721,,,,,,,20230925,1.0,H0050,202301011535H1535,,,,, ,20230925,1060.6,23.19,22.1575722486754,13.4,
,24,,722,,,,,,,,,,,,,,, ,,,,,,
,24,99.0,723,,,,,,,20230925,1.0,H0052,202301011536H1536,,,,, ,20230925,1063.4,23.79,21.3445843070198,13.8,
,24,,724,,,,,,,,,,,,,,, ,,,,,,
,24,100.0,725,,,,,,,20231007,1.0,H0056,202301011537H1537,,,,, ,20231007,1074.3,22.01,22.3238376129457,13.9,
,24,,726,,,,,,,,,,,,,,, ,,,,,,
,24,101.0,727,,,,,,,20231009,1.0,H0058,202301011538H1538,,,,, ,20231009,992.0,23.03,21.5443527756239,14.8,
,24,,728,,,,,,,,,,,,,,, ,,,,,,
,24,102.0,729,,,,,,,20231010,1.0,H0060,202301011539H1539,,,,, ,20231010,959.3,24.65,23.3604833125447,15.4,
,24,103.0,730,,,,,,,20231011,1.0,H0061,202301011540H1540,,,,, ,20231011,1081.4,22.69,22.9746444477865,14.9,
,24,104.0,731,,,,,,,20231011,1.0,H0062,202301011541H1541,,,,, ,20231011,1059.8,23.14,21.1564047513395,15.2,
,24,105.0,732,,,,,,,20231011,1.0,H0063,202301011542H1542,,,,, ,20231011,1069.2,25.03,22.5472935592594,14.0,
,24,106.0,733,,,,,,,20231011,1.0,H0064,202301011543H1543,,,,, ,20231011,1058.1,24.16,22.8141227542608,15.3,
,24,107.0,734,,,,,,,20231012,1.0,H0065,202301011544H1544,,,,, ,20231012,1044.7,22.59,22.621089194942,15.3,
,24,,735,,,,,,,,,,,,,,, ,,,,,,
,24,,736,,,,,,,,,,,,,,, ,,,,,,
,24,108.0,737,,,,,,,20231012,1.0,H0068,202301011545H1545,,,,, ,20231012,1096.5,21.46,22.407618546715,15.4,
,24,,738,,,,,,,,,,,,,,, ,,,,,,
,24,,739,,,,,,,,,,,,,,, ,,,,,,
,24,109.0,740,サンプル0360,サンプル0742,サンプル1030,,サンプル1570,,,,,,,,,, ,2023-09-27 00:00:00,1052.0,21.9,21.0478186799208,15.1,
,24,110.0,741,サンプル0361,,サンプル1031,,サンプル1571,,,,,,,,,, ,2023-10-13 00:00:00,1106.7,24.12,20.1338503227839,15.2,
,24,111.0,742,サンプル0362,,サンプル1032,,サンプル1572,,,,,,,,,, ,2023-10-14 00:00:00,1040.4,21.56,24.3213368930004,13.7,
,24,112.0,743,サンプル0363,,サンプル1033,,サンプル1573,,,,,,,,,, ,2023-10-15 00:00:00,1051.3,22.65,20.6886973809331,14.6,
,24,113.0,744,サンプル0364,,サンプル1034,,サンプル1574,,,,,,,,,, ,2023-10-14 00:00:00,1042.0,23.83,22.4716232533952,14.4,
,24,114.0,745,サンプル0365,,サンプル1035,,サンプル1575,,,,,,,,,, ,2023-10-16 00:00:00,978.9,25.58,23.2150620970148,15.1,
,24,115.0,746,サンプル0366,,サンプル1036,,サンプル1576,,,,,,,,,, ,2023-10-18 00:00:00,1032.0,23.77,21.9737399718632,13.8,
,24,116.0,747,サンプル0367,,サンプル1037,,サンプル1577,,,,,,,,,, ,2023-10-17 00:00:00,1036.8,22.64,23.4321916652177,15.3,
,24,,748,,,,,,,,,,,,,,, ,,,,,,
,24,117.0,749,サンプル0368,,サンプル1038,,サンプル1578,,,,,,,,,, ,2023-10-17 00:00:00,1082.0,23.16,22.6353547340839,14.1,
,24,,750,,,,,,,,,,,,,,, ,,,,,,
,24,118.0,751,サンプル0369,,サンプル1039,,サンプル1579,,,,,,,,,, ,2023-10-07 00:00:00,994.8,23.77,21.7735981389976,13.5,
,24,,752,,,,,,,,,,,,,,, ,,,,,,
,24,,753,,,,,,,,,,,,,,, ,,,,,,
,24,,754,,,,,,,,,,,,,,, ,,,,,,
,25,632.0,755,サンプル0370,サンプル0743,サンプル1040,,サンプル1580,,,,,,,,,, ,2023-09-16 00:00:00,966.5,22.43,21.6842453323497,15.7,
,25,633.0,756,サンプル0371,サンプル0744,サンプル1041,,サンプル1581,,,,,,,,,, ,2023-09-16 00:00:00,1100.2,24.59,21.9743130691821,14.9,
,25,634.0,757,サンプル0372,サンプル0745,サンプル1042,,サンプル1582,,,,,,,,,, ,2023-09-16 00:00:00,979.7,23.35,21.0372153810764,14.6,
,25,635.0,758,サンプル0373,サンプル0746,サンプル1043,,サンプル1583,,,,,,,,,, ,2023-09-17 00:00:00,1033.9,24.4,23.0559610779122,14.5,
,25,636.0,759,サンプル0374,サンプル0747,サンプル1044,,サンプル1584,,,,,,,,,, ,2023-09-17 00:00:00,1043.0,23.43,22.1934924066369,14.2,
,25,637.0,760,,,サンプル1045,,サンプル1585,,,,,,,,,, ,2023-09-04 00:00:00,979.8,24.06,22.40280537694,13.4,
,25,638.0,761,サンプル0375,サンプル0748,サンプル1046,,サンプル1586,,,,,,,,,, ,2023-09-17 00:00:00,982.1,21.66,23.1290314300221,14.8,
,25,639.0,762,サンプル0376,サンプル0749,サンプル1047,,サンプル1587,,,,,,,,,, ,2023-09-17 00:00:00,1033.4,23.7,20.9864424323517,13.5,
,25,640.0,763,サンプル0377,サンプル0750,サンプル1048,,サンプル1588,,,,,,,,,, ,2023-09-17 00:00:00,1058.9,23.46,23.9124094767495,15.9,
,25,641.0,764,サンプル0378,サンプル0751,サンプル1049,,サンプル1589,,,,,,,,,, ,2023-09-18 00:00:00,996.8,23.72,20.4422238556131,13.2,
,25,642.0,765,サンプル0379,サンプル0752,サンプル1050,,サンプル1590,,,,,,,,,, ,2023-09-18 00:00:00,1167.1,23.38,22.0342280075773,14.1,
,25,643.0,766,サンプル0380,サンプル0753,サンプル1051,,サンプル1591,,,,,,,,,, ,2023-09-18 00:00:00,1004.3,24.22,21.5511701676899,14.4,
,25,644.0,767,サンプル0381,サンプル0754,サンプル1052,,サンプル1592,,,,,,,,,, ,2023-09-18 00:00:00,1071.3,22.77,22.3522357902561,13.9,
,25,645.0,768,サンプル0382,サンプル0755,サンプル1053,,サンプル1593,,,,,,,,,, ,2023-09-18 00:00:00,1079.6,22.4,23.0810869039354,14.4,
,25,646.0,769,サンプル0383,サンプル0756,サンプル1054,,サンプル1594,,,,,,,,,, ,2023-09-19 00:00:00,1139.7,24.32,21.657735463394,14.8,
,25,647.0,770,サンプル0384,サンプル0757,サンプル1055,,サンプル1595,,,,,,,,,, ,2023-09-19 00:00:00,1001.7,24.74,22.0136705207328,15.4,
,25,648.0,771,サンプル0385,サンプル0758,サンプル1056,,サンプル1596,,,,,,,,,, ,2023-09-19 00:00:00,1010.0,23.09,23.3440092433611,14.5,
,25,649.0,772,サンプル0386,サンプル0759,サンプル1057,,サンプル1597,,,,,,,,,, ,2023-09-19 00:00:00,966.1,22.61,22.3081810987356,14.3,
,25,650.0,773,サンプル0387,サンプル0760,サンプル1058,,サンプル1598,,,,,,,,,, ,2023-09-20 00:00:00,997.1,24.65,25.2972284891061,14.6,
,25,651.0,774,サンプル0388,サンプル0761,サンプル1059,,サンプル1599,,,,,,,,,, ,2023-09-20 00:00:00,930.0,24.02,21.4526362459104,14.4,
,25,652.0,775,サンプル0389,サンプル0762,サンプル1060,,サンプル1600,,,,,,,,,, ,2023-09-20 00:00:00,1039.9,22.19,22.1538178374467,13.8,
,25,,776,,,,,,,,,,,,,,, ,,,,,,
,25,653.0,777,サンプル0390,サンプル0763,サンプル1061,,サンプル1601,,,,,,,,,, ,2023-09-22 00:00:00,1102.1,23.26,22.8335261207037,15.2,
,25,654.0,778,サンプル0391,サンプル0764,サンプル1062,,サンプル1602,,,,,,,,,, ,2023-09-21 00:00:00,1061.8,22.23,22.5808012395303,14.4,
,25,655.0,779,サンプル0392,,サンプル1063,,サンプル1603,,,,,,,,,, ,2023-09-21 00:00:00,1029.1,22.12,22.5566173973221,14.4,
,25,656.0,780,サンプル0393,サンプル0765,サンプル1064,,サンプル1604,,,,,,,,,, ,2023-09-21 00:00:00,1091.5,22.25,20.2214866780082,14.3,
,25,657.0,781,サンプル0394,サンプル0766,サンプル1065,,サンプル1605,,,,,,,,,, ,2023-09-21 00:00:00,1077.5,23.48,22.4156108913472,14.8,
,25,,782,,,,,,,,,,,,,,, ,,,,,,
,25,658.0,783,サンプル0395,サンプル0767,サンプル1066,,サンプル1606,,,,,,,,,, ,2023-09-22 00:00:00,1056.6,23.95,22.3496325000154,14.7,
,25,659.0,784,サンプル0396,サンプル0768,サンプル1067,,サンプル1607,,,,,,,,,, ,2023-09-22 00:00:00,940.1,23.82,21.1986291771851,14.1,
,25,,785,,,,,,,,,,,,,,, ,,,,,,
,25,660.0,786,サンプル0397,サンプル0769,サンプル1068,,サンプル1608,,,,,,,,,, ,2023-09-24 00:00:00,1053.3,24.75,23.7957327527795,13.9,
,25,661.0,787,サンプル0398,サンプル0770,サンプル1069,,サンプル1609,,,,,,,,,, ,2023-09-24 00:00:00,1078.8,24.11,22.3725032860568,14.3,
,25,662.0,788,サンプル0399,サンプル0771,サンプル1070,,サンプル1610,,,,,,,,,, ,2023-09-24 00:00:00,1036.0,24.99,20.9880941454071,13.7,
,25,663.0,789,サンプル0400,サンプル0772,サンプル1071,,サンプル1611,,,,,,,,,, ,2023-09-24 00:00:00,1013.7,22.04,22.6694615403787,14.8,
,25,664.0,790,サンプル0401,サンプル0773,サンプル1072,,サンプル1612,,,,,,,,,, ,2023-09-24 00:00:00,1000.1,22.41,21.9399006585566,13.7,
,26,665.0,791,サンプル0402,サンプル0774,サンプル1073,,サンプル1613,,,,,,,,,, ,2023-09-25 00:00:00,1020.0,22.57,22.3255172596916,12.8,
,26,666.0,792,サンプル0403,サンプル0775,サンプル1074,,サンプル1614,,,,,,,,,, ,2023-09-25 00:00:00,1072.1,23.77,21.264891046352,14.9,
,26,667.0,793,サンプル0404,サンプル0776,サンプル1075,,サンプル1615,,,,,,,,,, ,2023-09-25 00:00:00,1112.5,22.93,21.3961106003561,14.2,
,26,668.0,794,サンプル0405,サンプル0777,サンプル1076,,サンプル1616,,,,,,,,,, ,2023-09-25 00:00:00,1133.8,22.56,19.7222618720451,14.3,
,26,669.0,795,サンプル0406,サンプル0778,サンプル1077,,サンプル1617,,,,,,,,,, ,2023-09-25 00:00:00,1072.9,23.36,20.887630519412,13.1,
,26,670.0,796,サンプル0407,サンプル0779,サンプル1078,,サンプル1618,,,,,,,,,, ,2023-09-26 00:00:00,1087.1,23.04,22.6767721523292,14.1,
,26,671.0,797,サンプル0408,サンプル0780,サンプル1079,,サンプル1619,,,,,,,,,, ,2023-09-26 00:00:00,1028.9,24.72,23.9494517280079,14.2,
,26,672.0,798,サンプル0409,サンプル0781,サンプル1080,,サンプル1620,,,,,,,,,, ,2023-09-26 00:00:00,1060.4,22.62,22.0954220210362,14.4,
,26,673.0,799,サンプル0410,サンプル0782,サンプル1081,,サンプル1621,,,,,,,,,, ,2023-09-26 00:00:00,1147.4,23.98,22.1971274307098,15.0,
,26,674.0,800,サンプル0411,サンプル0783,サンプル1082,,サンプル1622,,,,,,,,,, ,2023-09-26 00:00:00,1112.1,23.22,23.1298519197097,13.9,
,26,675.0,801,サンプル0412,サンプル0784,サンプル1083,,サンプル1623,,,,,,,,,, ,2023-09-27 00:00:00,1033.4,23.36,21.7188777618387,14.2,
,26,676.0,802,サンプル0413,サンプル0785,サンプル1084,,サンプル1624,,,,,,,,,, ,2023-09-27 00:00:00,1024.5,23.72,22.8423682352897,15.5,
,26,677.0,803,サンプル0414,サンプル0786,サンプル1085,,サンプル1625,,,,,,,,,, ,2023-09-27 00:00:00,1019.1,25.02,22.04513142448,14.2,
,26,678.0,804,サンプル0415,サンプル0787,サンプル1086,,サンプル1626,,,,,,,,,, ,2023-09-04 00:00:00,1006.9,24.03,22.9382374721758,15.4,
,26,679.0,805,サンプル0416,サンプル0788,サンプル1087,,サンプル1627,,,,,,,,,, ,2023-09-05 00:00:00,1131.8,23.61,21.2522123981689,13.1,
,26,680.0,806,サンプル0417,サンプル0789,サンプル1088,,サンプル1628,,,,,,,,,, ,2023-09-05 00:00:00,1107.5,23.01,22.000677428477,14.2,
,26,681.0,807,サンプル0418,サンプル0790,サンプル1089,,サンプル1629,,,,,,,,,, ,2023-09-05 00:00:00,1020.8,22.12,22.4818831401892,15.2,
,26,682.0,808,サンプル0419,サンプル0791,サンプル1090,,サンプル1630,,,,,,,,,, ,2023-09-05 00:00:00,1031.5,23.65,20.3059987566634,14.8,
,26,683.0,809,サンプル0420,サンプル0792,サンプル1091,,サンプル1631,,,,,,,,,, ,2023-09-05 00:00:00,1045.4,21.66,25.4617171833085,15.4,
,26,684.0,810,サンプル0421,サンプル0793,サンプル1092,,サンプル1632,,,,,,,,,, ,2023-09-06 00:00:00,1043.2,22.78,21.755484821126,14.1,
,26,685.0,811,サンプル0422,サンプル0794,サンプル1093,,サンプル1633,,,,,,,,,, ,2023-09-08 00:00:00,1074.1,22.13,21.9820274668298,14.4,
,26,686.0,812,サンプル0423,サンプル0795,サンプル1094,,サンプル1634,,,,,,,,,, ,2023-09-08 00:00:00,985.2,23.49,21.69504864276,12.7,
,26,687.0,813,サンプル0424,サンプル0796,サンプル1095,,サンプル1635,,,,,,,,,, ,2023-09-08 00:00:00,1045.5,23.5,22.7487622214722,13.3,
,26,688.0,814,サンプル0425,サンプル0797,サンプル1096,,サンプル1636,,,,,,,,,, ,2023-09-08 00:00:00,1048.3,23.98,22.8870825648638,14.7,
,26,689.0,815,サンプル0426,サンプル0798,サンプル1097,,サンプル1637,,,,,,,,,, ,2023-09-10 00:00:00,1128.1,24.02,21.833240681787,13.9,
,26,690.0,816,サンプル0427,サンプル0799,サンプル1098,,サンプル1638,,,,,,,,,, ,2023-09-10 00:00:00,1102.0,22.0,22.1158593805312,14.9,
,26,691.0,817,サンプル0428,サンプル0800,サンプル1099,,サンプル1639,,,,,,,,,, ,2023-09-10 00:00:00,1021.3,21.91,21.3044108236843,14.1,
,26,692.0,818,サンプル0429,サンプル0801,サンプル1100,,サンプル1640,,,,,,,,,, ,2023-09-10 00:00:00,1056.4,24.38,23.5984506731351,14.7,
,26,693.0,819,サンプル0430,サンプル0802,サンプル1101,,サンプル1641,,,,,,,,,, ,2023-09-10 00:00:00,1048.4,21.48,21.6598921761633,13.7,
,26,694.0,820,サンプル0431,サンプル0803,サンプル1102,,サンプル1642,,,,,,,,,, ,2023-09-11 00:00:00,1032.2,23.08,22.6288811534053,13.6,
,26,695.0,821,サンプル0432,サンプル0804,サンプル1103,,サンプル1643,,,,,,,,,, ,2023-09-11 00:00:00,1079.5,22.61,20.4799931090869,15.1,
,26,696.0,822,サンプル0433,サンプル0805,サンプル1104,,サンプル1644,,,,,,,,,, ,2023-09-11 00:00:00,1055.5,24.41,21.4337622850034,14.7,
,27,697.0,823,サンプル0434,サンプル0806,サンプル1105,,サンプル1645,,,,,,,,,, ,2023-09-11 00:00:00,930.0,22.95,23.3728049621989,14.3,
,27,698.0,824,サンプル0435,サンプル0807,サンプル1106,,サンプル1646,,,,,,,,,, ,2023-09-12 00:00:00,1143.7,24.4,21.2517561011552,14.9,
,27,699.0,825,サンプル0436,サンプル0808,サンプル1107,,サンプル1647,,,,,,,,,, ,2023-09-12 00:00:00,1048.2,23.9,21.1304300256439,15.0,
,27,700.0,826,サンプル0437,サンプル0809,サンプル1108,,サンプル1648,,,,,,,,,, ,2023-09-13 00:00:00,1029.1,23.03,21.6324022901921,15.1,
,27,701.0,827,サンプル0438,サンプル0810,サンプル1109,,サンプル1649,,,,,,,,,, ,2023-09-13 00:00:00,1046.7,22.91,24.6569453273323,14.1,
,27,702.0,828,サンプル0439,サンプル0811,サンプル1110,,サンプル1650,,,,,,,,,, ,2023-09-13 00:00:00,1087.1,22.81,23.6614446624523,13.8,
,27,703.0,829,サンプル0440,サンプル0812,サンプル1111,,サンプル1651,,,,,,,,,, ,2023-09-13 00:00:00,1013.7,23.39,23.5992532420749,14.4,
,27,705.0,830,サンプル0441,サンプル0813,サンプル1112,,サンプル1652,,,,,,,,,, ,2023-09-13 00:00:00,1045.2,23.68,22.0505811335821,14.6,
,27,704.0,831,サンプル0442,サンプル0814,サンプル1113,,サンプル1653,,,,,,,,,, ,2023-09-13 00:00:00,1104.6,23.33,21.6046835289525,13.4,
,27,706.0,832,サンプル0443,サンプル0815,サンプル1114,,サンプル1654,,,,,,,,,, ,2023-09-14 00:00:00,1076.6,22.67,21.6097250241213,12.8,
,27,707.0,833,サンプル0444,,サンプル1115,,サンプル1655,,,,,,,,,, ,2023-09-14 00:00:00,1101.5,24.22,23.587541766502,14.6,
,27,708.0,834,サンプル0445,サンプル0816,サンプル1116,,サンプル1656,,,,,,,,,, ,2023-09-16 00:00:00,1066.7,23.77,20.3245312455364,15.2,
,27,709.0,835,サンプル0446,サンプル0817,サンプル1117,,サンプル1657,,,,,,,,,, ,2023-09-21 00:00:00,1080.7,24.81,22.62593368657,14.4,
,27,710.0,836,サンプル0447,サンプル0818,サンプル1118,,サンプル1658,,,,,,,,,, ,2023-09-21 00:00:00,977.6,24.12,23.3891139225644,14.2,
,27,711.0,837,サンプル0448,サンプル0819,サンプル1119,,サンプル1659,,,,,,,,,, ,2023-09-28 00:00:00,1095.6,21.54,19.6408115615775,14.5,
,27,712.0,838,サンプル0449,サンプル0820,サンプル1120,,サンプル1660,,,,,,,,,, ,2023-09-28 00:00:00,1056.9,22.6,22.2796417551499,14.5,
,27,713.0,839,サンプル0450,サンプル0821,サンプル1121,,サンプル1661,,,,,,,,,, ,2023-09-28 00:00:00,1009.8,23.8,22.7569304526025,13.6,
,27,714.0,840,サンプル0451,,サンプル1122,,サンプル1662,,,,,,,,,, ,2023-09-28 00:00:00,1174.6,24.19,23.9670304849107,14.5,
,27,715.0,841,サンプル0452,サンプル0822,サンプル1123,,サンプル1663,,,,,,,,,, ,2023-09-29 00:00:00,1040.2,24.22,22.4290131704484,15.2,
,27,716.0,842,サンプル0453,サンプル0823,サンプル1124,,サンプル1664,,,,,,,,,, ,2023-09-29 00:00:00,1019.1,24.24,21.9434105852733,14.6,
,27,717.0,843,サンプル0454,サンプル0824,サンプル1125,,サンプル1665,,,,,,,,,, ,2023-09-29 00:00:00,1102.2,22.97,21.2649831712549,14.2,
,27,718.0,844,サンプル0455,サンプル0825,サンプル1126,,サンプル1666,,,,,,,,,, ,2023-09-29 00:00:00,1027.8,23.16,21.7024748658769,14.9,
,27,719.0,845,サンプル0456,,サンプル1127,,サンプル1667,,,,,,,,,, ,2023-09-30 00:00:00,1117.4,24.79,21.6483073878662,14.8,
,27,720.0,846,サンプル0457,,サンプル1128,,サンプル1668,,,,,,,,,, ,2023-09-30 00:00:00,1053.7,24.13,21.6660294260019,13.6,
,27,721.0,847,サンプル0458,サンプル0826,サンプル1129,,サンプル1669,,,,,,,,,, ,2023-10-01 00:00:00,1103.3,22.46,21.1725776164256,15.3,
,27,722.0,848,サンプル0459,,サンプル1130,,サンプル1670,,,,,,,,,, ,2023-10-01 00:00:00,970.7,22.79,21.2385153377355,14.9,
,27,723.0,849,サンプル0460,,サンプル1131,,サンプル1671,,,,,,,,,, ,2023-10-02 00:00:00,1053.0,23.97,20.8772684363118,14.6,
,27,724.0,850,サンプル0461,,サンプル1132,,サンプル1672,,,,,,,,,, ,2023-10-02 00:00:00,1051.9,20.48,21.1898092411927,14.7,
,27,725.0,851,サンプル0462,サンプル0827,サンプル1133,,サンプル1673,,,,,,,,,, ,2023-10-02 00:00:00,1048.6,25.11,22.6976328028155,14.5,
,27,726.0,852,サンプル0463,,サンプル1134,,サンプル1674,,,,,,,,,, ,2023-10-03 00:00:00,1046.2,24.12,20.7759946769305,13.8,
,27,727.0,853,サンプル0464,サンプル0828,サンプル1135,,サンプル1675,,,,,,,,,, ,2023-10-04 00:00:00,1128.9,24.14,20.6072310628608,14.8,
,27,728.0,854,サンプル0465,サンプル0829,サンプル1136,,サンプル1676,,,,,,,,,, ,2023-10-05 00:00:00,1067.3,23.64,21.5002229420842,14.4,
,27,729.0,855,サンプル0466,サンプル0830,サンプル1137,,サンプル1677,,,,,,,,,, ,2023-10-04 00:00:00,1064.4,23.32,21.9798889161037,15.1,
,27,730.0,856,サンプル0467,サンプル0831,サンプル1138,,サンプル1678,,,,,,,,,, ,2023-10-05 00:00:00,1058.0,22.29,22.6021442891757,14.0,
,27,731.0,857,サンプル0468,サンプル0832,サンプル1139,,サンプル1679,,,,,,,,,, ,2023-10-04 00:00:00,1092.4,21.96,22.5427399209411,13.8,
,27,732.0,858,サンプル0469,サンプル0833,サンプル1140,,サンプル1680,,,,,,,,,, ,2023-10-06 00:00:00,1066.3,23.87,23.8444818082656,13.7,
,27,733.0,859,サンプル0470,サンプル0834,サンプル1141,,サンプル1681,,,,,,,,,, ,2023-10-17 00:00:00,1117.7,23.95,24.8732170054683,15.1,
,27,734.0,860,サンプル0471,,サンプル1142,,サンプル1682,,,,,,,,,, ,2023-10-17 00:00:00,1027.4,23.92,24.5083671788318,14.3,
,27,735.0,861,サンプル0472,,サンプル1143,,サンプル1683,,,,,,,,,, ,2023-10-17 00:00:00,1049.1,23.62,21.4834068544108,13.9,
,27,736.0,862,サンプル0473,サンプル0835,サンプル1144,,サンプル1684,,,,,,,,,, ,2023-10-18 00:00:00,969.4,25.04,21.2309460093579,13.4,
,27,737.0,863,サンプル0474,サンプル0836,サンプル1145,,サンプル1685,,,,,,,,,, ,2023-10-19 00:00:00,1005.4,23.36,21.1834567101809,16.1,
,27,738.0,864,サンプル0475,サンプル0837,サンプル1146,,サンプル1686,,,,,,,,,, ,2023-10-18 00:00:00,1049.4,23.08,22.1825529790693,14.4,
,27,,865,サンプル0476,サンプル0838,サンプル1147,,サンプル1687,,,,,,,,,, ,2023-10-23 00:00:00,,,,,
,27,739.0,866,サンプル0477,,サンプル1148,,サンプル1688,,,,,,,,,, ,2023-10-23 00:00:00,1097.9,21.65,22.5445350649179,14.0,
,27,,867,,,,,,,,,,,,,,, ,,,,,,
,27,740.0,868,サンプル0478,,サンプル1149,,サンプル1689,,,,,,,,,, ,2023-10-24 00:00:00,1102.4,21.48,22.1756180888088,14.1,
,27,741.0,869,サンプル0479,サンプル0839,サンプル1150,,サンプル1690,,,,,,,,,, ,2023-09-30 00:00:00,1012.1,23.43,22.4489871867557,13.6,
,27,742.0,870,サンプル0480,サンプル0840,サンプル1151,,サンプル1691,,,,,,,,,, ,2023-09-30 00:00:00,1025.5,21.52,22.557879794224,14.3,
,27,743.0,871,サンプル0481,サンプル0841,サンプル1152,,サンプル1692,,,,,,,,,, ,2023-10-02 00:00:00,1074.3,23.03,21.9768169996088,15.5,
,27,,872,,,,,,,,,,,,,,, ,,,,,,
,27,744.0,873,サンプル0482,,サンプル1153,,サンプル1693,,,,,,,,,, ,2023-10-03 00:00:00,1054.3,21.17,20.4501744603543,15.3,
,27,745.0,874,サンプル0483,サンプル0842,サンプル1154,,サンプル1694,,,,,,,,,, ,2023-10-04 00:00:00,1122.2,24.55,22.3265943460692,13.9,
,27,746.0,875,サンプル0484,サンプル0843,サンプル1155,,サンプル1695,,,,,,,,,, ,2023-10-05 00:00:00,1078.1,22.76,24.2961468985856,13.3,
,27,747.0,876,サンプル0485,サンプル0844,サンプル1156,,サンプル1696,,,,,,,,,, ,2023-10-05 00:00:00,1033.2,23.73,22.9466230653576,14.1,
,28,748.0,877,サンプル0486,,サンプル1157,,サンプル1697,,,,,,,,,, ,2023-10-06 00:00:00,1013.5,22.45,21.5361024427662,14.0,
,28,749.0,878,サンプル0487,サンプル0845,サンプル1158,,サンプル1698,,,,,,,,,, ,2023-10-07 00:00:00,1063.1,22.47,23.2629114192777,14.3,
,28,750.0,879,サンプル0488,,サンプル1159,,サンプル1699,,,,,,,,,, ,2023-10-07 00:00:00,1010.6,22.99,21.9582827213065,15.0,
,28,751.0,880,サンプル0489,サンプル0846,サンプル1160,,サンプル1700,,,,,,,,,, ,2023-10-07 00:00:00,977.2,22.62,20.4718041815799,13.9,
,28,,881,,,,,,,,,,,,,,, ,,,,,,
,28,752.0,882,サンプル0490,サンプル0847,サンプル1161,,サンプル1701,,,,,,,,,, ,2023-10-09 00:00:00,1058.0,23.58,22.8156952210517,13.6,
,28,753.0,883,サンプル0491,サンプル0848,サンプル1162,,サンプル1702,,,,,,,,,, ,2023-10-09 00:00:00,1031.1,23.83,22.3856406646512,14.8,
,28,754.0,884,サンプル0492,,サンプル1163,,サンプル1703,,,,,,,,,, ,2023-10-11 00:00:00,1141.5,22.75,21.6735102043472,14.6,
,28,755.0,885,サンプル0493,サンプル0849,サンプル1164,,サンプル1704,,,,,,,,,, ,2023-10-12 00:00:00,981.7,20.91,20.7839663952514,15.0,
,28,756.0,886,サンプル0494,,サンプル1165,,サンプル1705,,,,,,,,,, ,2023-10-12 00:00:00,1006.1,23.48,23.7159784687278,13.4,
,28,757.0,887,サンプル0495,サンプル0850,サンプル1166,,サンプル1706,,,,,,,,,, ,2023-10-13 00:00:00,980.5,23.68,21.418467961376,14.0,
,28,758.0,888,サンプル0496,,サンプル1167,,サンプル1707,,,,,,,,,, ,2023-10-13 00:00:00,1098.7,22.91,23.2772459393018,15.2,
,28,759.0,889,サンプル0497,サンプル0851,サンプル1168,,サンプル1708,,,,,,,,,, ,2023-10-14 00:00:00,1099.5,23.06,25.2234646079587,14.6,
,28,760.0,890,サンプル0498,サンプル0852,サンプル1169,,サンプル1709,,,,,,,,,, ,2023-10-15 00:00:00,1044.5,24.47,20.4129479968349,15.2,
,28,761.0,891,サンプル0499,サンプル0853,サンプル1170,,サンプル1710,,,,,,,,,, ,2023-10-16 00:00:00,994.0,24.09,20.7955027314278,15.0,
,28,762.0,892,サンプル0500,サンプル0854,サンプル1171,,サンプル1711,,,,,,,,,, ,2023-10-16 00:00:00,1068.1,22.79,23.2779823027374,14.8,
,28,763.0,893,サンプル0501,,サンプル1172,,サンプル1712,,,,,,,,,, ,2023-10-16 00:00:00,1068.5,23.36,22.6108623958754,13.9,
,28,764.0,894,サンプル0502,サンプル0855,サンプル1173,,サンプル1713,,,,,,,,,, ,2023-10-16 00:00:00,1108.2,22.9,23.395457405491,14.2,
,28,765.0,895,サンプル0503,,サンプル1174,,サンプル1714,,,,,,,,,, ,2023-10-16 00:00:00,1085.4,24.29,20.9878841192423,14.5,
,28,766.0,896,サンプル0504,,サンプル1175,,サンプル1715,,,,,,,,,, ,2023-11-05 00:00:00,1082.2,21.92,24.0430127657724,16.0,
,29,960.0,897,サンプル0505,,サンプル1176,,サンプル1716,,,,,,,,,, ,2023-09-02 00:00:00,1024.3,24.85,23.4821887750554,14.8,
,29,961.0,898,サンプル0506,,サンプル1177,,サンプル1717,,,,,,,,,, ,2023-09-20 00:00:00,986.1,22.65,20.871022491838,14.3,
,29,962.0,899,サンプル0507,,サンプル1178,,サンプル1718,,,,,,,,,, ,2023-09-19 00:00:00,1102.3,23.99,21.6505530084459,14.5,
,29,963.0,900,,,サンプル1179,,サンプル1719,,20230904,1.0,H0006,202301011546H1546,,,,, ,20230904,946.0,22.25,23.0345699786334,14.6,
,29,964.0,901,サンプル0508,,サンプル1180,,サンプル1720,,,,,,,,,, ,2023-09-03 00:00:00,1107.1,25.1,21.5353282812069,14.2,
,29,965.0,902,サンプル0509,,サンプル1181,,サンプル1721,,,,,,,,,, ,2023-09-19 00:00:00,1053.6,22.13,21.3189505028856,14.8,
,29,966.0,903,サンプル0510,,サンプル1182,,サンプル1722,,,,,,,,,, ,2023-09-19 00:00:00,990.1,24.72,21.7212399237505,15.1,
,29,967.0,904,サンプル0511,,サンプル1183,,サンプル1723,,,,,,,,,, ,2023-09-21 00:00:00,1044.6,22.83,23.3071077807002,16.1,
,29,968.0,905,サンプル0512,,サンプル1184,,サンプル1724,,,,,,,,,, ,2023-09-21 00:00:00,984.7,22.03,23.337968002068,15.4,
,29,969.0,906,サンプル0513,,サンプル1185,,サンプル1725,,,,,,,,,, ,2023-09-20 00:00:00,1101.1,23.33,22.2294289284128,14.5,
,29,970.0,907,,,サンプル1186,,サンプル1726,,20230819,1.0,H0006,202301011547H1547,,,,, ,20230819,950.3,23.35,21.9860801233305,13.9,
,29,971.0,908,サンプル0514,,サンプル1187,,サンプル1727,,,,,,,,,, ,2023-09-19 00:00:00,1008.7,22.36,25.0841172006843,13.5,
,29,972.0,909,サンプル0515,,サンプル1188,,サンプル1728,,,,,,,,,, ,2023-09-20 00:00:00,1001.4,22.11,21.755234632799,15.0,
,29,973.0,910,サンプル0516,,サンプル1189,,サンプル1729,,,,,,,,,, ,2023-09-20 00:00:00,1008.7,24.82,21.4622258388781,15.2,
,29,974.0,911,,,サンプル1190,,サンプル1730,,20230819,1.0,H0011,202301011548H1548,,,,, ,20230819,1080.5,23.65,22.1487612663391,15.4,
,29,975.0,912,,,サンプル1191,,サンプル1731,,20230819,1.0,H0005,202301011549H1549,,,,, ,20230819,1083.3,22.82,20.886601195317,14.6,
,29,976.0,913,サンプル0517,,サンプル1192,,サンプル1732,,20230904,1.0,H0006,202301011550H1550,,,,, ,20230904,1032.3,23.01,22.2501922926567,14.3,
,29,977.0,914,,,サンプル1193,,サンプル1733,,20230904,1.0,H0006,202301011551H1551,,,,, ,20230904,1036.3,22.32,20.9861248893215,14.3,
,29,978.0,915,,,サンプル1194,,サンプル1734,,20230819,1.0,H0004,202301011552H1552,,,,, ,20230819,1085.6,21.88,22.5268591214821,14.9,
,29,979.0,916,サンプル0518,,サンプル1195,,サンプル1735,,,,,,,,,, ,2023-09-05 00:00:00,977.8,21.69,24.3928262573342,12.9,
,29,980.0,917,,,サンプル1196,,サンプル1736,,20230819,1.0,H0007,202301011553H1553,,,,, ,20230819,1127.5,23.3,20.6414444580856,13.1,
,29,981.0,918,,,サンプル1197,,サンプル1737,,20230819,1.0,H0003,202301011554H1554,,,,, ,20230819,1071.8,24.87,22.3819878571218,12.6,
,29,982.0,919,,,サンプル1198,,サンプル1738,,20230819,1.0,H0008,202301011555H1555,,,,, ,20230819,1176.4,23.38,24.4479598956002,14.0,
,29,983.0,920,サンプル0519,,サンプル1199,,サンプル1739,,,,,,,,,, ,2023-09-05 00:00:00,1032.4,22.28,21.5280629317284,14.2,
,29,984.0,921,,,サンプル1200,,サンプル1740,,20230819,1.0,H0010,202301011556H1556,,,,, ,20230819,986.7,23.88,21.1192829655838,15.2,
,29,985.0,922,,,サンプル1201,,サンプル1741,,20230819,1.0,H0002,202301011557H1557,,,,, ,20230819,1015.5,23.64,21.3897136830739,14.4,
,29,986.0,923,,,サンプル1202,,サンプル1742,,20230819,1.0,H0015,202301011558H1558,,,,, ,20230819,1120.5,23.42,21.2498546124474,14.7,
,29,987.0,924,,,,,サンプル1743,,20230819,1.0,H0004,202301011559H1559,,,,, ,20230819,1097.2,23.17,22.6765270277403,14.2,
,29,988.0,925,,,サンプル1203,,サンプル1744,,20230819,1.0,H0009,202301011560H1560,,,,, ,20230819,1047.0,24.33,23.7607864129254,14.0,
,29,989.0,926,サンプル0520,,サンプル1204,,サンプル1745,,,,,,,,,, ,2023-09-05 00:00:00,1115.1,22.86,21.9504675119676,13.6,
,29,990.0,927,,,サンプル1205,,サンプル1746,,20230119,1.0,H0012,202301011561H1561,,,,, ,20230119,1062.4,22.65,22.8822586981392,14.5,
,29,991.0,928,サンプル0521,,サンプル1206,,サンプル1747,,,,,,,,,, ,2023-09-07 00:00:00,1079.5,23.24,24.6805539875285,14.3,
,29,992.0,929,,,,,サンプル1748,,20230819,1.0,H0004,202301011562H1562,,,,, ,20230819,1160.9,23.51,22.1315651715643,13.6,
,29,993.0,930,,,サンプル1207,,サンプル1749,,20230819,1.0,H0016,202301011563H1563,,,,, ,20230819,1064.4,23.19,24.1188028903462,13.9,
,29,994.0,931,,,サンプル1208,,サンプル1750,,20230819,1.0,H0005,202301011564H1564,,,,, ,20230819,1026.2,21.78,22.1562367928049,13.6,
,29,995.0,932,,,,,サンプル1751,,20230819,1.0,H0004,202301011565H1565,,,,, ,20230819,1058.2,23.56,23.5539582126871,13.7,
,29,996.0,933,,,サンプル1209,,サンプル1752,,20230819,1.0,H0013,202301011566H1566,,,,, ,20230819,988.9,24.15,22.2391317244999,15.2,
,29,997.0,934,,,サンプル1210,,サンプル1753,,,,,,,,,, ,2023-09-06 00:00:00,1065.6,22.65,22.6921929661311,14.6,
,29,998.0,935,サンプル0522,,サンプル1211,,サンプル1754,,,,,,,,,, ,2023-09-09 00:00:00,1064.2,22.72,22.1338886726325,14.7,
,29,999.0,936,,,サンプル1212,,サンプル1755,,,,,,,,,, ,2023-09-06 00:00:00,1115.2,23.59,22.4771004411913,13.7,
,29,1000.0,937,サンプル0523,,サンプル1213,,サンプル1756,,,,,,,,,, ,2023-09-09 00:00:00,1013.9,23.39,22.8696132070362,13.9,
,29,1001.0,938,サンプル0524,,サンプル1214,,サンプル1757,,,,,,,,,, ,2023-09-06 00:00:00,1048.6,24.03,25.4804947668887,15.2,
,29,1002.0,939,,,サンプル1215,,サンプル1758,,20230819,1.0,H0014,202301011567H1567,,,,, ,20230819,1032.4,23.97,23.0797949909228,13.8,
,29,1003.0,940,サンプル0525,,,,,,20230923,1.0,H0048,202301011568H1568,,,,, ,20230923,1092.2,23.4,22.1466908739129,13.9,
,29,1004.0,941,サンプル0526,,,,,,20230915,1.0,H0023,202301011569H1569,,,,, ,20230915,1053.6,24.52,21.8626523501007,14.8,
,29,1005.0,942,サンプル0527,,,,,,20230918,1.0,H0033,202301011570H1570,,,,, ,20230918,1051.8,21.83,23.9401673098648,15.2,
,29,1006.0,943,サンプル0528,,,,,,20230919,1.0,H0040,202301011571H1571,,,,, ,20230919,1028.9,24.93,24.458800942135,15.2,
,29,1007.0,944,サンプル0529,,,,,,20230920,1.0,H0044,202301011572H1572,,,,, ,20230920,1068.6,23.39,21.6446852484932,14.5,
,29,1008.0,945,サンプル0530,,,,,,20230924,1.0,H0049,202301011573H1573,,,,, ,20230924,1000.7,22.42,22.4965631705396,13.9,
,29,1009.0,946,サンプル0531,,,,,,20230923,1.0,H0047,202301011574H1574,,,,, ,20230923,1120.6,23.93,21.2098060781906,14.6,
,29,,947,,,,,,,,,,,,,,, ,,,,,,
,29,,948,,,,,,,,,,,,,,, ,,,,,,
,29,1010.0,949,サンプル0532,,,,,,20230917,1.0,H0005,202301011575H1575,,,,, ,20230917,952.7,23.76,21.6957398701002,14.2,
,29,1011.0,950,サンプル0533,,,,,,20230917,1.0,H0005,202301011576H1576,,,,, ,20230917,1016.8,24.53,22.8175237430352,14.9,
,29,1012.0,951,サンプル0534,,,,,,20230920,1.0,H0012,202301011577H1577,,,,, ,20230920,1098.1,22.94,22.7130376936875,15.7,
,29,1013.0,952,サンプル0535,,,,,,20230903,1.0,H0002,202301011578H1578,,,,, ,20230903,1022.2,23.72,22.3151575846621,13.1,
,29,1014.0,953,サンプル0536,,,,,,20230926,1.0,H0015,202301011579H1579,,,,, ,20230926,1203.2,23.33,22.2713585517018,14.4,
,29,1015.0,954,,,,,,,20230818,1.0,H0002,202301011580H1580,,,,, ,20230818,1054.6,22.65,20.5322640796379,13.2,
,29,1016.0,955,サンプル0537,サンプル0856,,,サンプル1759,,,,,,,,,, ,,1088.0,24.52,24.207889810767,14.4,
,29,1017.0,956,サンプル0538,サンプル0857,,,サンプル1760,,,,,,,,,, ,,1006.5,24.21,23.0916943452864,14.1,
,-,,957,,,,,,,,,,,,,,, ,,,,,,
,-,,958,,,,,,,,,,,,,,, ,,,,,,
,-,,959,,,,,,,,,,,,,,, ,,,,,,
,-,,960,,,,,,,,,,,,,,, ,,,,,,
,-,,961,,,,,,,,,,,,,,, ,,,,,,
,-,,962,,,,,,,,,,,,,,, ,,,,,,
,-,,963,,,,,,,,,,,,,,, ,,,,,,
,-,,964,,,,,,,,,,,,,,, ,,,,,,
,-,,965,,,,,,,,,,,,,,, ,,,,,,
,-,,966,,,,,,,,,,,,,,, ,,,,,,
,-,,967,,,,,,,,,,,,,,, ,,,,,,
,-,,968,,,,,,,,,,,,,,, ,,,,,,
,-,,969,,,,,,,,,,,,,,, ,,,,,,
,-,,970,,,,,,,,,,,,,,, ,,,,,,
,-,,971,,,,,,,,,,,,,,, ,,,,,,
,-,,972,,,,,,,,,,,,,,, ,,,,,,
,-,,973,,,,,,,,,,,,,,, ,,,,,,
,-,,974,,,,,,,,,,,,,,, ,,,,,,
,-,,975,,,,,,,,,,,,,,, ,,,,,,
,-,,976,,,,,,,,,,,,,,, ,,,,,,
,-,,977,,,,,,,,,,,,,,, ,,,,,,
,-,,978,,,,,,,,,,,,,,, ,,,,,,
,-,,979,,,,,,,,,,,,,,, ,,,,,,
,-,,980,,,,,,,,,,,,,,, ,,,,,,
,-,,981,,,,,,,,,,,,,,, ,,,,,,
,-,,982,,,,,,,,,,,,,,, ,,,,,,
,31,767.0,983,,,,,,,20230913,1.0,H0003,202301011581H1581,,,,, ,20230913,1071.3,22.45,23.2139878782064,14.5,
,31,768.0,984,,,,,,,20230921,1.0,H0010,202301011582H1582,,,,, ,20230921,1067.0,21.66,23.6348257225477,14.0,
,31,769.0,985,,,,,,,20230924,1.0,H0013,202301011583H1583,,,,, ,20230924,1053.1,24.18,20.6171023606782,14.5,
,31,770.0,986,,,,,,,20230926,1.0,H0015,202301011584H1584,,,,, ,20230926,1132.8,23.71,23.2028015393941,15.9,
,31,771.0,987,,,,,,,20230916,1.0,H0005,202301011585H1585,,,,, ,20230916,1020.5,22.87,22.7396440104588,14.1,
,31,772.0,988,,,,,,,20231002,1.0,H0019,202301011586H1586,,,,, ,20231002,995.1,24.12,22.7714727720361,12.3,
,31,773.0,989,,,,,,,20230930,,,20230930,,,,, ,20230930,1047.4,23.66,21.1019589654584,13.5,
,31,774.0,990,,,,,,,20230920,1.0,H0008,202301011587H1587,,,,, ,20230920,988.4,24.99,22.2156167459216,13.9,
,31,775.0,991,,,,,,,20230927,1.0,H0016,202301011588H1588,,,,, ,20230927,967.9,24.11,22.7482297250485,15.2,
,31,776.0,992,,,,,,,20230925,1.0,H0014,202301011589H1589,,,,, ,20230925,1101.3,21.77,22.2408227178265,15.2,
,31,777.0,993,,,,,,,20230922,1.0,H0011,202301011590H1590,,,,, ,20230922,1068.4,23.4,22.2398420954644,14.0,
,31,778.0,994,,,,,,,20230919,1.0,H0007,202301011591H1591,,,,, ,20230919,950.2,23.95,20.7816889501688,14.5,
,31,779.0,995,,,,,,,20231005,1.0,H0022,202301011592H1592,,,,, ,20231005,1067.6,25.59,22.5689104747624,14.3,
,31,780.0,996,,,,,,,20231007,1.0,H0023,202301011593H1593,,,,, ,20231007,1077.2,21.83,21.3350371508559,13.4,
,31,781.0,997,,,,,,,20231003,1.0,H0020,202301011594H1594,,,,, ,20231003,1011.4,23.13,21.9744750853518,14.4,
,31,782.0,998,,,,,,,20230913,1.0,H0004,202301011595H1595,,,,, ,20230913,1024.0,21.62,23.2003647807773,14.6,
,31,783.0,999,,,,,,,20231001,1.0,H0018,202301011596H1596,,,,, ,20231001,1078.2,24.76,21.3464585722688,13.6,
,31,784.0,1000,,,,,,,20231004,1.0,H0021,202301011597H1597,,,,, ,20231004,1011.6,23.01,20.2724459674375,14.5,
,31,785.0,1001,,,,,,,20230918,1.0,H0006,202301011598H1598,,,,, ,20230918,1075.7,24.24,21.7566611259798,15.1,
,31,786.0,1002,,,,,,,20230923,1.0,H0012,202301011599H1599,,,,, ,20230923,1059.5,23.3,21.846927621917,13.1,
,31,787.0,1003,,,サンプル1216,,サンプル1761,,,,,,,,,, ,2023-09-22 00:00:00,1006.7,23.5,23.7307506098978,14.5,
,31,,1004,,,,,,,,,,,,,,, ,,,,,,
,31,788.0,1005,,,サンプル1217,,,,,,,,,,,, ,2023-09-15 00:00:00,982.9,22.89,21.2789005360817,15.1,
,31,789.0,1006,,,サンプル1218,,サンプル1762,,,,,,,,,, ,2023-09-23 00:00:00,1017.9,23.3,21.58700989015,13.5,
,31,790.0,1007,,,サンプル1219,,サンプル1763,,,,,,,,,, ,2023-09-18 00:00:00,1010.7,25.04,21.3833447433874,14.1,
,31,791.0,1008,,,サンプル1220,,サンプル1764,,,,,,,,,, ,2023-10-17 00:00:00,947.6,24.43,22.5603584913692,14.4,
,31,792.0,1009,,,サンプル1221,,サンプル1765,,,,,,,,,, ,2023-09-19 00:00:00,981.9,23.59,22.7975532224937,15.1,
,31,793.0,1010,,,サンプル1222,,サンプル1766,,,,,,,,,, ,2023-09-26 00:00:00,1034.4,20.48,20.9802115239897,15.7,
,31,794.0,1011,,,サンプル1223,,サンプル1767,,,,,,,,,, ,2023-09-24 00:00:00,1013.5,21.43,21.6950961932497,14.5,
,31,795.0,1012,,,サンプル1224,,サンプル1768,,,,,,,,,, ,2023-10-04 00:00:00,997.0,23.0,21.6336316345934,15.2,
,32,796.0,1013,,,サンプル1225,,サンプル1769,,,,,,,,,, ,2023-09-25 00:00:00,993.6,22.9,22.057153531794,14.2,
,32,797.0,1014,,,サンプル1226,,サンプル1770,,,,,,,,,, ,2023-09-29 00:00:00,1075.2,22.8,23.8356034327813,14.1,
,32,798.0,1015,,,サンプル1227,,サンプル1771,,,,,,,,,, ,2023-10-01 00:00:00,1150.9,21.57,23.1728352847154,15.1,
,32,799.0,1016,,,サンプル1228,,サンプル1772,,,,,,,,,, ,2023-10-11 00:00:00,988.1,23.6,23.2852738882852,15.5,
,32,,1017,,,,,,,,,,,,,,, ,,,,,,
,32,800.0,1018,サンプル0539,,サンプル1229,,サンプル1773,,,,H0015,H0015,,,,, ,2023-10-04 00:00:00,1052.4,22.94,21.4244216445841,13.8,
,32,801.0,1019,サンプル0540,,サンプル1230,,サンプル1774,サンプル1924,,,H0021,H0021,,,,, ,2023-10-24 00:00:00,1109.3,21.91,21.219656087997,13.6,
,32,802.0,1020,サンプル0541,,サンプル1231,,サンプル1775,サンプル1925,,,H0022,H0022,,,,, ,2023-10-26 00:00:00,930.0,22.58,19.8396049116604,15.5,
,32,803.0,1021,サンプル0542,,サンプル1232,,サンプル1776,,,,H0019,H0019,,,,, ,2023-10-18 00:00:00,1044.1,24.48,20.4278197722098,12.8,
,32,804.0,1022,サンプル0543,,サンプル1233,,サンプル1777,サンプル1926,,,H0023,H0023,,,,, ,2023-10-27 00:00:00,1018.7,21.99,23.5073981548811,14.2,
,32,805.0,1023,サンプル0544,,,,サンプル1778,,,,,,,,,, ,,1057.1,22.55,22.2657167581755,13.9,
,32,806.0,1024,サンプル0545,,,,サンプル1779,,,,,,,,,, ,,1066.3,24.18,21.9748529311942,15.3,
,32,807.0,1025,サンプル0546,,,,サンプル1780,,,,,,,,,, ,,1113.9,22.4,21.1607428930685,14.4,
,32,808.0,1026,サンプル0547,,サンプル1234,,サンプル1781,,,,,,,,,, ,2023-10-20 00:00:00,1091.6,24.6,22.4371566126183,14.7,
,32,809.0,1027,サンプル0548,,サンプル1235,,サンプル1782,,,,,,,,,, ,2023-10-08 00:00:00,1091.9,23.96,20.426597142912,14.5,
,32,,1028,,,,,,,,,,,,,,, ,,,,,,
,32,810.0,1029,サンプル0549,,サンプル1236,,サンプル1783,,,,,,,,,, ,2023-09-22 00:00:00,1050.9,24.21,22.2990745667957,14.7,
,32,,1030,,,,,,,,,,,,,,, ,,,,,,
,32,811.0,1031,,,サンプル1237,,サンプル1784,,,,,,,,,, ,2023-09-09 00:00:00,1106.3,23.08,21.9972675555682,13.6,
,32,812.0,1032,,,サンプル1238,,サンプル1785,,,,,,,,,, ,2023-09-10 00:00:00,1043.9,23.94,20.3842978828005,14.0,
,32,,1033,,,,,,,,,,,,,,, ,,,,,,
,32,813.0,1034,サンプル0550,,サンプル1239,,,,,,,,,,,, ,2023-09-25 00:00:00,1108.5,25.1,22.4665600106914,13.8,
,32,814.0,1035,サンプル0551,サンプル0858,,,サンプル1786,,,,,,,,,, ,,1158.2,23.73,20.6745112217269,14.4,
,32,815.0,1036,,,サンプル1240,,サンプル1787,,,,,,,,,, ,2023-09-05 00:00:00,1103.1,24.26,21.4191064099085,15.9,
,32,,1037,,,サンプル1241,,サンプル1788,,,,,,,,,, ,2023-09-05 00:00:00,,,,,
,32,816.0,1038,,,サンプル1242,,サンプル1789,,,,,,,,,, ,2023-09-06 00:00:00,1054.9,21.08,22.3626897634012,15.0,
,32,817.0,1039,,,サンプル1243,,サンプル1790,,,,,,,,,, ,2023-09-05 00:00:00,1091.1,24.9,22.7237801051581,14.1,
,32,818.0,1040,サンプル0552,,サンプル1244,,サンプル1791,,,,,,,,,, ,2023-09-09 00:00:00,1065.1,21.03,22.2728030914477,15.2,
,32,819.0,1041,,,,,,,,,,,,,,, ,,1198.5,24.46,21.0785467082934,13.5,
,32,820.0,1042,,,サンプル1245,,サンプル1792,,,,,,,,,, ,2023-09-06 00:00:00,1024.0,26.51,23.1905309863648,15.0,
,32,821.0,1043,サンプル0553,,,,,,,,,,,,,, ,,1093.5,22.68,21.5377952461809,14.6,
,32,822.0,1044,サンプル0554,,サンプル1246,,サンプル1793,サンプル1927,,,,,,,,, ,20230902,1033.7,22.81,23.2286251943888,14.6,
,32,823.0,1045,サンプル0555,サンプル0859,サンプル1247,,サンプル1794,サンプル1928,,,,,,,,, ,20230902,1051.7,23.87,23.5262612469956,13.4,
,32,824.0,1046,サンプル0556,,サンプル1248,,サンプル1795,サンプル1929,,,,,,,,, ,20230831,1064.3,22.84,23.6486935286273,14.0,
,32,825.0,1047,サンプル0557,,サンプル1249,,サンプル1796,サンプル1930,,,,,,,,, ,20230903,1050.7,23.8,22.7168561355433,15.3,
,32,826.0,1048,サンプル0558,,サンプル1250,,サンプル1797,,,,,,,,,, ,20230826,1072.4,25.24,21.6582251859666,13.2,
,32,827.0,1049,サンプル0559,,サンプル1251,,サンプル1798,,,,,,,,,, ,20230826,1006.4,25.12,21.4916567496088,14.0,
,32,828.0,1050,サンプル0560,,サンプル1252,,サンプル1799,サンプル1931,,,,,,,,, ,20230902,976.8,21.78,21.3678902974168,14.6,
,32,829.0,1051,サンプル0561,サンプル0860,サンプル1253,,サンプル1800,,,,,,,,,, ,20230901,930.0,22.16,23.0451848419469,15.7,
,32,830.0,1052,サンプル0562,サンプル0861,サンプル1254,,サンプル1801,,,,,,,,,, ,20230903,1059.1,23.32,23.7039540617936,15.2,
,32,831.0,1053,サンプル0563,,サンプル1255,,サンプル1802,,,,,,,,,, ,20230827,1100.4,23.1,22.9689755745864,15.3,
,32,832.0,1054,サンプル0564,,サンプル1256,,サンプル1803,サンプル1932,,,,,,,,, ,20230831,1061.3,24.86,20.8666092469775,14.0,
,32,833.0,1055,サンプル0565,,サンプル1257,,サンプル1804,,,,,,,,,, ,20230825,1080.7,22.47,22.487833544438,14.5,
,32,834.0,1056,サンプル0566,サンプル0862,サンプル1258,,サンプル1805,,,,,,,,,, ,20230903,1054.4,22.13,22.9773434351876,13.8,
,32,835.0,1057,サンプル0567,,サンプル1259,,サンプル1806,サンプル1933,,,,,,,,, ,20230901,1136.2,24.42,21.0988592014552,14.1,
,32,,1058,,,,,,,,,,,,,,, ,,,,,,
,32,,1059,,,,,,,,,,,,,,, ,,,,,,
,32,836.0,1060,サンプル0568,,サンプル1260,,サンプル1807,サンプル1934,,,,,,,,, ,20230830,1125.0,22.8,20.9058964229679,15.3,
,32,837.0,1061,サンプル0569,,サンプル1261,,サンプル1808,サンプル1935,,,,,,,,, ,20230901,959.1,22.18,19.7285338192977,14.4,
,32,838.0,1062,サンプル0570,,サンプル1262,,サンプル1809,サンプル1936,,,,,,,,, ,20230902,1156.8,23.17,21.5170978624278,14.1,
,33,839.0,1063,サンプル0571,サンプル0863,サンプル1263,,サンプル1810,サンプル1937,,,,,,,,, ,20230909,1028.2,23.61,24.2551581894706,13.7,
,33,840.0,1064,サンプル0572,サンプル0864,サンプル1264,,サンプル1811,,,,,,,,,, ,20230905,1034.9,21.26,24.5212239366125,15.2,
,33,841.0,1065,サンプル0573,サンプル0865,サンプル1265,,サンプル1812,,,,,,,,,, ,20230830,1028.9,23.7,22.927634243761,14.8,
,33,842.0,1066,サンプル0574,サンプル0866,サンプル1266,,サンプル1813,,,,,,,,,, ,20230829,1106.3,24.02,22.5473467884775,14.1,
,33,843.0,1067,サンプル0575,,,,サンプル1814,,20231025,1.0,H0103,202301011600H1600,,,,, ,20231025,1039.2,24.66,23.7286179050209,13.5,
,33,844.0,1068,サンプル0576,サンプル0867,サンプル1267,,サンプル1815,サンプル1938,,,,,,,,, ,20230911,984.8,25.47,21.6512097271588,14.9,
,33,,1069,,,,,,,,,,,,,,, ,,,,,,
,33,845.0,1070,サンプル0577,サンプル0868,サンプル1268,,サンプル1816,,,,,,,,,, ,20230905,969.6,22.83,23.1540335978565,15.0,
,33,,1071,,,,,,,,,,,,,,, ,,,,,,
,33,846.0,1072,サンプル0578,サンプル0869,サンプル1269,,サンプル1817,サンプル1939,,,,,,,,, ,20230907,1038.3,25.45,23.3120282006065,15.3,
,33,847.0,1073,サンプル0579,サンプル0870,サンプル1270,,サンプル1818,サンプル1940,,,,,,,,, ,20230907,1102.5,23.74,24.8562120589453,14.3,
,33,848.0,1074,サンプル0580,,サンプル1271,,サンプル1819,サンプル1941,,,,,,,,, ,20230902,1045.6,21.1,21.580962999846,15.4,
,33,849.0,1075,サンプル0581,サンプル0871,サンプル1272,,サンプル1820,サンプル1942,,,,,,,,, ,20230907,1120.0,24.14,20.8047774551107,14.9,
,33,850.0,1076,サンプル0582,サンプル0872,サンプル1273,,サンプル1821,サンプル1943,,,,,,,,, ,20230906,1031.5,23.84,23.74623665645,13.4,
,33,851.0,1077,サンプル0583,サンプル0873,サンプル1274,,サンプル1822,サンプル1944,,,,,,,,, ,20230912,1037.6,24.32,21.3928932961224,14.1,
,33,852.0,1078,サンプル0584,サンプル0874,サンプル1275,,サンプル1823,サンプル1945,,,,,,,,, ,20230912,977.5,23.01,25.322931663353,15.4,
,33,853.0,1079,サンプル0585,サンプル0875,サンプル1276,,サンプル1824,サンプル1946,,,,,,,,, ,20230912,1000.4,23.4,21.5189781443477,14.5,
,33,854.0,1080,サンプル0586,,サンプル1277,,サンプル1825,,,,,,,,,, ,20230922,1070.0,24.37,21.7136063731635,13.9,
,33,855.0,1081,サンプル0587,サンプル0876,サンプル1278,,サンプル1826,サンプル1947,,,,,,,,, ,20230910,1060.0,23.55,21.4701664995464,14.4,
,33,856.0,1082,サンプル0588,サンプル0877,サンプル1279,,サンプル1827,サンプル1948,,,,,,,,, ,20230906,1033.8,23.03,22.619958601443,15.1,
,33,857.0,1083,サンプル0589,サンプル0878,サンプル1280,,サンプル1828,サンプル1949,,,,,,,,, ,20230913,1080.7,23.79,22.7621650991922,14.6,
,33,858.0,1084,サンプル0590,サンプル0879,サンプル1281,,サンプル1829,サンプル1950,,,,,,,,, ,20230911,1051.1,22.26,21.981371281527,14.2,
,33,859.0,1085,サンプル0591,サンプル0880,サンプル1282,,サンプル1830,サンプル1951,,,,,,,,, ,20230910,1070.6,21.65,21.4160349366946,13.1,
,33,860.0,1086,サンプル0592,サンプル0881,,,サンプル1831,,20230919,1.0,H0034,202301011601H1601,,,,, ,20230919,1043.7,25.48,22.5967466377267,15.5,
,33,861.0,1087,サンプル0593,サンプル0882,サンプル1283,,サンプル1832,サンプル1952,,,,,,,,, ,20230911,976.9,23.62,22.1523219682941,13.7,
,33,862.0,1088,サンプル0594,,サンプル1284,,サンプル1833,サンプル1953,,,,,,,,, ,20230902,1039.4,20.99,22.4492434172663,15.1,
,33,863.0,1089,サンプル0595,サンプル0883,サンプル1285,,サンプル1834,,,,,,,,,, ,20230905,1102.5,22.56,22.9998120373275,13.2,
,33,864.0,1090,サンプル0596,サンプル0884,サンプル1286,,サンプル1835,サンプル1954,,,,,,,,, ,20230913,1042.2,24.81,22.2956477195883,13.9,
,33,865.0,1091,サンプル0597,サンプル0885,サンプル1287,,サンプル1836,サンプル1955,,,,,,,,, ,20230910,1112.5,22.49,22.5641864852868,13.7,
,33,866.0,1092,サンプル0598,,サンプル1288,,サンプル1837,サンプル1956,,,,,,,,, ,20230903,1070.7,22.96,21.9094180287869,14.9,
,33,867.0,1093,サンプル0599,サンプル0886,サンプル1289,,サンプル1838,,,,,,,,,, ,20230903,1064.0,23.01,21.7772809651417,13.9,
,33,,1094,,,,,,,,,,,,,,, ,,,,,,
,33,868.0,1095,サンプル0600,,サンプル1290,,サンプル1839,サンプル1957,,,,,,,,, ,20230902,1017.4,23.9,23.4186782942506,15.6,
,33,869.0,1096,サンプル0601,,サンプル1291,,サンプル1840,サンプル1958,,,,,,,,, ,20230831,1026.1,22.31,19.9226118317502,14.4,
,33,870.0,1097,サンプル0602,,サンプル1292,,サンプル1841,サンプル1959,,,,,,,,, ,20230831,1120.0,25.56,23.1564782725471,13.7,
,33,871.0,1098,サンプル0603,,,,サンプル1842,サンプル1960,,,,,,,,, ,,1070.3,21.6,21.6174475904017,14.1,
,33,872.0,1099,サンプル0604,サンプル0887,,,サンプル1843,,20230916,1.0,H0027,202301011602H1602,,,,, ,20230916,991.4,22.4,21.5594838918554,13.6,
,33,873.0,1100,サンプル0605,サンプル0888,,,サンプル1844,,20230917,1.0,H0028,202301011603H1603,,,,, ,20230917,1099.5,23.6,22.4299886656981,14.9,
,33,874.0,1101,サンプル0606,サンプル0889,,,サンプル1845,,20230917,1.0,H0029,202301011604H1604,,,,, ,20230917,1002.9,24.14,20.2857037133776,14.8,
,33,875.0,1102,サンプル0607,サンプル0890,,,サンプル1846,,20230917,1.0,H0030,202301011605H1605,,,,, ,20230917,1044.4,23.37,21.8835970999467,14.5,
,33,876.0,1103,サンプル0608,サンプル0891,,,サンプル1847,,20230918,1.0,H0031,202301011606H1606,,,,, ,20230918,1009.2,24.58,21.8977464313608,13.6,
,33,877.0,1104,サンプル0609,サンプル0892,,,サンプル1848,,20230918,1.0,H0032,202301011607H1607,,,,, ,20230918,1139.5,22.42,22.8511797328551,12.8,
,33,878.0,1105,サンプル0610,サンプル0893,,,サンプル1849,,20230918,1.0,H0033,202301011608H1608,,,,, ,20230918,1100.9,23.81,21.4617686587849,14.1,
,33,879.0,1106,サンプル0611,サンプル0894,,,サンプル1850,,20230919,1.0,H0035,202301011609H1609,,,,, ,20230919,1041.4,22.38,23.9029220493525,14.1,
,33,880.0,1107,サンプル0612,サンプル0895,,,サンプル1851,,20230920,1.0,H0036,202301011610H1610,,,,, ,20230920,1084.1,21.55,21.8231805244285,13.6,
,33,881.0,1108,サンプル0613,サンプル0896,,,サンプル1852,,20230920,1.0,H0037,202301011611H1611,,,,, ,20230920,981.5,22.68,21.8614210441072,13.7,
,33,882.0,1109,サンプル0614,サンプル0897,,,サンプル1853,,20230921,1.0,H0038,202301011612H1612,,,,, ,20230921,1085.1,24.05,21.5026494956138,14.1,
,33,883.0,1110,サンプル0615,サンプル0898,,,サンプル1854,,20230922,1.0,H0039,202301011613H1613,,,,, ,20230922,978.4,22.32,23.059167085722,14.9,
,33,884.0,1111,サンプル0616,サンプル0899,,,サンプル1855,,20230923,1.0,H0040,202301011614H1614,,,,, ,20230923,1056.9,24.11,21.1886523474676,12.8,
,33,885.0,1112,サンプル0617,サンプル0900,,,サンプル1856,,20230923,1.0,H0041,202301011615H1615,,,,, ,20230923,1098.6,23.87,20.025611864272,14.0,
,33,886.0,1113,サンプル0618,サンプル0901,,,サンプル1857,,20230924,1.0,H0042,202301011616H1616,,,,, ,20230924,1119.5,23.78,22.7737838165484,15.0,
,33,887.0,1114,サンプル0619,サンプル0902,,,サンプル1858,,20230924,1.0,H0042,202301011617H1617,,,,, ,20230924,1066.8,23.36,21.5579424740506,12.8,
,33,888.0,1115,サンプル0620,サンプル0903,,,サンプル1859,,20230924,1.0,H0043,202301011618H1618,,,,, ,20230924,1029.6,21.31,21.8771545238885,14.2,
,33,889.0,1116,サンプル0621,サンプル0904,,,サンプル1860,,20230925,1.0,H0044,202301011619H1619,,,,, ,20230925,963.2,23.81,19.4444444444445,14.3,
,33,890.0,1117,,,,,サンプル1861,サンプル1961,20231007,1.0,H0072,202301011620H1620,,,,, ,20231007,1067.0,23.28,21.1000559570882,14.4,
,33,891.0,1118,,,,,サンプル1862,サンプル1962,20231007,1.0,H0072,202301011621H1621,,,,, ,20231007,1048.2,24.02,21.9958974541495,15.6,
,33,892.0,1119,,,,,サンプル1863,サンプル1963,20231007,1.0,H0071,202301011622H1622,,,,, ,20231007,1025.6,23.92,21.9478311866466,14.3,
,33,893.0,1120,,,,,サンプル1864,サンプル1964,20231008,1.0,H0073,202301011623H1623,,,,, ,20231008,1096.0,24.51,22.475481896692,13.8,
,33,,1121,,,,,,,,,,,,,,, ,,,,,14.0,
,33,894.0,1122,,,,,サンプル1865,サンプル1965,20231010,1.0,H0075,202301011624H1624,,,,, ,20231010,1054.8,24.45,22.9955080216733,14.4,
,33,895.0,1123,,,,,サンプル1866,サンプル1966,20231011,1.0,H0076,202301011625H1625,,,,, ,20231011,1064.6,24.36,22.3603406777134,13.7,
,33,896.0,1124,,,,,サンプル1867,サンプル1967,20231011,1.0,H0077,202301011626H1626,,,,, ,20231011,1057.7,24.11,22.2329906031293,13.2,
,33,897.0,1125,,,,,サンプル1868,サンプル1968,20231011,1.0,H0078,202301011627H1627,,,,, ,20231011,1063.0,24.49,21.733750139997,13.8,
,34,898.0,1126,,,,,サンプル1869,サンプル1969,20231012,1.0,H0079,202301011628H1628,,,,, ,20231012,998.7,21.8,21.0300000708402,14.1,
,34,899.0,1127,サンプル0622,,,,サンプル1870,サンプル1970,20231012,1.0,H0080,202301011629H1629,,,,, ,20231012,1099.2,22.47,23.2361315644522,15.5,
,34,,1128,,,,,,,,,,,,,,, ,,,,,,
,34,900.0,1129,サンプル0623,,,,サンプル1871,サンプル1971,20231012,1.0,H0081,202301011630H1630,,,,, ,20231012,1036.3,25.36,21.4006196930043,13.9,
,34,901.0,1130,サンプル0624,,,,サンプル1872,,20231014,1.0,H0082,202301011631H1631,,,,, ,20231014,1053.4,22.62,21.3603670345557,13.4,
,34,902.0,1131,サンプル0625,,,,サンプル1873,,20231014,1.0,H0083,202301011632H1632,,,,, ,20231014,1024.6,23.45,22.7826375897685,15.3,
,34,903.0,1132,サンプル0626,,,,サンプル1874,,20231014,1.0,H0084,202301011633H1633,,,,, ,20231014,1052.3,22.99,24.5453079906606,14.6,
,34,904.0,1133,サンプル0627,,,,サンプル1875,,20231014,1.0,H0085,202301011634H1634,,,,, ,20231014,1003.3,22.3,23.9110702466634,14.9,
,34,905.0,1134,サンプル0628,,,,サンプル1876,,20231016,1.0,H0086,202301011635H1635,,,,, ,20231016,1072.1,24.64,25.4804947668887,14.7,
,34,906.0,1135,サンプル0629,,,,サンプル1877,,20231016,1.0,H0087,202301011636H1636,,,,, ,20231016,1019.7,24.35,23.6665575638817,13.8,
,34,907.0,1136,サンプル0630,,,,サンプル1878,,20231016,1.0,H0088,202301011637H1637,,,,, ,20231016,1040.5,23.63,21.4464749714601,14.5,
,34,908.0,1137,サンプル0631,,,,サンプル1879,,20231017,1.0,H0089,202301011638H1638,,,,, ,20231017,1104.8,23.2,22.3212423055088,13.6,
,34,909.0,1138,サンプル0632,,,,サンプル1880,,20231017,1.0,H0090,202301011639H1639,,,,, ,20231017,976.6,21.83,20.3845938388399,14.7,
,34,910.0,1139,サンプル0633,,,,サンプル1881,,20231017,1.0,H0091,202301011640H1640,,,,, ,20231017,1077.4,23.1,20.9710035293119,15.2,
,34,911.0,1140,サンプル0634,,,,サンプル1882,,20231017,1.0,H0091,202301011641H1641,,,,, ,20231017,1064.3,25.84,23.9327918443841,16.1,
,34,912.0,1141,サンプル0635,,,,サンプル1883,,20231017,1.0,H0092,202301011642H1642,,,,, ,20231017,1104.9,23.23,22.2273195137229,13.7,
,34,913.0,1142,サンプル0636,,,,サンプル1884,,20231019,1.0,H0093,202301011643H1643,,,,, ,20231019,974.6,23.69,20.6344429268534,15.2,
,34,914.0,1143,サンプル0637,,,,サンプル1885,,20231020,1.0,H0094,202301011644H1644,,,,, ,20231020,1024.6,21.75,23.2923547717344,14.9,
,34,915.0,1144,サンプル0638,,,,サンプル1886,,20231020,1.0,H0095,202301011645H1645,,,,, ,20231020,1056.6,21.92,24.0571778947622,13.5,
,34,916.0,1145,サンプル0639,,,,サンプル1887,,20231020,1.0,H0096,202301011646H1646,,,,, ,20231020,996.5,24.56,21.1266213742721,14.5,
,34,917.0,1146,サンプル0640,,,,サンプル1888,,20231021,1.0,H0097,202301011647H1647,,,,, ,20231021,1087.7,21.42,24.6043154854717,15.3,
,34,918.0,1147,サンプル0641,,,,サンプル1889,,20231021,1.0,H0098,202301011648H1648,,,,, ,20231021,1089.4,22.73,22.0546652238978,13.9,
,34,919.0,1148,サンプル0642,,,,サンプル1890,,20231021,1.0,H0099,202301011649H1649,,,,, ,20231021,1055.7,23.68,22.3903182113509,14.6,
,34,920.0,1149,サンプル0643,,,,サンプル1891,,20231023,1.0,H0100,202301011650H1650,,,,, ,20231023,1068.9,22.76,24.5193129795893,14.2,
,34,921.0,1150,サンプル0644,,,,サンプル1892,,20231023,1.0,H0100,202301011651H1651,,,,, ,20231023,978.6,23.44,20.9271277023622,14.6,
,34,922.0,1151,サンプル0645,,,,サンプル1893,,20231024,1.0,H0101,202301011652H1652,,,,, ,20231024,998.9,22.48,22.4315497439588,13.8,
,34,923.0,1152,サンプル0646,,,,サンプル1894,,20231024,1.0,H0102,202301011653H1653,,,,, ,20231024,979.3,24.5,21.7413890052257,14.4,
,34,924.0,1153,サンプル0647,,,,サンプル1895,,20231025,1.0,H0103,202301011654H1654,,,,, ,20231025,1098.1,22.85,21.3766137148255,14.7,
,35,1018.0,1154,,,,,,,,,,,123.0,1030.0,200.0,1343.0,01231030 02001343,20231030,1087.8,23.13,22.831333988801,13.9,
,35,1019.0,1155,,,,,,,,,,,123.0,1030.0,300.0,1343.0,01231030 03001343,20231030,1048.7,23.68,20.7609551550446,13.7,
,35,1020.0,1156,,,,,,,,,,,123.0,1030.0,100.0,1343.0,01231030 01001343,20231030,1068.1,23.29,23.2095764555518,14.3,
,35,1021.0,1157,,,,,,,,,,,123.0,1031.0,300.0,1345.0,01231031 03001345,20231031,1002.0,22.86,22.7841308492438,14.0,
,35,,1158,,,,,,,,,,,,,,, ,,,,,,
,35,1022.0,1159,,,,,,,,,,,123.0,1031.0,100.0,1343.0,01231031 01001343,20231031,1063.7,23.61,22.9370667689917,13.8,
,35,1023.0,1160,,,,,,,,,,,123.0,1101.0,100.0,1345.0,01231101 01001345,20231101,1006.4,20.54,23.8928555170654,15.0,
,35,1024.0,1161,,,,,,,,,,,123.0,1101.0,100.0,1346.0,01231101 01001346,20231101,1049.8,23.54,21.5061122114212,14.5,
,35,1025.0,1162,,,,,,,,,,,123.0,1101.0,200.0,1345.0,01231101 02001345,20231101,1049.7,22.45,22.6543006673564,13.3,
,35,1026.0,1163,,,,,,,,,,,123.0,1101.0,200.0,1346.0,01231101 02001346,20231101,1014.8,22.33,21.7605949793777,15.4,
,35,1027.0,1164,,,,,,,,,,,123.0,1101.0,300.0,1345.0,01231101 03001345,20231101,1031.9,22.88,23.2889605099963,13.7,
,35,1028.0,1165,,,,,,,,,,,123.0,1101.0,300.0,1346.0,01231101 03001346,20231101,1086.3,22.56,22.1400677771951,14.1,
,35,1029.0,1166,,,,,,,,,,,123.0,1102.0,100.0,1345.0,01231102 01001345,20231102,1041.7,23.82,22.8695972654445,15.1,
,35,1030.0,1167,,,,,,,,,,,123.0,1102.0,100.0,1346.0,01231102 01001346,20231102,1047.6,22.11,22.9813112187478,13.8,
,35,1031.0,1168,サンプル0648,,,,サンプル1896,,,,,,123.0,1102.0,400.0,1343.0,01231102 04001343,20231102,1116.6,22.52,22.0084523378868,15.8,
,35,1032.0,1169,サンプル0649,,,,サンプル1897,,,,,,123.0,1102.0,500.0,1343.0,01231102 05001343,20231102,1044.0,23.45,22.5303817111076,12.7,
,35,1033.0,1170,サンプル0650,,,,サンプル1898,,,,,,123.0,1102.0,600.0,1343.0,01231102 06001343,20231102,1058.1,23.69,23.4420449403129,12.3,
,36,1034.0,1171,,,,,,,,,,,123.0,1103.0,200.0,1345.0,01231103 02001345,20231103,1010.9,23.08,22.0471896613731,14.5,
,36,1035.0,1172,,,,,,,,,,,123.0,1103.0,200.0,1346.0,01231103 02001346,20231103,1086.2,20.65,21.7966739261738,13.3,
,36,1036.0,1173,,,,,,,,,,,123.0,1103.0,300.0,1345.0,01231103 03001345,20231103,976.6,21.66,21.9237707860209,14.4,
,36,1037.0,1174,,,,,,,,,,,123.0,1103.0,300.0,1346.0,01231103 03001346,20231103,975.0,23.4,21.1211215630589,13.7,
,36,1038.0,1175,サンプル0651,,,,サンプル1899,,,,,,123.0,1103.0,400.0,1343.0,01231103 04001343,20231103,1000.0,24.5,23.7820271645224,14.1,
,36,1039.0,1176,サンプル0652,,,,サンプル1900,,,,,,123.0,1103.0,500.0,1343.0,01231103 05001343,20231103,967.5,20.77,22.7533837111269,14.5,
,36,1040.0,1177,サンプル0653,,,,サンプル1901,,,,,,123.0,1103.0,600.0,1343.0,01231103 06001343,20231103,1117.7,23.0,21.0469068858045,14.4,
,36,1041.0,1178,,,,,,,,,,,123.0,1104.0,100.0,1345.0,01231104 01001345,20231104,1041.8,24.89,22.2412982225642,14.1,
,36,1042.0,1179,,,,,,,,,,,123.0,1104.0,100.0,1346.0,01231104 01001346,20231104,1107.9,23.49,21.2920106718503,14.0,
,36,1043.0,1180,,,,,,,,,,,123.0,1104.0,200.0,1345.0,01231104 02001345,20231104,987.6,21.88,23.2222354572414,14.2,
,36,1044.0,1181,,,,,,,,,,,123.0,1104.0,200.0,1346.0,01231104 02001346,20231104,988.9,24.18,22.6073460310191,13.8,
,36,1045.0,1182,サンプル0654,,,,サンプル1902,,,,,,123.0,1104.0,400.0,1343.0,01231104 04001343,20231104,1050.2,22.99,20.9231658020302,15.2,
,36,1046.0,1183,サンプル0655,,,,サンプル1903,,,,,,123.0,1104.0,500.0,1343.0,01231104 05001343,20231104,1050.7,23.38,22.6553707420409,13.6,
,36,1047.0,1184,サンプル0656,,,,サンプル1904,,,,,,123.0,1104.0,600.0,1343.0,01231104 06001343,20231104,1001.3,23.34,22.5117184335786,14.5,
,36,1048.0,1185,,,,,,,,,,,123.0,1105.0,100.0,1345.0,01231105 01001345,20231105,967.6,23.61,22.8544005253884,14.6,
,36,1049.0,1186,,,,,,,,,,,123.0,1105.0,100.0,1346.0,01231105 01001346,20231105,1036.4,22.99,23.6582851661915,13.1,
,36,1050.0,1187,,,,,,,,,,,123.0,1105.0,200.0,1345.0,01231105 02001345,20231105,1077.1,23.14,22.7868393025963,14.6,
,36,1051.0,1188,,,,,,,,,,,123.0,1105.0,200.0,1346.0,01231105 02001346,20231105,1044.7,23.39,23.0950875717718,15.1,
,37,1052.0,1189,,,,,,,,,,,123.0,1105.0,300.0,1345.0,01231105 03001345,20231105,1072.5,21.8,23.5492453704696,14.2,
,37,1053.0,1190,,,,,,,,,,,123.0,1105.0,300.0,1346.0,01231105 03001346,20231105,1054.8,23.21,20.6007098880177,14.8,
,37,1054.0,1191,サンプル0657,,,,サンプル1905,,,,,,123.0,1105.0,400.0,1343.0,01231105 04001343,20231105,1064.1,21.5,23.9745717959115,14.3,
,37,1055.0,1192,サンプル0658,,,,サンプル1906,,,,,,123.0,1105.0,500.0,1343.0,01231105 05001343,20231105,1073.4,23.97,22.9846999834329,14.4,
,37,1056.0,1193,サンプル0659,,,,サンプル1907,,,,,,123.0,1105.0,600.0,1343.0,01231105 06001343,20231105,1065.7,22.92,20.0703492590821,14.9,
,37,1057.0,1194,,,,,,,,,,,123.0,1106.0,300.0,1345.0,01231106 03001345,20231106,1003.4,24.59,23.324572835835,14.2,
,37,,1195,,,,,,,,,,,,,,, ,,,,,,
,37,1058.0,1196,サンプル0660,,,,サンプル1908,,,,,,123.0,1106.0,400.0,1360.0,01231106 04001360,20231106,1054.7,24.22,24.0212340278282,13.2,
,37,1059.0,1197,サンプル0661,,,,サンプル1909,,,,,,123.0,1106.0,500.0,1360.0,01231106 05001360,20231106,1089.8,24.99,23.9870176801988,14.4,
,37,1060.0,1198,サンプル0662,,,,サンプル1910,,,,,,123.0,1106.0,600.0,1360.0,01231106 06001360,20231106,1060.3,23.17,21.3679236888655,13.1,
,37,1061.0,1199,サンプル0663,,,,サンプル1911,,,,,,123.0,1107.0,400.0,1360.0,01231107 04001360,20231107,1049.6,23.21,22.079218119495,14.0,
,37,1062.0,1200,サンプル0664,,,,サンプル1912,,,,,,123.0,1107.0,500.0,1360.0,01231107 05001360,20231107,1093.3,24.04,21.2313939582707,13.8,
,37,1063.0,1201,サンプル0665,,,,サンプル1913,,,,,,123.0,1107.0,500.0,1360.0,01231107 05001360,20231107,1096.3,24.55,20.7763490471901,14.6,
,37,1064.0,1202,サンプル0666,,,,サンプル1914,,,,,,123.0,1107.0,600.0,1360.0,01231107 06001360,20231107,1055.6,22.21,21.9638716164192,14.0,
,37,1065.0,1203,,,,,,,,,,,123.0,1108.0,100.0,1360.0,01231108 01001360,20231108,1049.8,23.85,21.2794201803854,15.6,
,37,1066.0,1204,サンプル0667,,,,サンプル1915,,,,,,123.0,1108.0,400.0,1360.0,01231108 04001360,20231108,961.2,24.66,23.4018752443739,14.0,
,37,1067.0,1205,サンプル0668,,,,サンプル1916,,,,,,123.0,1108.0,500.0,1360.0,01231108 05001360,20231108,1013.6,22.62,21.8924378754288,13.6,
